user_id,merchant_id,recency_days,frequency,monetary_value,session_failures,payment_friction_index,active_support_tickets,is_deleted,churned
7590-VHVEG,1,3,3,29.85,4,0.6482362669824373,0,False,0
5575-GNVDE,1,26,136,56.95,3,0.20723189907215117,0,False,0
3668-QPYBK,1,58,4,53.85,11,0.22730027893437132,0,True,1
7795-CFOCW,1,25,90,42.3,0,0.21675144151090653,1,False,0
9237-HQITU,1,72,4,70.7,6,0.8554444730294238,0,True,1
9305-CDSKC,1,37,32,99.65,8,0.6703499826785644,0,False,1
1452-KIOVK,1,20,44,89.1,4,0.2654777713254574,0,False,0
6713-OKOMC,1,22,20,29.75,5,0.324589984145772,0,False,0
7892-POOKP,1,87,56,104.8,4,0.6928709220539522,1,True,1
6388-TABGU,1,29,124,56.15,5,0.27488937000837066,0,False,0
9763-GRSKD,1,1,52,49.95,3,0.35824960704975706,0,False,0
7469-LKBCI,1,20,64,18.95,2,0.2872543926822484,0,False,0
8091-TTVAX,1,6,116,100.35,4,0.36242765421657985,0,False,0
0280-XJGEX,1,53,98,103.7,9,0.19082972517475116,0,False,1
5129-JLPIS,1,15,75,105.5,2,0.6321319951214027,1,False,0
3655-SNQYZ,1,26,207,113.25,2,0.3458561369647808,2,False,0
8191-XWSZG,1,26,104,20.65,1,0.21475537239247283,0,False,0
9959-WOFKT,1,14,142,106.7,4,0.2953253714923721,0,False,0
4190-MFLUW,1,32,30,55.2,6,0.321193358940878,1,True,1
4183-MYFRB,1,15,63,90.05,4,0.5218556562492769,0,False,0
8779-QRDMV,1,82,2,39.65,5,0.5599746204964713,0,True,1
1680-VDCWW,1,25,48,19.8,0,0.3684779545418513,0,False,0
1066-JKSGK,1,53,4,20.15,7,0.36393797057154165,0,True,1
3638-WEABW,1,24,116,59.9,2,0.3248071232538294,2,False,0
6322-HRPFA,1,25,98,59.6,2,0.32882185958305077,1,False,0
6865-JZNKO,1,26,90,55.3,3,0.36930533472439964,0,False,0
6467-CHFZW,1,31,141,99.35,10,0.8065630856956634,0,True,1
8665-UTDHZ,1,89,4,30.2,11,0.5188737112870945,0,True,1
5248-YGIJN,1,17,144,90.25,2,0.1362348038920056,2,False,0
8773-HHUOZ,1,62,51,64.7,9,0.2265652299924212,0,False,1
3841-NFECX,1,16,284,96.35,0,0.1262030247561029,2,False,0
4929-XIHVW,1,12,8,95.5,6,0.13473123309723653,0,False,0
6827-IEAUQ,1,15,108,66.15,0,0.3850516278509709,1,False,0
7310-EGVHZ,1,23,3,20.2,0,0.30276608818074696,0,False,0
3413-BMNZE,1,4,3,45.25,3,0.3554826101410897,0,False,0
6234-RAAPL,1,27,144,99.9,1,0.29286975798204723,1,False,0
6047-YHPVI,1,56,10,69.7,13,0.7079479367894301,0,False,1
6572-ADKRS,1,21,184,74.8,5,0.10754763473847484,0,False,0
5380-WJKOV,1,71,136,106.35,11,0.7656843892052725,0,False,1
8168-UQWWF,1,57,33,97.85,11,0.12127974161577439,0,True,1
8865-TNMNX,1,22,30,49.55,4,0.2830489198059498,0,False,0
9489-DEDVP,1,8,140,69.2,2,0.13066096351915463,0,False,0
9867-JCZSP,1,23,34,20.75,1,0.18524430357687052,0,False,0
4671-VJLCL,1,3,126,79.85,1,0.15574523718963842,2,False,0
4080-IIARD,1,8,39,76.2,2,0.7298918928170701,2,False,0
3714-NTNFO,1,18,196,84.5,5,0.7955709171786693,0,False,0
5948-UJZLF,1,10,4,49.25,5,0.2906866923393149,0,False,0
7760-OYPDY,1,81,4,80.65,13,0.6953852958033456,0,False,1
7639-LIAYI,1,20,156,79.75,1,0.37267944886399085,2,False,0
2954-PIBKO,1,17,138,64.15,1,0.32482756839133164,2,False,0
8012-SOUDQ,1,8,172,90.25,4,0.68309887386938,0,False,0
9420-LOJKX,1,80,45,99.1,6,0.22491762755795963,0,False,1
6575-SUVOI,1,11,50,69.5,1,0.3596069013316361,2,False,0
7495-OOKFY,1,50,16,80.65,10,0.2937584165697534,0,True,1
4667-QONEA,1,5,180,74.85,0,0.14068233482240144,1,False,0
1658-BYGOY,1,68,54,95.45,11,0.4428447023496211,0,True,1
8769-KKTPH,1,13,126,99.65,2,0.17321032410573534,0,False,0
5067-XJQFU,1,21,264,108.45,2,0.5308481963366353,1,False,0
3957-SQXML,1,23,102,24.95,1,0.35127035982425703,0,False,0
5954-BDFSG,1,5,288,107.5,0,0.322373367107589,1,False,0
0434-CSFON,1,24,94,100.5,3,0.8089123307401159,0,False,0
1215-FIGMP,1,27,240,89.9,2,0.2677524396239518,0,False,0
0526-SXDJP,1,13,144,42.1,2,0.32432249548239844,0,False,0
0557-ASKVU,1,6,36,54.4,2,0.18258501557278745,2,False,0
5698-BQJOH,1,55,18,94.4,7,0.7197790087199607,0,False,1
5122-CYFXA,1,5,6,75.3,0,0.6810208580665235,1,False,0
8627-ZYGSZ,1,9,188,78.9,2,0.8249546152483003,0,False,0
3410-YOQBQ,1,27,62,79.2,0,0.2609210532625251,2,False,0
3170-NMYVV,1,16,100,20.15,2,0.2947015442785531,0,False,0
7410-OIEDU,1,2,40,79.85,4,0.16091464303146966,0,False,0
2273-QCKXA,1,1,3,49.05,0,0.3210277270379355,1,False,0
0731-EBJQB,1,8,208,20.4,0,0.673872953544538,0,False,0
1891-QRQSA,1,28,256,111.6,2,0.2781213238559249,2,False,0
8028-PNXHQ,1,19,248,24.25,1,0.13470233871225948,0,False,0
5630-AHZIL,1,11,6,64.5,1,0.19385720689358293,2,False,0
2673-CXQEU,1,28,112,110.5,5,0.6912871297222829,0,False,0
6416-JNVRK,1,12,92,55.65,5,0.30314871742085026,0,False,0
5590-ZSKRV,1,12,24,54.65,2,0.19609813235956763,0,False,0
0191-ZHSKZ,1,7,60,74.75,4,0.851649206518324,0,False,0
3887-PBQAO,1,26,135,25.9,2,0.2115369374096211,0,False,0
5919-TMRGD,1,69,2,79.35,7,0.46506816811735113,0,True,1
8108-UXRQN,1,27,44,50.55,3,0.8178836557987612,0,False,0
9191-MYQKX,1,31,14,75.15,8,0.2932669508533124,0,True,1
9919-YLNNG,1,29,126,103.8,0,0.34058694841920933,2,False,0
0318-ZOPWS,1,29,147,20.15,2,0.20466694398006807,0,False,0
4445-ZJNMU,1,22,18,99.3,4,0.10528905764579376,0,False,0
4808-YNLEU,1,28,140,62.15,5,0.12212587709734839,0,False,0
1862-QRWPE,1,26,96,20.65,0,0.1335402342102482,0,False,0
2796-NNUFI,1,9,92,19.95,0,0.34154427344671057,0,False,0
3016-KSVCP,1,7,58,33.75,3,0.1904304263080472,0,False,0
4767-HZZHQ,1,26,120,82.05,2,0.3993695528267389,0,False,0
2424-WVHPL,1,21,3,74.7,1,0.729891940658129,2,False,0
7233-PAHHL,1,24,264,84.0,2,0.28034648592706957,2,False,0
6067-NGCEU,1,15,195,111.05,4,0.3950858235989275,0,False,0
9848-JQJTX,1,2,216,100.9,2,0.19489275649495538,0,False,0
8637-XJIVR,1,43,36,78.95,8,0.48214124464310804,0,False,1
9803-FTJCG,1,20,284,66.85,1,0.3211818908953946,1,False,0
0278-YXOOG,1,77,10,21.05,5,0.1834250136368925,0,True,1
3212-KXOCR,1,12,104,21.0,2,0.3883110784200272,0,False,0
4598-XLKNJ,1,37,50,98.5,7,0.7462163545449225,0,False,1
6380-ARCEH,1,23,2,20.2,2,0.37792131850760613,0,False,0
3679-XASPY,1,22,2,19.45,0,0.709817994613665,0,False,0
7123-WQUHX,1,8,152,95.0,0,0.284696445224908,2,False,0
5386-THSLQ,1,5,264,45.55,5,0.307635594870589,0,False,0
3192-NQECA,1,69,272,110.0,8,0.12827384733180833,2,True,1
6180-YBIQI,1,1,20,24.3,4,0.3289150479186067,0,False,0
6728-DKUCO,1,1,288,104.15,2,0.5808664581353105,0,False,0
9750-BOOHV,1,25,128,30.15,2,0.3520978179113149,0,False,0
8597-CWYHH,1,10,172,94.35,5,0.3884595461833005,0,False,0
2848-YXSMW,1,22,144,19.4,2,0.16371328874964203,0,False,0
0486-HECZI,1,82,165,96.75,8,0.6099643768117603,0,False,1
4549-ZDQYY,1,21,208,57.95,2,0.24516704178036697,2,False,0
5712-AHQNN,1,15,129,91.65,3,0.6498252070221371,0,False,0
4846-WHAFZ,1,54,148,76.5,11,0.7546973735874862,0,True,1
5256-SKJGO,1,22,256,54.6,2,0.6284550360031985,1,False,0
3071-VBYPO,1,6,6,89.85,6,0.6739730917975622,0,False,0
9560-BBZXK,1,3,108,31.05,6,0.15249650577854582,0,False,0
5299-RULOA,1,74,20,100.25,7,0.6682800115767352,0,False,1
8402-OOOHJ,1,16,82,20.65,0,0.28170379476929497,0,False,0
9445-ZUEQE,1,8,81,85.2,2,0.14602951712790796,1,False,0
1091-SOZGA,1,15,112,99.8,4,0.2243281211915643,0,False,0
2928-HLDBA,1,17,24,20.7,2,0.3557589157928642,0,False,0
0404-SWRVG,1,30,12,74.4,9,0.8154921013593325,0,False,1
6497-TILVL,1,22,28,50.7,4,0.29962905327320555,0,False,0
7219-TLZHO,1,26,16,20.85,2,0.3765823125958734,0,False,0
4622-YNKIJ,1,13,132,88.95,1,0.5966382003736648,1,False,0
4412-YLTKF,1,53,54,78.05,10,0.8220100692252813,0,True,1
6734-PSBAW,1,6,144,23.55,1,0.11005194975421405,0,False,0
3930-ZGWVE,1,17,4,19.75,0,0.25817778204133046,0,False,0
2639-UGMAZ,1,16,284,56.45,4,0.5879116457518049,0,False,0
2876-GZYZC,1,14,26,85.95,4,0.6549313207809897,0,False,0
6207-WIOLX,1,40,75,58.6,9,0.16526308962925323,0,True,1
8587-XYZSF,1,6,134,50.55,0,0.10345901101994165,2,False,0
3091-FYHKI,1,46,2,35.45,9,0.5589476084702496,0,False,1
2372-HWUHI,1,37,4,44.35,12,0.5553785700492934,0,True,1
7799-LGRDP,1,14,86,25.7,0,0.18702777075632473,0,False,0
7850-VWJUU,1,15,46,75.0,4,0.2931243075000095,0,False,0
3774-VBNXY,1,8,192,20.2,0,0.1884109529849698,0,False,0
6217-KDYWC,1,29,228,19.6,0,0.17373796819636983,0,False,0
0390-DCFDQ,1,34,4,70.45,10,0.14664869892110188,0,True,1
3146-MSEGF,1,22,216,88.05,0,0.14055168222535552,2,False,0
4080-OGPJL,1,68,32,71.15,7,0.6771026048612954,2,False,1
1095-WGNGG,1,27,244,101.05,4,0.3044521068830415,0,False,0
2636-SJDOU,1,13,256,84.3,6,0.2358199617206907,0,False,0
1131-QQZEB,1,17,213,23.95,1,0.13708092971435515,0,False,0
5716-EZXZN,1,21,195,99.05,0,0.29432688985645794,1,False,0
6837-BJYDQ,1,24,12,19.6,1,0.26713656949649145,0,False,0
2135-RXIHG,1,37,4,45.65,9,0.6793071915309021,0,True,1
6440-DKQGE,1,28,120,64.5,2,0.19901406313780406,0,False,0
3466-BYAVD,1,6,30,69.5,2,0.15494586734504262,2,False,0
3780-YVMFA,1,5,16,68.55,1,0.6354107612841668,2,False,0
3874-EQOEP,1,77,14,95.0,12,0.20163150834060983,0,True,1
1679-JRFBR,1,26,210,108.15,5,0.11248933723103659,0,False,0
9073-ZZIAY,1,17,248,86.1,2,0.5894807024116674,1,False,0
3077-RSNTJ,1,23,18,19.7,1,0.2804721787854808,0,False,0
6551-GNYDG,1,25,42,80.9,4,0.3824962825878673,0,False,0
9167-APMXZ,1,2,66,84.15,4,0.28774844298332114,0,False,0
2749-CTKAJ,1,26,88,20.15,1,0.28722281405676997,0,False,0
6371-NZYEG,1,15,32,64.25,2,0.21232444168108172,0,False,0
7554-NEWDD,1,5,40,25.7,2,0.13999514688431527,0,False,0
8992-VONJD,1,26,52,56.0,4,0.5389072307204447,0,False,0
0867-MKZVY,1,64,60,82.4,8,0.7048396201360199,0,True,1
4482-EWFMI,1,6,6,69.7,4,0.7762176261633664,0,False,0
4648-YPBTM,1,6,159,73.9,1,0.3478260321686293,1,False,0
2907-ILJBN,1,27,22,20.6,1,0.17677842762043647,0,False,0
6345-FZOQH,1,18,138,19.9,0,0.17236602256836625,0,False,0
3376-BMGFE,1,43,8,70.9,11,0.26958995893135546,0,True,1
5997-OPVFA,1,4,288,89.05,1,0.26980455494032884,2,False,0
3445-HXXGF,1,30,174,45.3,13,0.5081378879847951,0,False,1
1159-WFSGR,1,25,64,20.4,0,0.6138576956225754,0,False,0
7654-YWJUF,1,14,86,84.25,0,0.2037636549923185,2,False,0
1875-QIVME,1,84,6,104.4,7,0.7553426134096095,2,False,1
6727-IOTLZ,1,13,28,81.95,0,0.18731341410166052,1,False,0
0691-JVSYA,1,68,159,94.85,9,0.27768753762147297,0,True,1
5918-VUKWP,1,12,96,20.55,0,0.330493012371077,0,False,0
1744-JHKYS,1,23,136,24.7,2,0.7234744687394998,0,False,0
2656-FMOKZ,1,44,60,74.45,8,0.3733204169415272,0,False,1
2070-FNEXE,1,44,14,76.45,8,0.25106162419823574,0,False,1
5947-SGKCL,1,11,60,105.35,4,0.24650472499528545,0,False,0
3712-PKXZA,1,15,244,20.55,1,0.23131000178072467,0,False,0
6317-YPKDH,1,89,4,29.95,10,0.10832517939659153,0,False,1
6582-OIVSP,1,3,3,45.3,3,0.14978634924587853,0,False,0
9367-WXLCH,1,80,32,84.5,8,0.11775672649121674,0,True,1
5524-KHNJP,1,3,66,74.75,2,0.3089065254325963,0,False,0
1918-ZBFQJ,1,68,39,79.25,7,0.5607658060007037,0,False,1
1024-GUALD,1,78,3,24.8,12,0.48743549719828355,0,False,1
4827-USJHP,1,4,80,51.8,4,0.30717252329616107,0,False,0
8167-GJLRN,1,3,9,30.4,0,0.6021442377668383,1,False,0
0956-SYCWG,1,26,26,19.65,2,0.6598326205940803,0,False,0
8017-UVSZU,1,16,80,56.6,4,0.27995023532847074,0,False,0
7100-FQPRV,1,12,129,71.9,1,0.14846186798418523,2,False,0
2472-OVKUP,1,52,24,91.0,10,0.45193715234560194,0,True,1
2984-RGEYA,1,24,276,19.75,2,0.34514229106811123,0,False,0
9680-NIAUV,1,29,216,109.7,2,0.16474269968975983,0,False,0
2146-EGVDT,1,29,118,19.3,2,0.2627587721422549,0,False,0
2604-IJPDU,1,17,60,96.55,2,0.6700067463472217,2,False,0
9178-JHUVJ,1,7,96,24.1,0,0.3763157621309543,0,False,0
6168-YBYNP,1,11,236,111.35,2,0.6511301948039638,2,False,0
7255-SSFBC,1,18,216,112.25,2,0.27400506561614524,1,False,0
3645-DEYGF,1,1,2,20.75,1,0.19585151011474383,0,False,0
9323-HGFWY,1,3,81,101.9,2,0.38760841053059847,1,False,0
8544-GOQSH,1,4,28,80.05,1,0.2837121447217704,2,False,0
3363-DTIVD,1,13,142,105.55,6,0.431525461034004,0,False,0
7018-WBJNK,1,6,39,78.3,5,0.266824679120489,0,False,0
9142-KZXOP,1,26,132,68.85,4,0.2091596164915604,0,False,0
7674-YTAFD,1,14,66,79.95,1,0.10963366128964967,2,False,0
6348-SNFUS,1,5,144,55.45,0,0.22946493565212536,1,False,0
1285-OKIPP,1,74,2,79.9,11,0.7994583532055786,0,True,1
7825-ECJRF,1,86,38,106.6,6,0.6609273013272148,1,False,1
1347-KTTTA,1,15,256,102.45,2,0.2918377258419984,2,False,0
7841-TZDMQ,1,35,6,46.0,8,0.2919224397160951,0,True,1
4195-NZGTA,1,8,2,25.25,5,0.6196427569361653,0,False,0
7157-SMCFK,1,27,183,19.75,2,0.21627885837057265,0,False,0
4709-LKHYG,1,16,58,20.0,0,0.5448194402809878,0,False,0
2504-DSHIH,1,28,69,86.8,2,0.5036688982728037,0,False,0
0699-NDKJM,1,16,171,58.75,5,0.14626673815867633,0,False,0
9286-BHDQG,1,4,144,45.25,1,0.3852430638344655,1,False,0
0230-WEQUW,1,13,132,56.6,0,0.352725014736463,1,False,0
2040-LDIWQ,1,26,195,84.2,2,0.1825325312169709,2,False,0
6496-JDSSB,1,28,24,80.0,4,0.220357584677735,0,False,0
9408-SSNVZ,1,57,12,70.15,10,0.8073343051847091,0,False,1
4443-EMBNA,1,2,284,24.75,0,0.17513334386607315,0,False,0
6469-MRVET,1,3,2,20.2,2,0.6088938459322353,0,False,0
0742-MOABM,1,62,16,50.05,7,0.10662393521662138,1,False,1
5961-VUSRV,1,8,48,19.35,1,0.285920450905842,0,False,0
6778-JFCMK,1,24,48,50.6,5,0.3790220794523186,0,False,0
6341-JVQGF,1,15,62,81.15,2,0.3654230154520067,1,False,0
2232-DMLXU,1,86,4,55.2,11,0.25059076618826004,0,True,1
4811-JBUVU,1,9,60,89.9,2,0.2948925916831498,2,False,0
0945-TSONX,1,7,141,85.3,1,0.2709394582039857,2,False,0
2651-ZCBXV,1,13,162,108.0,1,0.12009227324625266,1,False,0
3316-UWXUY,1,2,200,93.5,1,0.14761704606302378,2,False,0
8937-RDTHP,1,68,4,84.6,13,0.389145194430928,0,True,1
7083-MIOPC,1,7,144,20.25,1,0.17679060906150199,0,False,0
1984-GPTEH,1,24,58,25.15,2,0.5809924273819203,0,False,0
1251-KRREG,1,56,8,54.4,8,0.2526832923863522,0,False,1
0621-JFHOL,1,19,40,29.6,2,0.39373963881800245,2,False,0
9903-LYSAB,1,7,54,73.15,5,0.7969295890108807,0,False,0
0094-OIFMO,1,62,33,95.0,8,0.6725520137006797,0,True,1
9227-UAQFT,1,29,32,19.75,0,0.25731999173225784,0,False,0
7301-ABVAD,1,25,216,86.6,0,0.31020232437836714,2,False,0
6614-FHDBO,1,16,144,109.2,1,0.299204767158504,1,False,0
7576-ASEJU,1,3,82,74.7,2,0.3708522676782947,1,False,0
9058-HRZSV,1,10,130,94.4,5,0.7310885258961206,0,False,0
4522-AKYLR,1,6,39,54.8,5,0.5800789072636398,0,False,0
0221-WMXNQ,1,18,16,75.35,3,0.7365814221684179,0,False,0
0303-UNCIP,1,18,164,65.0,5,0.3399350004060455,0,False,0
9947-OTFQU,1,61,45,74.4,12,0.6503221607937641,0,False,1
0322-YINQP,1,53,4,48.55,8,0.17103759935693671,0,True,1
0959-WHOKV,1,29,84,99.0,3,0.6925581258471072,0,False,0
4075-JFPGR,1,7,204,93.5,3,0.6069836956708967,0,False,0
4629-NRXKX,1,78,6,70.4,11,0.6053403361859578,0,False,1
9514-JDSKI,1,78,4,40.2,9,0.6858743839550308,0,False,1
3282-ZISZV,1,11,64,83.7,2,0.24432130686920608,2,False,0
3675-YDUPJ,1,13,20,19.85,2,0.32300698215869683,0,False,0
4111-BNXIF,1,23,201,59.55,2,0.7322070319394827,1,False,0
7017-VFHAY,1,5,183,115.1,1,0.19443540398759956,1,False,0
6655-LHBYW,1,6,150,114.35,2,0.12880030131831297,2,False,0
4959-JOSRX,1,32,4,44.6,10,0.3784784561612774,0,True,1
5046-NUHWD,1,26,116,45.0,6,0.8202739636833115,0,False,0
7273-TEFQD,1,66,12,41.15,10,0.8060692945231699,0,True,1
3606-TWKGI,1,78,39,106.9,10,0.8006576277990924,0,True,1
7529-ZDFXI,1,12,228,89.85,5,0.5983294876257309,0,False,0
7605-BDWDC,1,4,124,49.85,1,0.3692190358367351,2,False,0
1950-KSVVJ,1,29,135,113.3,2,0.33751045383911504,2,False,0
0123-CRBRT,1,23,183,88.1,2,0.3448032525473388,1,False,0
6292-TOSSS,1,6,100,24.9,0,0.19286514189983994,0,False,0
3197-ARFOY,1,10,38,105.0,1,0.2270374820207195,1,False,0
6323-AYBRX,1,57,118,19.35,5,0.3120406792369776,0,False,1
7014-ZZXAW,1,15,142,24.25,1,0.21131869096232617,0,False,0
4385-GZQXV,1,52,64,94.45,5,0.6455084408120986,1,True,1
7633-MVPUY,1,26,228,59.75,1,0.688761192008753,1,False,0
6366-ZGQGL,1,61,2,24.8,10,0.23132752047528435,0,False,1
4716-HHKQH,1,5,40,107.05,1,0.6906581137569408,1,False,0
5940-AHUHD,1,30,3,70.6,10,0.1348836516653545,0,False,1
6432-TWQLB,1,48,20,85.4,3,0.7878910538836813,2,True,1
4484-GLZOU,1,31,208,105.05,9,0.6069188392682902,0,False,1
3179-GBRWV,1,16,42,64.95,3,0.38135189647855783,0,False,0
8645-KWHJO,1,24,56,55.0,2,0.5320695112056479,2,False,0
4130-MZLCC,1,27,15,50.55,6,0.33862970831184136,0,False,0
0314-TKOSI,1,3,18,55.15,5,0.25642509343260284,0,False,0
8229-MYEJZ,1,10,40,51.2,4,0.5280333071273695,0,False,0
2080-SRCDE,1,11,2,25.4,2,0.27477605631732993,0,False,0
9577-WJVCQ,1,11,272,54.45,3,0.373653321064771,0,False,0
9512-UIBFX,1,33,54,95.15,9,0.1471703213313712,0,True,1
6202-DYYFX,1,4,44,76.0,2,0.19639208480824955,0,False,0
3808-HFKDE,1,4,80,44.35,6,0.7310834514636808,0,False,0
5583-SXDAG,1,85,2,70.0,9,0.6712967750052125,0,False,1
3488-PGMQJ,1,88,16,74.5,7,0.8173839872980553,0,True,1
3580-REOAC,1,46,30,44.85,6,0.21325007944253968,0,True,1
7534-BFESC,1,67,48,76.1,8,0.608957092604092,0,False,1
3727-OWVYD,1,22,140,61.2,4,0.1671750293110198,0,False,0
2294-SALNE,1,24,46,86.8,1,0.1659117812444945,1,False,0
4847-TAJYI,1,6,12,89.35,4,0.622782057447103,0,False,0
1563-IWQEX,1,3,48,19.7,2,0.23044367905801702,0,False,0
8203-XJZRC,1,22,3,20.25,0,0.2598574606870162,0,False,0
6556-DBKZF,1,1,213,76.05,4,0.5379234566628798,0,False,0
6851-WEFYX,1,20,140,100.8,3,0.719343266650201,0,False,0
2985-JUUBZ,1,22,160,74.55,5,0.7056433778018545,0,False,0
6390-DSAZX,1,45,3,73.6,9,0.14716297702492961,0,False,1
0895-LMRSF,1,23,46,64.9,6,0.12018799375089664,0,False,0
8098-LLAZX,1,38,16,95.45,11,0.5743211452036578,0,False,1
8266-VBFQL,1,13,8,90.4,0,0.549296153990905,1,False,0
8181-YHCMF,1,27,272,60.3,2,0.2497876443912937,1,False,0
2240-HSJQD,1,10,114,81.85,5,0.3580718608008996,0,False,0
1248-DYXUB,1,3,104,24.8,2,0.3708896280672711,0,False,0
0265-EDXBD,1,58,64,74.9,10,0.8212602539554243,0,True,1
4115-BNPJY,1,28,116,75.55,0,0.19856904043621712,1,False,0
3167-SNQPL,1,12,76,101.15,4,0.6852214374301533,0,False,0
4091-TVOCN,1,23,192,78.75,3,0.39623750354649934,0,False,0
1098-TDVUQ,1,14,3,19.25,1,0.3043841889962377,0,False,0
7277-OZCGZ,1,1,44,89.05,2,0.6481075925492521,1,False,0
1557-EMYVT,1,18,172,115.05,1,0.19872404569744107,1,False,0
2799-ARNLO,1,17,10,69.35,2,0.5343982098871352,0,False,0
7563-BIUPC,1,32,20,80.6,7,0.7725400142070475,0,True,1
5027-YOCXN,1,9,204,110.05,0,0.3693937479915037,1,False,0
3973-SKMLN,1,9,284,19.9,0,0.15949213590892278,0,False,0
2321-OMBXY,1,61,114,80.3,8,0.1253210193053388,2,True,1
2840-XANRC,1,36,48,93.15,8,0.6278348450649731,0,True,1
6745-JEFZB,1,19,105,91.5,2,0.17363664478317298,2,False,0
5020-ZSTTY,1,70,216,82.45,4,0.27280980203173105,2,True,1
9880-TDQAC,1,15,288,60.0,2,0.7041223273683856,1,False,0
8705-WZCYL,1,5,3,44.8,6,0.6148585478009072,0,False,0
7102-JJVTX,1,15,27,48.6,3,0.3056353866585966,0,False,0
8626-PTQGE,1,20,138,60.05,1,0.202944176457342,2,False,0
4983-CLMLV,1,23,208,102.7,1,0.29049044189987866,2,False,0
5701-YVSVF,1,25,33,82.9,1,0.6693983394508469,1,False,0
5804-LEPIM,1,40,8,70.35,11,0.5398570511933619,0,False,1
5697-GOMBF,1,2,112,35.9,3,0.6708097708160952,0,False,0
2739-CACDQ,1,13,34,82.65,4,0.21428652871709677,0,False,0
9385-EHGDO,1,24,70,19.85,0,0.20093648330819958,0,False,0
9498-FIMXL,1,16,16,19.2,0,0.1867863241199478,0,False,0
2379-GYFLQ,1,15,138,94.9,2,0.2036935780402867,0,False,0
0122-OAHPZ,1,60,28,73.85,9,0.7849110054251771,0,True,1
2868-SNELZ,1,59,6,80.6,8,0.17355364425175518,0,False,1
4322-RCYMT,1,71,204,75.8,7,0.304596221543893,2,False,1
6680-NENYN,1,64,86,104.6,12,0.6961052692551786,0,False,1
2088-IEBAU,1,25,272,88.15,0,0.5880614324997451,2,False,0
7982-VCELR,1,14,144,94.8,4,0.10885361934847013,0,False,0
1343-EHPYB,1,45,126,103.4,12,0.523668934630408,0,True,1
6035-BXTTY,1,23,128,54.65,2,0.14185086650509132,2,False,0
6885-PKOAM,1,9,142,85.75,0,0.13301345292959968,1,False,0
7520-HQWJU,1,25,198,67.45,5,0.32442557496143,0,False,0
9639-BUJXT,1,14,189,20.5,1,0.1884552150722118,0,False,0
5924-SNGKP,1,3,82,20.25,1,0.2957529320802053,0,False,0
0021-IKXGC,1,20,3,72.1,3,0.5954255799579932,0,False,0
2034-GDRCN,1,31,6,90.4,8,0.5559222096241205,0,False,1
8966-SNIZF,1,2,140,19.45,0,0.17024387040318417,0,False,0
6243-OZGFH,1,10,69,44.95,3,0.5125082542493328,0,False,0
4654-DLAMQ,1,3,256,97.0,2,0.15721533074013985,0,False,0
0513-RBGPE,1,11,111,62.8,2,0.285374806330696,1,False,0
5160-UXJED,1,11,34,44.6,5,0.2988018608970001,0,False,0
4115-NZRKS,1,21,28,89.15,5,0.4544060644506476,0,False,0
0219-YTZUE,1,88,16,84.8,8,0.32234379538442737,0,True,1
0623-IIHUG,1,84,63,41.9,8,0.48621155260050536,0,False,1
4572-DVCGN,1,38,40,80.25,7,0.18487675074986964,0,False,1
3351-NGXYI,1,7,32,54.1,3,0.7152396661925787,0,False,0
8984-EYLLL,1,23,256,105.25,2,0.8570507676034196,2,False,0
9057-MSWCO,1,48,81,30.75,7,0.347426894040527,0,True,1
9833-TGFHX,1,2,126,97.1,2,0.5114149763714919,0,False,0
9294-TDIPC,1,12,20,20.2,2,0.3997802905289559,0,False,0
5229-DTFYB,1,25,82,98.8,2,0.3016466244347105,2,False,0
0104-PPXDV,1,10,116,50.3,4,0.2532005864622112,0,False,0
5176-LMJXE,1,18,141,20.55,1,0.3864524223260307,0,False,0
3583-KRKMD,1,22,54,75.9,1,0.3452141186279781,1,False,0
1010-DIAUQ,1,85,10,96.5,10,0.307522911888621,0,True,1
9069-LGEUL,1,11,92,59.95,3,0.35151917454464,0,False,0
7302-ZHMHP,1,16,4,19.15,0,0.21563997498337786,0,False,0
9571-EDEBV,1,17,284,98.65,5,0.3053315336320641,0,False,0
3520-FJGCV,1,19,288,112.6,1,0.1571740056189304,2,False,0
6563-VRERX,1,18,66,20.6,1,0.39640019058013065,0,False,0
0259-GBZSH,1,37,6,85.65,7,0.6368209469489144,0,True,1
6122-EFVKN,1,21,72,35.75,0,0.3442711742305923,2,False,0
2805-EDJPQ,1,27,224,99.75,2,0.2222019641593102,2,False,0
6862-CQUMB,1,26,74,96.1,4,0.3275766457825543,0,False,0
7156-MXBJE,1,16,86,85.1,2,0.21621546984080817,2,False,0
6158-HDPXZ,1,6,4,25.35,5,0.27700152608817485,0,False,0
9601-BRXPO,1,77,100,104.95,7,0.3334404447058937,1,False,1
2863-IMQDR,1,12,244,89.65,0,0.5603613961930157,2,False,0
5686-CMAWK,1,11,51,86.75,2,0.516121478662499,1,False,0
5651-CRHKQ,1,15,164,86.2,0,0.2634810846928291,2,False,0
6905-NIQIN,1,58,3,50.65,7,0.2001993118264508,0,True,1
8204-YJCLA,1,16,144,64.8,2,0.19275017042669765,1,False,0
5167-ZFFMM,1,75,2,90.85,12,0.18449922687481368,0,False,1
6583-SZVGP,1,12,144,108.1,4,0.16833754654280847,0,False,0
4895-TMWIR,1,31,33,19.95,6,0.35467136876668925,0,True,1
0533-BNWKF,1,83,165,85.45,9,0.6924675342533184,0,True,1
1708-PBBOA,1,4,126,54.75,0,0.7605461128893648,2,False,0
8782-LKFPK,1,7,176,90.4,4,0.10899985382952303,0,False,0
5522-JBWMO,1,22,2,44.0,6,0.6900533317167976,0,False,0
3597-MVHJT,1,2,108,95.6,5,0.2595819523346096,0,False,0
9774-NRNAU,1,26,81,84.8,2,0.32743302636508187,2,False,0
0224-RLWWD,1,27,8,44.3,5,0.5925529859235268,0,False,0
9967-ATRFS,1,27,76,19.9,0,0.11238457446655596,0,False,0
3951-NJCVI,1,27,84,95.05,5,0.6925414069058053,0,False,0
2977-CEBSX,1,15,264,90.05,2,0.233238547758618,2,False,0
0177-PXBAT,1,8,66,109.9,0,0.36221304866357396,2,False,0
6599-CEBNN,1,49,102,73.95,11,0.3214413810464283,0,False,1
2519-ERQOJ,1,15,132,54.6,0,0.5130093688986126,1,False,0
5876-QMYLD,1,23,69,20.05,2,0.31722458793514563,0,False,0
2277-AXSDC,1,14,64,19.75,1,0.24856257983485927,0,False,0
9442-JTWDL,1,8,33,20.05,2,0.15983318567786356,0,False,0
0979-PHULV,1,46,207,99.45,10,0.22596589583206655,0,True,1
3067-SVMTC,1,12,136,55.9,2,0.16676871835259377,2,False,0
5495-GPSRW,1,13,60,19.7,1,0.10149295598151314,0,False,0
7606-BPHHN,1,11,216,19.8,1,0.1740387320767438,0,False,0
4742-DRORA,1,17,180,95.4,3,0.16285639777247513,0,False,0
0111-KLBQG,1,29,128,93.95,4,0.10130107260607046,0,False,0
4800-VHZKI,1,51,3,19.9,6,0.3351776104300654,0,False,1
7989-CHGTL,1,84,2,19.6,9,0.12309548145125566,0,True,1
0334-GDDSO,1,51,12,81.35,8,0.5821801240019548,0,True,1
4163-NCJAK,1,21,184,24.45,2,0.2253649527091195,0,False,0
5233-AOZUF,1,8,58,74.95,3,0.47638375998125615,0,False,0
5973-EJGDP,1,5,153,87.35,2,0.7767859374529105,1,False,0
1996-DBMUS,1,26,192,70.65,5,0.28112008147805756,0,False,0
7916-VCCPB,1,16,64,73.25,4,0.3440539137174508,0,False,0
4686-GEFRM,1,4,280,98.7,1,0.2488421671704851,1,False,0
5249-QYHEX,1,28,120,24.8,0,0.31684357521187395,0,False,0
0578-SKVMF,1,37,88,83.3,9,0.7893739628361962,0,True,1
5564-NEMQO,1,56,2,75.3,10,0.20452162414093047,0,False,1
2233-FAGXV,1,15,15,24.3,0,0.25127915581298366,0,False,0
5605-IYGFG,1,12,14,69.85,3,0.25436106960760196,0,False,0
7663-ZTEGJ,1,5,58,100.55,1,0.3975984448972416,1,False,0
3935-TBRZZ,1,23,176,25.7,1,0.16992974391766394,0,False,0
8111-BKVDS,1,16,40,40.7,5,0.30259225257612365,0,False,0
2055-SIFSS,1,14,220,51.65,5,0.1414689035367077,0,False,0
2806-MLNTI,1,10,104,105.1,5,0.37812205961627443,0,False,0
8734-DKSTZ,1,7,30,85.95,3,0.7041539293873305,0,False,0
4360-PNRQB,1,13,72,75.6,5,0.357823458111841,0,False,0
6152-ONASV,1,20,272,58.25,0,0.36857246330185234,1,False,0
9063-ZGTUY,1,77,122,19.4,4,0.26713297363124433,0,False,1
7781-HVGMK,1,29,216,65.2,0,0.30460218137145956,2,False,0
2181-UAESM,1,5,4,53.45,2,0.7080658122161457,0,False,0
2957-LOLHO,1,64,48,45.4,10,0.23814424705262766,0,True,1
6048-NJXHX,1,3,82,19.75,0,0.5476137298788437,0,False,0
2320-SLKMB,1,15,104,44.45,0,0.15585646569344286,2,False,0
4980-URKXC,1,4,108,20.85,2,0.21517436815036278,0,False,0
4376-KFVRS,1,15,144,114.05,0,0.39722708216366653,1,False,0
5886-VLQVU,1,14,140,89.85,1,0.1809584731355458,1,False,0
3577-AMVUX,1,20,4,55.05,1,0.3287322726028312,1,False,0
0771-WLCLA,1,19,64,112.95,0,0.5221427670550431,2,False,0
5628-RKIFK,1,13,196,101.55,5,0.2402406392222975,0,False,0
0206-TBWLC,1,10,108,114.65,1,0.11752303957514369,1,False,0
2937-FTHUR,1,21,72,64.8,4,0.6927810402840342,0,False,0
1910-FMXJM,1,5,72,80.4,6,0.4937074436789731,0,False,0
7752-XUSCI,1,70,240,105.9,7,0.584567095144519,0,True,1
4110-PFEUZ,1,66,2,69.55,11,0.27595272999366416,0,False,1
0732-OCQOC,1,20,104,25.05,0,0.33935296678910665,0,False,0
5168-MSWXT,1,29,32,94.75,4,0.6263778268187171,0,False,0
1090-ESELR,1,20,288,105.5,0,0.37779974870532207,2,False,0
8592-PLTMQ,1,25,256,24.7,0,0.3349313842223069,0,False,0
5760-WRAHC,1,6,88,69.75,1,0.13979695609668683,1,False,0
8847-GEOOQ,1,4,180,60.2,2,0.1796419564918273,2,False,0
0256-LTHVJ,1,64,112,81.05,12,0.5620719018902928,0,False,1
4785-FCIFB,1,22,244,24.4,2,0.21584020047184221,0,False,0
8313-NDOIA,1,16,96,104.15,4,0.5547648719060714,0,False,0
5149-CUZUJ,1,18,56,92.9,2,0.38378387463461994,1,False,0
0942-KOWSM,1,5,120,80.8,0,0.2566802296845455,1,False,0
4237-CLSMM,1,22,4,20.0,1,0.33430841258288413,0,False,0
1452-VOQCH,1,4,2,75.1,5,0.6480855902125757,0,False,0
4719-UMSIY,1,13,12,19.65,2,0.14594753117764953,0,False,0
6614-VBEGU,1,19,48,69.45,3,0.34325087614787586,0,False,0
0880-TKATG,1,47,12,101.15,9,0.6411680306516838,0,True,1
3811-VBYBZ,1,54,28,99.8,9,0.7696873941074829,0,False,1
1480-BKXGA,1,13,144,116.05,0,0.15095496270758893,2,False,0
2996-XAUVF,1,11,280,40.05,0,0.35547596230453216,2,False,0
9076-AXYIK,1,22,128,102.1,0,0.6742035667397674,1,False,0
5968-XQIVE,1,29,216,89.7,4,0.6106631619231292,0,False,0
8896-RAZCR,1,4,88,19.9,1,0.35506620334678485,0,False,0
4640-UHDOS,1,69,52,55.95,9,0.5215678565479791,0,True,1
4933-IKULF,1,20,68,20.65,0,0.14981024369961635,0,False,0
3583-EKAPL,1,53,3,55.0,11,0.5025272376546788,0,True,1
1304-BCCFO,1,15,36,70.05,2,0.18110767414471124,0,False,0
4104-PVRPS,1,4,96,53.6,0,0.23386813965401587,1,False,0
9399-APLBT,1,76,2,74.7,10,0.8111315140244112,0,True,1
2359-KMGLI,1,51,96,80.25,7,0.6215315182059189,0,True,1
3780-DDGSE,1,19,70,76.05,1,0.7144908818753517,1,False,0
4431-EDMIQ,1,19,21,75.7,1,0.8340188510084552,2,False,0
0306-JAELE,1,56,20,96.1,4,0.6270193592544113,2,True,1
6227-HWPWX,1,71,30,69.0,9,0.37008508408778407,0,True,1
0486-LGCCH,1,20,44,19.65,0,0.3309959890533887,0,False,0
0447-BEMNG,1,55,96,45.3,8,0.25849028954672615,0,True,1
4612-SSVHJ,1,15,60,81.45,3,0.7700981978240562,0,False,0
5168-MQQCA,1,25,144,108.5,0,0.28846734294327486,2,False,0
5949-XIKAE,1,62,32,83.55,7,0.48600536750411216,0,False,1
7971-HLVXI,1,9,144,84.5,5,0.15791624125525314,0,False,0
9094-AZPHK,1,4,60,100.15,5,0.5871553983681771,0,False,0
3649-JPUGY,1,18,216,88.6,2,0.13456849383128255,2,False,0
8372-JUXUI,1,77,2,74.35,7,0.6897153934953704,0,True,1
3552-CTCYF,1,5,252,104.8,2,0.2521381835543265,0,False,0
6778-YSNIH,1,20,8,59.0,4,0.6129459278124625,0,False,0
0388-EOPEX,1,71,8,74.4,11,0.5414670672208207,0,True,1
5756-OZRIO,1,11,122,64.05,5,0.2249601692425559,0,False,0
6579-JPICP,1,5,2,20.4,1,0.19072785609776466,0,False,0
8205-OTCHB,1,64,44,43.75,13,0.1263781513606104,0,True,1
4134-BSXLX,1,26,84,60.9,2,0.3901015885714064,2,False,0
0505-SPOOW,1,4,280,19.8,1,0.17949342881468405,0,False,0
6235-VDHOM,1,53,20,28.45,9,0.6242743819149245,0,False,1
7783-YKGDV,1,42,36,99.7,9,0.12739675054672683,0,False,1
4374-YMUSQ,1,2,102,116.25,2,0.3739507027980318,1,False,0
4513-CXYIX,1,13,142,80.7,2,0.27722543546817313,0,False,0
3957-HHLMR,1,10,140,65.2,5,0.29706160011298366,0,False,0
7803-XOCCZ,1,9,104,84.05,1,0.3345353082006606,1,False,0
5736-YEJAX,1,10,138,79.45,0,0.28177459859952514,2,False,0
5609-CEBID,1,74,40,94.1,9,0.5581255970846948,0,True,1
8981-FJGLA,1,4,22,78.0,3,0.2288747270896458,0,False,0
7218-HKQFK,1,30,6,94.2,5,0.5465767068362453,2,False,1
4636-QRJKY,1,37,18,80.5,8,0.6122254449218432,2,True,1
1135-LMECX,1,3,3,19.85,0,0.22129754850452144,0,False,0
4332-MUOEZ,1,25,80,94.3,2,0.3479599351896543,2,False,0
8535-SFUTN,1,21,244,106.45,3,0.6279931704082826,0,False,0
5956-VKDTT,1,41,10,74.35,10,0.5850589660436833,0,False,1
8677-HDZEE,1,19,168,105.45,2,0.38742588863517247,2,False,0
2475-MROZF,1,21,120,95.0,1,0.3848549841667539,2,False,0
9412-GHEEC,1,44,160,104.8,4,0.39803948947528034,2,False,1
3482-ABPKK,1,27,84,54.3,0,0.2705141738639012,1,False,0
6705-LXORM,1,20,20,70.05,3,0.49365773751830644,0,False,0
0257-ZESQC,1,31,108,75.2,11,0.3640503222211592,0,True,1
7531-GQHME,1,2,36,20.05,2,0.14353449527729217,0,False,0
5174-ITUMV,1,2,268,105.4,3,0.4469627947571726,0,False,0
4109-CYRBD,1,28,87,51.6,4,0.5233936232670879,0,False,0
0913-XWSCN,1,24,220,85.5,3,0.2960256506179279,0,False,0
6825-UYPFK,1,54,69,75.6,5,0.13215971596819676,0,True,1
8397-MVTAZ,1,87,136,100.05,8,0.7735751571997522,0,False,1
0750-EBAIU,1,16,208,91.25,3,0.5103064493884581,0,False,0
8606-CIQUL,1,14,216,115.75,0,0.13313396820154605,1,False,0
3571-DPYUH,1,7,232,94.7,2,0.2303461424999586,2,False,0
7601-GNDYK,1,21,105,19.6,2,0.21375145058497022,0,False,0
0356-OBMAC,1,11,168,99.9,2,0.3969124805192302,1,False,0
8067-NIOYM,1,24,96,21.1,2,0.39005918701561104,0,False,0
1403-GYAFU,1,1,140,20.05,0,0.15690454220668767,0,False,0
4234-XTNEA,1,11,8,79.95,3,0.7720530400163383,0,False,0
1297-VQDRP,1,23,136,107.15,2,0.3076785712035899,1,False,0
9282-IZGQK,1,83,2,85.0,6,0.5724770895739302,0,True,1
5348-CAGXB,1,4,48,89.55,5,0.782328293840147,0,False,0
0621-HJWXJ,1,7,126,81.55,6,0.37004228971196407,0,False,0
5844-QVTAT,1,26,99,58.45,3,0.15404246613969252,0,False,0
8905-IAZPF,1,15,207,95.65,5,0.15879527841329835,0,False,0
5394-MEITZ,1,18,120,80.6,1,0.22261622866829817,1,False,0
6859-QNXIQ,1,12,216,113.1,2,0.15076353140052123,2,False,0
2782-LFZVW,1,17,44,58.95,5,0.20811924571174475,0,False,0
2866-IKBTM,1,1,3,19.55,1,0.29370745811875426,0,False,0
1342-JPNKI,1,73,20,86.05,11,0.3438454376001565,0,False,1
2817-NTQDO,1,34,52,45.55,5,0.19058048130561986,2,False,1
7129-AZJDE,1,1,102,78.95,3,0.18451920514145143,0,False,0
6986-IJDHX,1,33,156,86.3,9,0.3339228893167533,0,True,1
2560-PPCHE,1,28,130,105.05,1,0.21430786780075275,2,False,0
4676-MQUEA,1,21,150,101.9,3,0.3455426103606525,0,False,0
8138-EALND,1,10,60,19.75,2,0.39801409609876404,0,False,0
3580-HYCSP,1,7,288,110.3,4,0.3939006027951152,0,False,0
1352-HNSAW,1,2,216,115.6,0,0.2988060864541867,2,False,0
2075-PUEPR,1,10,220,19.35,1,0.2125639634132352,0,False,0
1982-FEBTD,1,24,92,25.6,2,0.11964695784302881,0,False,0
5301-GAUUY,1,84,64,80.35,11,0.32141218981511827,0,True,1
5791-KAJFD,1,12,112,68.75,2,0.3933901723159733,0,False,0
2654-VBVPB,1,19,2,19.9,2,0.12039533896468844,0,False,0
1154-HYWWO,1,26,76,70.6,1,0.10185031318619205,1,False,0
2501-XWWTZ,1,11,22,70.2,3,0.8441561961763917,0,False,0
3716-UVSPD,1,8,2,49.3,1,0.43645649708273454,1,False,0
6815-ABQFQ,1,18,168,107.25,1,0.48730388419847903,2,False,0
7343-EOBEU,1,11,6,23.6,1,0.3731008204669536,0,False,0
3701-SFMUH,1,11,28,69.7,5,0.12386824350156442,0,False,0
6103-LIANB,1,13,177,99.5,3,0.13420529643262785,0,False,0
7319-VENRZ,1,3,28,64.3,2,0.270872102580908,2,False,0
5846-NEQVZ,1,12,142,70.85,1,0.3270442519099874,1,False,0
6967-QIQRV,1,3,30,101.9,2,0.6021935932913425,2,False,0
5781-RFZRP,1,10,284,73.5,2,0.22617674820711714,2,False,0
0939-YAPAF,1,87,140,100.25,9,0.6907527411314385,0,False,1
0308-IVGOK,1,17,44,40.4,1,0.2516275884492344,1,False,0
7293-LSCDV,1,22,180,19.25,1,0.10558848783331526,0,False,0
7025-WCBNE,1,2,94,59.6,2,0.13407495588165996,2,False,0
5756-JYOJT,1,17,44,64.9,1,0.27448000465762085,2,False,0
4710-FDUIZ,1,82,112,100.3,10,0.33809875290935987,0,False,1
6030-REHUX,1,2,112,110.85,1,0.6789770083195519,2,False,0
9548-LIGTA,1,28,122,81.05,2,0.3220169677880935,1,False,0
5150-LJNSR,1,22,93,98.05,5,0.33138178486244024,0,False,0
8270-RKSAP,1,20,18,70.5,3,0.4781670419569929,0,False,0
6522-YRBXD,1,6,140,94.55,3,0.84535230450155,0,False,0
2640-LYMOV,1,28,4,19.65,1,0.36678493156350245,0,False,0
1218-VKFPE,1,87,36,19.0,4,0.25957719672928425,0,False,1
3627-FHKBK,1,30,3,75.3,9,0.17457829968062963,0,True,1
2865-TCHJW,1,76,8,89.2,7,0.7645695146108223,0,True,1
1423-BMPBQ,1,28,4,19.0,0,0.267365777912586,0,False,0
2393-DIVAI,1,10,9,20.0,0,0.16688716230706313,0,False,0
5192-EBGOV,1,83,3,85.7,11,0.594719229898306,0,True,1
4568-KNYWR,1,1,104,63.25,4,0.33918823483018296,0,False,0
8752-IMQOS,1,13,15,20.1,0,0.34183205942357686,0,False,0
0742-LAFQK,1,24,216,99.15,3,0.4930574565709259,0,False,0
0795-LAFGP,1,9,284,90.4,0,0.5975017034805152,1,False,0
0619-OLYUR,1,22,288,111.9,0,0.3004670081779587,2,False,0
5512-IDZEI,1,10,184,24.9,0,0.6725811879031396,0,False,0
0459-SPZHJ,1,15,126,83.5,3,0.2563651247347647,0,False,0
0215-BQKGS,1,5,90,84.3,6,0.3122577005004942,0,False,0
9244-ZVAPM,1,22,2,45.6,5,0.10632160319707018,0,False,0
0719-SYFRB,1,51,36,61.65,4,0.28252624356561984,1,False,1
8208-EUMTE,1,13,48,54.85,2,0.3885727433309806,2,False,0
5172-MIGPM,1,22,12,65.55,1,0.2983043821098214,2,False,0
1710-RCXUS,1,25,204,90.35,4,0.376682714980096,0,False,0
0374-FIUCA,1,20,130,20.4,0,0.26980283743932215,0,False,0
5839-SUYVZ,1,18,32,74.55,1,0.35301362133277836,1,False,0
5173-ZXXXL,1,11,6,19.95,1,0.13724872247714426,0,False,0
1096-ADRUX,1,27,132,74.25,4,0.13705397886604498,0,False,0
2001-MCUUW,1,9,184,108.65,2,0.4429360079396433,1,False,0
2731-GJRDG,1,16,64,109.55,2,0.24665486561101277,2,False,0
4723-BEGSG,1,2,216,86.65,2,0.19907906825113453,2,False,0
6516-NKQBO,1,26,152,81.0,1,0.3157557561223108,1,False,0
8672-OAUPW,1,25,204,47.85,0,0.3707865742901192,1,False,0
8207-DMRVL,1,2,216,114.55,2,0.2858124485720446,1,False,0
3419-SNJJD,1,34,130,105.25,7,0.1639631668295738,0,True,1
6543-CPZMK,1,76,27,29.95,9,0.780649821578173,0,True,1
4765-OXPPD,1,78,18,65.0,4,0.25835720144139485,2,True,1
2804-ETQDK,1,12,132,20.55,2,0.3159836659407266,0,False,0
6689-VRRTK,1,26,176,109.8,2,0.3671517551305532,0,False,0
7138-GIRSH,1,9,150,69.5,2,0.3969495796296708,1,False,0
9396-ZSFLL,1,10,60,48.85,3,0.2518191847305022,0,False,0
6464-KEXXH,1,25,24,25.25,5,0.34241881560510223,0,False,0
7134-MJPDY,1,2,198,102.85,2,0.27006011959547266,1,False,0
5240-CAOYT,1,16,228,87.55,2,0.2459361837987418,1,False,0
4059-IIEBK,1,20,21,78.55,3,0.26131375578288696,0,False,0
4881-JVQOD,1,7,30,34.55,4,0.24528257314651128,0,False,0
0516-UXRMT,1,28,124,92.05,4,0.5372052757521935,0,False,0
4851-BQDNX,1,2,120,85.05,3,0.7965123746853121,0,False,0
5148-HKFIR,1,1,60,19.7,1,0.1749027447842978,0,False,0
1009-IRMNA,1,62,28,20.0,6,0.2849144397418002,0,False,1
3003-CMDUU,1,28,100,95.15,0,0.7074239502232124,2,False,0
5016-IBERQ,1,4,69,84.25,3,0.8380067977063651,0,False,0
6797-UCJHZ,1,24,132,104.6,3,0.19956314468127573,0,False,0
2469-DTSGX,1,22,144,111.65,1,0.7295433790232237,2,False,0
4554-YGZIH,1,39,196,90.05,12,0.38358735139775924,0,False,1
5099-BAILX,1,83,129,110.75,9,0.29460381482251563,1,False,1
9931-KGHOA,1,25,138,55.0,5,0.33142990237690395,0,False,0
1775-KWJKQ,1,14,144,89.85,0,0.22171208794566205,2,False,0
7665-VIGUD,1,2,20,20.35,2,0.3856406259354078,0,False,0
9411-TPQQV,1,29,80,54.55,2,0.30125843652592726,1,False,0
7207-RMRDB,1,60,260,105.5,9,0.6439984582122605,0,True,1
7954-MLBUN,1,12,93,99.45,2,0.2212784041702069,2,False,0
2077-DDHJK,1,5,272,70.9,0,0.2853266542394729,1,False,0
4913-EHYUI,1,48,168,104.55,10,0.17024054935368854,0,False,1
0195-IESCP,1,87,40,85.25,9,0.731777783118343,0,True,1
9574-BOSMD,1,29,204,25.4,0,0.16740745488089295,0,False,0
4580-TMHJU,1,30,86,56.15,6,0.7194408969320476,0,True,1
0970-ETWGE,1,85,2,89.55,8,0.7013798539922689,0,False,1
4908-XAXAY,1,21,98,89.85,2,0.35792436869846167,0,False,0
8404-VLQFB,1,10,60,25.25,1,0.6728110545151496,0,False,0
1626-ERCMM,1,33,40,94.55,10,0.675298138463398,0,False,1
0887-HJGAR,1,45,3,45.7,10,0.37387954044935456,0,False,1
2391-IPLOP,1,5,200,69.65,1,0.6213861750918945,2,False,0
5644-PDMZC,1,45,6,89.5,9,0.8099011948821003,0,False,1
3509-GWQGF,1,24,96,70.0,3,0.16956166930755162,0,False,0
9576-ANLXO,1,31,9,69.55,9,0.34441995123759195,0,True,1
2024-BASKD,1,78,3,74.6,7,0.1665060223919441,0,False,1
5845-BZZIB,1,26,140,20.1,0,0.38038876562283397,0,False,0
1140-UKVZG,1,12,68,24.8,0,0.1989920012373006,0,False,0
4160-AMJTL,1,56,16,19.65,7,0.5267200017032363,0,False,1
5183-SNMJQ,1,24,20,95.1,2,0.14445062803876058,2,False,0
8100-PNJMH,1,6,204,88.85,0,0.15618166508134973,1,False,0
7838-LAZFO,1,4,135,78.8,5,0.2342620925689498,0,False,0
4464-JCOLN,1,79,6,19.85,7,0.2566448173240177,0,True,1
2085-JVGAD,1,4,148,20.35,2,0.37413574975717556,0,False,0
5650-VDUDS,1,89,16,24.25,9,0.2143044408783087,0,False,1
8095-WANWK,1,14,20,45.25,4,0.16524469263611624,0,False,0
3030-ZKIWL,1,16,3,20.05,2,0.32314633355181455,0,False,0
9565-FLVCG,1,29,130,69.55,2,0.1403963223785818,0,False,0
8755-OGKNA,1,4,228,19.5,2,0.36768501160455647,0,False,0
2800-VEQXM,1,24,12,74.75,5,0.22281989056264123,0,False,0
7538-GWHML,1,41,8,69.65,9,0.6482322960999897,0,False,1
5533-RJFTJ,1,1,98,30.2,4,0.1558553027849568,0,False,0
3859-CVCET,1,30,16,45.65,10,0.14365874472395102,0,False,1
0214-JHPFW,1,4,210,57.8,1,0.3396518124264567,2,False,0
5642-MHDQT,1,20,106,19.85,2,0.228910687574368,0,False,0
3088-FVYWK,1,18,212,25.55,0,0.3960228438178631,0,False,0
3276-HDUEG,1,72,2,75.05,8,0.2572893833357355,0,True,1
9092-GDZKO,1,3,44,24.85,1,0.3536958732273069,0,False,0
0823-HSCDJ,1,58,208,49.15,11,0.8784184829865627,0,False,1
3729-OWRVL,1,13,260,110.35,1,0.6173452467722154,1,False,0
2324-AALNO,1,27,96,24.55,0,0.34026451364660987,0,False,0
0822-GAVAP,1,60,4,34.7,12,0.5583070628925023,0,True,1
5760-IFJOZ,1,27,12,107.95,6,0.30392623541830865,0,False,0
2826-UWHIS,1,5,135,81.4,5,0.3235603273353549,0,False,0
1448-PWKYE,1,80,2,80.0,8,0.5491260053933502,0,True,1
7501-IWUNG,1,21,122,73.8,1,0.1486315630352506,1,False,0
4957-TREIR,1,8,9,64.4,1,0.28501616442353495,2,False,0
7251-LJBQN,1,19,160,103.75,2,0.3692585978306673,2,False,0
8040-MNRTF,1,14,4,71.1,3,0.37939575987348073,0,False,0
1536-HBSWP,1,7,3,49.9,2,0.6476561564428994,2,False,0
5313-FPXWG,1,14,204,24.6,0,0.1791139775276806,0,False,0
0067-DKWBL,1,58,8,49.25,5,0.790520828306577,0,False,1
0946-FKYTX,1,12,104,30.1,4,0.3666469200105086,0,False,0
5076-YVXCM,1,16,102,83.4,6,0.2101726617235662,0,False,0
8262-COGGB,1,17,2,20.45,0,0.15489452096310422,0,False,0
6663-JOCQO,1,13,93,75.25,2,0.3623978302400105,1,False,0
9620-QJREV,1,23,188,20.55,2,0.3655291945758443,0,False,0
2276-YDAVZ,1,70,12,75.1,8,0.13027182536536425,0,True,1
2682-KEVRP,1,29,44,20.05,2,0.3900952876667465,0,False,0
2480-JZOSN,1,7,2,20.65,2,0.2599241659236393,0,False,0
0078-XZMHT,1,14,216,85.15,1,0.39811905848288087,2,False,0
5896-NPFWW,1,82,12,50.15,12,0.7086670500908103,0,False,1
9978-HYCIN,1,12,141,84.95,3,0.25998500180786444,0,False,0
8338-QIUNR,1,17,288,66.5,0,0.17982484959137368,1,False,0
1525-LNLOJ,1,9,198,63.3,3,0.3696842336546109,0,False,0
9450-TRJUU,1,22,70,83.15,4,0.5953120545498551,0,False,0
1766-GKNMI,1,15,87,84.9,3,0.6743287965435641,0,False,0
6942-LBFDP,1,12,6,20.55,1,0.12392028252852481,0,False,0
1456-TWCGB,1,2,8,49.25,2,0.3364739885484438,0,False,0
7133-VBDCG,1,50,100,79.85,12,0.2470729426754425,0,True,1
7596-ZYWBB,1,13,260,59.6,0,0.10162236391993179,2,False,0
8329-UTMVM,1,27,54,104.65,0,0.1678788816996385,2,False,0
3014-WJKSM,1,20,87,75.3,4,0.1581190634329351,0,False,0
3347-YJZZE,1,23,87,80.1,3,0.32552937439283197,0,False,0
1029-QFBEN,1,38,3,19.55,5,0.2431606569379656,0,True,1
7929-DMBCV,1,27,80,81.0,0,0.14791551900612923,1,False,0
9661-JALZV,1,14,174,24.7,2,0.1770408931135758,0,False,0
5433-KYGHE,1,15,56,86.0,2,0.25122304159176545,2,False,0
4312-KFRXN,1,11,216,25.4,2,0.10589145919590216,0,False,0
5575-TPIZQ,1,1,92,89.15,6,0.22723767642981213,0,False,0
0114-IGABW,1,21,142,58.25,1,0.30341842109612205,1,False,0
9944-AEXBM,1,3,128,85.65,3,0.25532637558576365,0,False,0
1853-ARAAQ,1,17,104,50.35,4,0.27942986232264966,0,False,0
6952-OMNWB,1,28,136,80.35,4,0.19798543510349495,0,False,0
4697-LUPSU,1,19,4,20.2,0,0.15492271720592676,0,False,0
8434-VGEQQ,1,14,183,20.55,1,0.3429223871065543,0,False,0
4952-YSOGZ,1,52,8,85.95,10,0.7635657527996828,0,False,1
1589-AGTLK,1,61,12,45.35,10,0.6638056416737574,0,False,1
5244-IRFIH,1,66,66,94.5,10,0.5463983151707834,0,False,1
6549-YMFAW,1,13,36,21.25,2,0.2533614488553957,0,False,0
4950-HKQTE,1,27,88,26.25,2,0.3636956561912187,0,False,0
6786-OBWQR,1,20,15,80.85,2,0.6995068020449938,0,False,0
2684-EIWEO,1,42,90,91.7,11,0.3575848258870352,0,False,1
2753-JMMCV,1,5,195,74.2,2,0.19851382692341513,2,False,0
6439-GTPCA,1,54,135,87.25,8,0.7442598143499567,2,False,1
6621-YOBKI,1,29,10,20.35,2,0.29591469145348503,0,False,0
1216-JWVUX,1,6,75,75.5,3,0.7287813047649534,0,False,0
7564-GHCVB,1,25,144,79.05,4,0.2584674595691527,0,False,0
1173-NOEYG,1,22,81,90.15,4,0.2652933649418791,0,False,0
7595-EHCDL,1,2,96,50.6,4,0.3549013269180098,0,False,0
6647-ZEDXT,1,13,120,110.45,2,0.37479835030124353,2,False,0
2521-NPUZR,1,5,140,101.0,2,0.13385813931557147,2,False,0
1307-TVUFB,1,28,168,79.35,2,0.27063147327710035,0,False,0
7503-MIOGA,1,27,216,89.85,0,0.3755225267419704,2,False,0
4381-MHQDC,1,25,94,65.0,0,0.14042199554772825,2,False,0
6923-JHPMP,1,8,6,80.45,4,0.6984932828672898,0,False,0
5138-WVKYJ,1,48,40,98.55,8,0.5374043056193887,0,True,1
4018-PPNDW,1,1,122,24.1,0,0.13404292060292122,0,False,0
1635-FJFCC,1,20,20,44.05,4,0.37123324376786004,0,False,0
2499-AJYUA,1,12,216,110.8,2,0.23385387544914804,2,False,0
6919-ELBGL,1,23,216,114.95,0,0.3066218962013796,2,False,0
3966-HRMZA,1,11,9,75.05,4,0.14167432697306,0,False,0
6425-JWTDV,1,7,96,19.25,2,0.10658424471782674,0,False,0
8405-IGQFX,1,15,252,90.05,1,0.3671451872046593,2,False,0
8224-IVVPA,1,22,108,56.7,3,0.2723636918647066,0,False,0
9477-LGWQI,1,24,210,80.15,6,0.10599632667130206,0,False,0
1410-RSCMR,1,11,28,71.35,0,0.39770184427839617,1,False,0
0139-IVFJG,1,29,4,90.35,3,0.6373028967516966,0,False,0
6683-VLCTZ,1,81,60,98.55,10,0.7079803843623885,0,False,1
5730-DBDSI,1,26,198,19.7,2,0.2862742552967864,0,False,0
0030-FNXPP,1,16,9,19.85,1,0.10237136025863863,0,False,0
2189-WWOEW,1,76,30,85.9,9,0.27074151211193204,0,True,1
5684-FJVYR,1,20,216,90.35,1,0.28884517119689707,1,False,0
4013-GUXND,1,14,3,20.8,1,0.1890860704309218,0,False,0
1894-IGFSG,1,34,66,89.25,11,0.6758965662392566,0,True,1
7379-POKDZ,1,64,9,70.3,10,0.7125854497072622,0,False,1
1266-NZYUI,1,26,288,66.85,1,0.31533194033744205,1,False,0
7969-FFOWG,1,21,195,19.9,2,0.1431475535357543,0,False,0
4718-DHSMV,1,15,22,35.8,4,0.3741093448123054,0,False,0
5175-WLYXL,1,1,66,78.85,4,0.36383721209687814,0,False,0
7817-OMJNA,1,17,42,20.4,1,0.14518794282633118,0,False,0
8728-SKJLR,1,2,164,74.25,0,0.8365457568211123,2,False,0
3137-NYQQI,1,29,51,64.8,6,0.2673340818301822,0,False,0
7706-DZNKK,1,20,44,20.45,2,0.31049490350949055,0,False,0
0236-HFWSV,1,45,30,93.35,10,0.8325632964588596,0,True,1
3900-AQPHZ,1,86,4,19.9,5,0.1250709841240011,0,False,1
5842-POCOP,1,68,15,88.9,10,0.15078530723984998,0,False,1
2037-XJFUP,1,74,66,95.8,11,0.6328728643036381,0,True,1
8823-RLPWL,1,19,216,110.65,6,0.24316134441610412,0,False,0
9505-SQFSW,1,1,12,40.3,2,0.2038163518896222,0,False,0
7314-OXENN,1,87,4,82.0,9,0.5893052468636114,0,False,1
3758-CKOQL,1,28,118,107.0,1,0.1557751082031209,1,False,0
0322-CHQRU,1,43,8,45.35,9,0.6294565316745762,0,False,1
5676-CFLYY,1,5,284,73.35,2,0.11672046435511935,2,False,0
7521-AFHAB,1,27,10,44.8,6,0.2084348518623885,0,False,0
0285-INHLN,1,12,54,54.75,4,0.1537099734013368,0,False,0
4678-DVQEO,1,64,4,52.2,7,0.7587380238181596,2,False,1
5125-CNDSP,1,20,189,40.6,2,0.3650960016489735,1,False,0
0691-IFBQW,1,58,92,110.0,9,0.523389543369571,0,True,1
4992-LTJNE,1,20,288,55.3,4,0.33551135675992005,0,False,0
2202-OUTMO,1,9,102,60.85,0,0.3687166881166307,2,False,0
0810-BDHAW,1,7,48,78.4,4,0.8699920341984358,0,False,0
0229-LFJAF,1,4,144,69.65,0,0.27381587528352674,2,False,0
7131-ZQZNK,1,19,240,59.85,2,0.19821756580222205,1,False,0
3442-ZHHCC,1,22,204,76.9,5,0.19659207996019906,0,False,0
5726-CVNYA,1,19,16,19.85,1,0.2136910237883358,0,False,0
9871-ELEYA,1,6,102,67.65,0,0.2838002221982881,1,False,0
4257-GAESD,1,27,18,45.0,5,0.24706900364173753,0,False,0
5173-WXOQV,1,13,4,64.2,2,0.29609050792205055,2,False,0
2040-OBMLJ,1,11,93,81.7,2,0.11179416205887285,2,False,0
6286-ZHAOK,1,13,40,25.55,0,0.13176446511433412,0,False,0
3807-XHCJH,1,13,3,20.0,2,0.8159780898906326,0,False,0
3009-JWMPU,1,42,124,96.75,7,0.8975180800931406,0,True,1
5671-RQRLP,1,25,280,75.65,6,0.323997645141817,0,False,0
1450-GALXR,1,71,20,98.5,5,0.6391884053698496,1,True,1
8859-AXJZP,1,28,78,23.8,2,0.38601452032016503,0,False,0
3174-AKMAS,1,20,92,64.2,1,0.1641108381375111,1,False,0
3138-BKYAV,1,56,18,85.35,8,0.7315439375718448,0,False,1
9926-PJHDQ,1,21,288,76.8,6,0.13457749350761167,0,False,0
7382-DFJTU,1,13,54,55.2,2,0.29467134956795027,1,False,0
2798-NYLMZ,1,22,213,108.55,1,0.3278545010068408,1,False,0
4289-DTDKW,1,58,80,101.3,13,0.7403458952365047,0,True,1
1820-TQVEV,1,66,3,69.55,5,0.7094368388647752,0,True,1
2239-JALAW,1,67,116,103.25,8,0.37704560660663566,0,False,1
4853-RULSV,1,48,280,104.0,5,0.25627697737021754,2,False,1
8098-TDCBU,1,8,126,25.25,1,0.6046912058614353,0,False,0
3551-GAEGL,1,10,102,30.4,3,0.2108650255265056,0,False,0
4785-NKHCX,1,26,15,20.05,0,0.10311683478679376,0,False,0
3196-NVXLZ,1,16,50,84.6,3,0.3270078866402022,0,False,0
6275-YDUVO,1,51,4,86.2,9,0.3609581943613618,0,True,1
0036-IHMOT,1,26,165,103.7,2,0.1521773431029181,2,False,0
0115-TFERT,1,46,63,111.2,8,0.5673683591354839,1,False,1
4178-EGMON,1,11,280,88.0,0,0.1493505536504391,1,False,0
4220-TINQT,1,13,244,106.35,0,0.832689039523511,2,False,0
5318-YKDPV,1,28,172,79.15,2,0.18865311681139896,1,False,0
7975-TZMLR,1,9,188,103.1,3,0.5406020316634206,0,False,0
0295-QVKPB,1,20,20,63.95,2,0.10437694745296491,2,False,0
4335-BSMJS,1,24,124,25.8,2,0.18911654416301987,0,False,0
2311-QYMUQ,1,89,64,89.45,7,0.31469172310667093,0,False,1
3643-AHCFP,1,60,28,95.6,11,0.38772678651286596,0,True,1
9146-JRIOX,1,7,42,25.55,1,0.19382236973129002,0,False,0
3104-OWCGK,1,73,120,90.95,11,0.56801682713744,0,False,1
5337-IIWKZ,1,12,136,44.85,0,0.8193039890769093,1,False,0
9101-BWFSS,1,68,200,108.55,4,0.7276149904863826,2,True,1
9650-VBUOG,1,23,152,25.05,0,0.19844812604310594,0,False,0
3487-EARAT,1,14,210,74.1,0,0.1206415461271162,2,False,0
2672-TGEFF,1,11,111,88.8,3,0.752500575092615,0,False,0
9231-ZJYAM,1,48,12,78.85,9,0.8028975153437947,0,True,1
4250-WAROZ,1,10,240,93.25,6,0.809566185901903,0,False,0
8184-WMOFI,1,27,186,71.4,0,0.20256234229583847,2,False,0
6982-SSHFK,1,74,4,44.4,9,0.29430562572489827,0,True,1
6092-QZVPP,1,6,72,79.2,0,0.30234916906198384,1,False,0
4625-LAMOB,1,2,176,20.4,2,0.36187164026167573,0,False,0
0727-BMPLR,1,57,165,100.0,9,0.8835105495336582,0,True,1
0392-BZIUW,1,19,144,105.0,4,0.132599853557196,0,False,0
1038-ZAGBI,1,49,48,19.8,8,0.2893350536291295,0,False,1
6549-NNDYT,1,14,26,30.85,4,0.20093198450877586,0,False,0
3027-ZTDHO,1,37,2,89.9,8,0.8063832750759428,0,True,1
0422-OHQHQ,1,6,30,20.55,2,0.3262443954239327,0,False,0
6916-HIJSE,1,17,260,84.85,0,0.3677555572671741,2,False,0
2316-ESMLS,1,10,36,33.15,1,0.20311086318414495,2,False,0
9778-OGKQZ,1,28,288,92.0,0,0.15535910324732952,1,False,0
7408-OFWXJ,1,1,216,89.8,1,0.10654050314534924,1,False,0
6007-TCTST,1,3,288,115.8,2,0.17665200511546336,2,False,0
2252-NKNSI,1,8,208,85.15,1,0.2101514619265693,2,False,0
8713-IGZSO,1,8,8,24.85,0,0.3838200957843977,0,False,0
7905-TVXTA,1,27,15,64.35,2,0.5599392284936847,2,False,0
7695-PKLCZ,1,20,272,20.5,1,0.26693185123263685,0,False,0
2382-BCKQJ,1,85,124,100.15,12,0.7935496697152802,0,False,1
8374-UULRV,1,15,288,86.05,2,0.3655208541292423,2,False,0
2207-NHRJK,1,67,2,50.8,11,0.6128296500281492,0,False,1
3224-DFQNQ,1,7,198,89.0,2,0.6234142124101771,1,False,0
5275-PMFUT,1,11,216,64.8,0,0.1811548494043689,1,False,0
4795-UXVCJ,1,7,104,19.8,1,0.23706646000183668,0,False,0
9777-IQHWP,1,29,256,93.4,3,0.32535084855336605,0,False,0
0947-MUGVO,1,74,80,73.65,7,0.7135265987902981,0,False,1
9944-HKVVB,1,61,6,95.1,6,0.7066045438071569,0,True,1
4124-MMETB,1,74,66,94.65,12,0.3640736679407034,0,False,1
3671-SHRSP,1,76,8,80.6,5,0.3407939224921377,2,True,1
0979-MOZQI,1,6,124,39.0,1,0.3946342722422892,2,False,0
2732-ISEZX,1,14,20,20.5,0,0.3667475562799467,0,False,0
3313-QKNKB,1,83,236,85.55,8,0.48949434657337965,0,False,1
0323-XWWTN,1,11,6,26.4,2,0.1172849696561187,0,False,0
1937-OTUKY,1,19,144,98.2,1,0.224353283213297,2,False,0
1573-LGXBA,1,21,228,97.55,3,0.2852513352703837,0,False,0
1764-VUUMT,1,5,264,19.95,0,0.2929310499085118,0,False,0
5073-WXOYN,1,65,120,50.8,11,0.5607894714989944,0,False,1
4713-ZBURT,1,21,180,99.7,6,0.3579642893346011,0,False,0
3050-GBUSH,1,24,12,34.8,5,0.19877393909362812,0,False,0
0207-MDKNV,1,49,30,105.1,7,0.678002193561821,1,False,1
7876-AEHIG,1,25,102,60.15,1,0.24148042039096648,2,False,0
7945-HLKEA,1,13,180,64.75,0,0.49695819993647844,1,False,0
9342-VNIMQ,1,25,66,54.65,5,0.14861239335842386,0,False,0
9851-KIELU,1,70,40,110.1,3,0.5555895390980921,1,False,1
3523-BRGUW,1,22,52,19.3,0,0.1132077387400923,0,False,0
3908-BLSYF,1,43,12,83.9,10,0.6521499505638286,0,True,1
3199-NPKCN,1,25,134,111.25,0,0.5101516971487436,1,False,0
5170-PTRKA,1,20,147,35.8,1,0.35158593832194585,1,False,0
4661-NJEUX,1,22,3,20.05,1,0.17934064864432903,0,False,0
2123-AGEEN,1,4,28,84.35,4,0.45857724722798776,0,False,0
1258-YMZNM,1,11,81,110.5,4,0.3462026031925688,0,False,0
0048-LUMLS,1,17,74,91.2,5,0.23984375515929615,0,False,0
7549-MYGPK,1,32,189,100.55,7,0.7334341194668164,0,False,1
5898-IGSLP,1,14,62,89.3,0,0.6081519464610824,1,False,0
3804-RVTGV,1,52,150,103.85,11,0.11381211884669255,0,False,1
6259-WJQLC,1,11,96,81.1,3,0.2110531267492374,0,False,0
9227-LUNBG,1,40,3,24.6,9,0.6741596716058067,0,False,1
7997-EASSD,1,22,126,81.2,2,0.10350598106098557,1,False,0
0730-KOAVE,1,9,90,94.3,4,0.27228700966114566,0,False,0
8975-SKGRX,1,23,142,116.1,2,0.3679126463677519,1,False,0
0678-RLHVP,1,13,106,105.55,5,0.5948873205455176,0,False,0
4315-MURBD,1,37,48,98.9,5,0.37803074834451966,1,False,1
2267-FPIMA,1,18,150,94.4,5,0.1292825556470758,0,False,0
1051-GEJLJ,1,28,8,19.5,2,0.3476309050668465,0,False,0
9734-YWGEX,1,53,36,98.3,9,0.35209730749064716,0,True,1
2719-BDAQO,1,57,34,93.85,8,0.5380823263528127,0,False,1
5285-MVEHD,1,25,168,105.6,3,0.3873530223725402,0,False,0
0379-DJQHR,1,26,134,81.35,4,0.22497961771353334,0,False,0
0781-LKXBR,1,87,18,100.5,10,0.4697862123941109,0,False,1
5543-QDCRY,1,22,12,56.4,4,0.674003718827233,0,False,0
0297-RBCSG,1,29,38,65.35,0,0.39898441121357997,1,False,0
4694-PHWFW,1,19,24,19.95,1,0.36978746468778834,0,False,0
0835-JKADZ,1,1,213,111.25,1,0.5628226430943593,1,False,0
1907-UBQFC,1,87,20,72.85,9,0.6518895890097414,0,True,1
7508-SMHXL,1,14,30,89.0,4,0.134610297903045,0,False,0
3865-YIOTT,1,14,288,106.1,4,0.23855344130112685,0,False,0
5993-BQHEA,1,3,24,20.05,2,0.2569210203073545,0,False,0
6024-RUGGH,1,28,216,25.2,2,0.19458348949933857,0,False,0
6513-EECDB,1,66,4,73.55,10,0.7431011674106985,0,False,1
3956-CJUST,1,3,69,75.4,4,0.37598153745435214,0,False,0
4079-WWQQQ,1,16,288,65.55,1,0.25004129115391927,2,False,0
6103-BOCOU,1,14,52,80.7,5,0.7060068822035641,0,False,0
5149-TGWDZ,1,20,42,104.55,2,0.1952171287490302,2,False,0
7471-WNSUF,1,29,120,24.15,1,0.3914212667117446,0,False,0
8942-DBMHZ,1,13,36,20.45,2,0.12803897003355566,0,False,0
4301-VVZKA,1,15,64,75.4,5,0.7297675839566145,0,False,0
9199-PWQVC,1,14,189,79.7,4,0.3369663385500408,0,False,0
4824-GUCBY,1,24,88,81.7,3,0.7479529317175979,0,False,0
5393-HJZSM,1,25,64,76.3,1,0.15948433323611258,1,False,0
7074-IEVOJ,1,57,9,79.4,9,0.6320504783824034,0,False,1
9625-QSTYE,1,77,26,81.15,8,0.6827749085530987,0,True,1
0862-PRCBS,1,10,204,103.75,1,0.19476481293172498,2,False,0
8812-ZRHFP,1,27,60,86.45,4,0.5995213789620019,0,False,0
5146-CBVOE,1,15,48,75.1,5,0.21363420139381079,0,False,0
0454-OKRCT,1,21,99,80.6,0,0.20525989677556672,2,False,0
5787-KXGIY,1,22,288,19.3,0,0.1324204514471229,0,False,0
4750-ZRXIU,1,47,8,84.6,8,0.564096177506114,0,True,1
4198-VFOEA,1,26,48,33.6,2,0.3505821370036546,2,False,0
6630-UJZMY,1,6,16,83.25,3,0.7371770316538717,0,False,0
6400-BWQKW,1,76,12,79.05,11,0.6131246035848411,0,True,1
2692-AQCPF,1,25,195,108.05,0,0.2116663067585442,2,False,0
0347-UBKUZ,1,10,60,19.9,1,0.14102261364213114,0,False,0
0835-DUUIQ,1,7,48,21.05,0,0.23487159930736198,0,False,0
0811-GSDTP,1,22,39,30.15,4,0.6030586368645008,0,False,0
7567-ECMCM,1,17,96,79.85,6,0.3513049140331632,0,False,0
6115-ZTBFQ,1,18,288,65.5,0,0.396036561422347,1,False,0
6353-BRMMA,1,17,216,104.1,3,0.3667288406427418,0,False,0
6680-WKXRZ,1,74,9,74.4,9,0.2584822797776891,0,False,1
6231-WFGFH,1,10,16,20.5,0,0.2884395235546134,0,False,0
9904-EHEVJ,1,10,96,91.35,3,0.3844367628217715,0,False,0
7028-DVOIQ,1,85,140,99.05,9,0.7387291621554497,0,True,1
6169-PPETC,1,7,70,20.5,2,0.2915767369874652,0,False,0
4208-UFFGW,1,83,8,44.95,8,0.2887688511226985,0,True,1
8584-KMVXD,1,29,16,75.6,5,0.6656730045999384,0,False,0
8467-WYNSR,1,18,44,55.1,0,0.2920855298734957,1,False,0
0851-DFJKB,1,6,30,58.95,1,0.7879882933777241,2,False,0
5382-SOYZL,1,27,66,95.1,4,0.6397177042118267,0,False,0
9448-REEVD,1,78,2,44.7,10,0.34272976890038465,0,False,1
3261-CQXOL,1,1,284,25.45,0,0.22091649077890124,0,False,0
8388-FYNPZ,1,1,12,56.75,5,0.6285703446941528,0,False,0
4002-BQWPQ,1,12,50,81.75,0,0.1300611277461887,1,False,0
5651-YLPRD,1,21,96,86.1,2,0.6864222121394689,0,False,0
2826-DXLQO,1,28,21,29.8,3,0.18701329237275754,0,False,0
4378-BZYFP,1,2,51,20.5,1,0.22103809422618512,0,False,0
9489-UTFKA,1,4,32,60.9,3,0.3410831237972526,0,False,0
4849-PYRLQ,1,17,112,73.25,2,0.29109611142730174,2,False,0
9117-SHLZX,1,42,3,45.7,11,0.19258839695535046,0,True,1
9889-TMAHG,1,62,24,100.3,5,0.1676197333373921,1,True,1
4541-RMRLG,1,63,21,19.25,8,0.7070990307624447,0,False,1
7764-BDPEE,1,26,6,20.85,2,0.12633290830947605,0,False,0
3429-IFLEM,1,4,213,77.35,1,0.10130053258280239,2,False,0
3158-MOERK,1,30,6,96.0,7,0.6648246191935856,0,True,1
7294-TMAOP,1,50,4,90.55,13,0.6935367664017607,0,True,1
5002-GCQFH,1,18,98,93.85,5,0.3212841888855352,0,False,0
0556-FJEGU,1,9,232,70.1,0,0.3194901494827141,2,False,0
8919-FYFQZ,1,35,88,30.35,6,0.6963896822923679,0,True,1
0604-THJFP,1,3,118,75.95,0,0.37663257712253706,1,False,0
2834-JRTUA,1,46,142,108.05,5,0.6529185547240043,1,False,1
5875-YPQFJ,1,34,4,69.9,7,0.5284615728713693,0,True,1
5879-SESNB,1,24,44,75.25,3,0.5698834843001743,0,False,0
6646-QVXLR,1,34,248,103.75,9,0.6996428867918125,0,False,1
6461-PPAXN,1,4,140,54.95,0,0.26180958065342264,1,False,0
3318-ISQFQ,1,18,60,19.5,1,0.14766925373038742,0,False,0
1106-HRLKZ,1,20,120,19.6,1,0.27678190918721374,0,False,0
2483-XSSMZ,1,27,117,47.85,2,0.7071210363854254,0,False,0
8603-IJWDN,1,66,2,86.6,8,0.5347005690534473,0,True,1
8165-ZJRNM,1,27,216,23.75,0,0.3006798473306211,0,False,0
9369-XFEHK,1,66,66,80.6,11,0.2847802858829015,0,True,1
2604-XVDAM,1,25,48,43.8,2,0.21311294105635484,0,False,0
3717-OFRTN,1,18,2,19.75,1,0.2695813621441699,0,False,0
9046-JBFWA,1,28,54,19.15,2,0.1630636101696583,0,False,0
3280-NMUVX,1,28,102,19.6,1,0.26383217760855626,0,False,0
1206-EHBDD,1,29,224,80.3,4,0.3396488771471138,0,False,0
8361-LBRDI,1,16,232,24.35,2,0.3276843308773799,0,False,0
4883-KCPZJ,1,3,66,25.25,1,0.2073863649421215,0,False,0
9108-EQPNQ,1,15,40,26.1,2,0.13362556477195264,0,False,0
7277-KAMWT,1,27,52,20.0,1,0.3399827695119598,0,False,0
3842-IYKUE,1,80,140,85.3,5,0.17951172684835687,2,False,1
6641-XRPSU,1,74,102,70.0,9,0.11591313016362031,0,True,1
1374-DMZUI,1,42,16,94.3,10,0.6274508118294317,0,True,1
2545-LXYVJ,1,17,144,20.7,2,0.3218411588639643,0,False,0
3234-VKACU,1,7,4,70.3,1,0.8419079063705919,2,False,0
8357-EQXFO,1,78,28,95.35,7,0.8191679309932254,0,False,1
1989-PRJHP,1,69,81,75.5,7,0.6073358496703549,0,True,1
8120-JDCAM,1,26,12,69.55,6,0.18813845513815985,0,False,0
8917-FAEMR,1,16,111,19.85,2,0.2828471495438492,0,False,0
7047-YXDMZ,1,7,84,20.0,1,0.3434031091348075,0,False,0
2858-EIMXH,1,9,212,95.85,4,0.17022250637274772,0,False,0
9524-EGPJC,1,37,36,90.1,7,0.5874704163241371,2,True,1
6993-OHLXR,1,68,6,68.95,11,0.6158402960781493,0,True,1
8818-XYFCQ,1,55,64,99.55,8,0.33188101992949637,0,False,1
6419-ZTTLE,1,2,46,20.75,1,0.6498805351431379,0,False,0
0929-HYQEW,1,12,9,50.15,4,0.3906275664087784,0,False,0
6614-YOLAC,1,12,284,58.65,0,0.25313914379063873,2,False,0
7426-RHZGU,1,4,36,95.9,0,0.18462005098159423,2,False,0
4065-JJAVA,1,18,2,49.5,4,0.5951634345102059,0,False,0
4695-VADHF,1,88,36,57.45,8,0.5613262533975852,0,False,1
3863-IUBJR,1,79,24,53.65,9,0.3077292672268871,0,True,1
7649-SIJJF,1,7,142,80.1,0,0.33278449080267936,2,False,0
9361-YNQWJ,1,29,192,24.4,1,0.10972833187710689,0,False,0
3748-FVMZZ,1,1,8,40.05,0,0.6871878738681139,2,False,0
9391-TTOYH,1,26,46,19.5,2,0.33450180033112664,0,False,0
1452-XRSJV,1,26,156,51.05,4,0.2128720145173007,0,False,0
3422-WJOYD,1,23,112,54.35,2,0.22982247485640692,1,False,0
8242-SOQUO,1,26,20,84.7,5,0.6033021621165173,0,False,0
7460-ITWWP,1,13,135,86.1,4,0.570479706776401,0,False,0
7147-AYBAA,1,6,111,70.35,5,0.24734251709557625,0,False,0
7868-TMWMZ,1,6,240,110.0,1,0.1498301980399674,2,False,0
4822-RVYBB,1,77,32,100.6,6,0.6751264220392442,0,True,1
6732-FZUGP,1,8,94,94.9,6,0.3825475372816617,0,False,0
8436-BJUMM,1,52,52,83.75,8,0.477242772136912,0,False,1
4184-TJFAN,1,44,9,88.3,7,0.14942302475590863,1,False,1
8329-GWVPJ,1,19,150,69.75,4,0.33331071719392635,0,False,0
1352-VHKAJ,1,5,54,71.6,0,0.13961712697411352,1,False,0
4145-UQXUQ,1,43,32,92.1,13,0.5851256242269702,0,False,1
2632-TACXW,1,5,124,23.65,0,0.23645167721330676,0,False,0
8146-QQKZH,1,25,213,81.85,2,0.3829486772923314,1,False,0
1767-CJKBA,1,10,198,25.1,1,0.15505035619107085,0,False,0
6445-TNRXS,1,1,136,114.7,0,0.376925378201295,2,False,0
4581-LNWUM,1,10,26,49.15,4,0.6884224243631952,0,False,0
4869-EPIUS,1,5,112,80.9,3,0.6906564494667158,0,False,0
9948-YPTDG,1,63,114,79.45,5,0.6395503061378042,0,False,1
1236-WFCDV,1,67,56,90.45,8,0.10937398569080124,0,True,1
1915-OAKWD,1,27,32,19.3,2,0.1296700783208558,0,False,0
7296-PIXQY,1,7,42,70.2,5,0.653706621314246,0,False,0
4883-QICIH,1,47,96,69.75,8,0.12219025994460331,0,False,1
3354-OADJP,1,22,24,54.25,2,0.39627691284862665,2,False,0
3524-WQDSG,1,21,86,99.3,4,0.2741236624435533,0,False,0
0810-DHDBD,1,12,104,74.0,1,0.24620310134289525,2,False,0
4026-SKKHW,1,23,12,50.25,2,0.3356535354697132,2,False,0
2829-HYVZP,1,29,87,19.8,1,0.39308776204359697,0,False,0
8329-IBCTI,1,81,2,19.65,7,0.3865390000254324,0,False,1
1271-SJBGZ,1,86,36,43.65,9,0.7464561174135531,1,False,1
3845-JHAMY,1,21,48,35.5,5,0.21315227108826296,0,False,0
7013-PSXHK,1,15,160,80.75,1,0.11978784747337201,1,False,0
5669-SRAIP,1,53,10,39.5,12,0.5506351464333281,0,True,1
5981-ITEMU,1,44,80,97.1,11,0.10034570223837624,0,True,1
3486-NPGST,1,7,108,19.55,1,0.10057085296745677,0,False,0
6941-PMGEP,1,59,15,80.0,12,0.8272203719829048,0,False,1
1624-WOIWJ,1,84,40,84.7,11,0.37810509076224974,0,False,1
2074-GKOWZ,1,71,8,89.55,10,0.3002661399114407,0,True,1
0376-YMCJC,1,80,92,90.6,7,0.6262072805943628,1,True,1
6100-FJZDG,1,3,104,20.05,2,0.25396253699501137,0,False,0
4829-ZLJTK,1,7,288,112.4,3,0.5988119120864015,0,False,0
1730-VFMWO,1,11,136,50.2,2,0.3743155147326428,2,False,0
7143-BQIBA,1,18,30,62.25,1,0.18330744020780504,1,False,0
3800-LYTRK,1,12,56,55.7,0,0.3219013782848904,1,False,0
0634-SZPQA,1,85,69,90.05,11,0.1736307054171639,0,False,1
9646-NMHXE,1,5,141,19.65,1,0.3610445254147534,0,False,0
7030-NJVDP,1,26,48,89.25,2,0.7814011461061583,2,False,0
5536-RTPWK,1,46,147,99.05,9,0.29280850616701964,0,True,1
8883-GRDWQ,1,12,60,54.0,0,0.12921017102257598,2,False,0
6166-ILMNY,1,49,8,69.75,8,0.2258406709507605,0,False,1
3097-NNSPB,1,53,6,49.05,11,0.2574725522648798,0,False,1
7771-ZONAT,1,11,88,56.75,0,0.18821088652333304,2,False,0
0655-RBDUG,1,63,28,98.05,9,0.3642923835500398,0,True,1
2111-DWYHN,1,27,4,21.1,0,0.3513009824533666,0,False,0
4194-WHFCB,1,18,118,96.65,1,0.24808627370275904,1,False,0
4121-AGSIN,1,4,232,24.5,2,0.2020093607932345,0,False,0
4361-BKAXE,1,42,123,114.5,6,0.34046268160169335,2,False,1
9845-PEEKO,1,2,236,79.2,6,0.15906743426237163,0,False,0
0455-XFASS,1,29,12,69.55,5,0.5979962636950783,0,False,0
0301-KOBTQ,1,24,128,20.05,0,0.11371314582158432,0,False,0
1751-NCDLI,1,22,92,98.85,3,0.5691242433060493,0,False,0
9878-TNQGW,1,80,6,80.95,7,0.6876455732650804,0,False,1
9170-ARBTB,1,12,104,19.6,2,0.1765940908298081,0,False,0
4441-NIHPT,1,86,39,74.3,9,0.6183489175870298,0,True,1
8999-BOHSE,1,52,22,89.7,11,0.2961674722121517,0,True,1
7241-AJHFS,1,25,96,87.65,0,0.2626060021432075,2,False,0
7029-RPUAV,1,45,34,100.45,8,0.2058529844283889,0,False,1
4546-FOKWR,1,25,64,74.75,3,0.3551368734957191,0,False,0
9036-CSKBW,1,21,102,107.45,4,0.3129108259900161,0,False,0
5832-TRLPB,1,23,58,75.35,1,0.1814578372094976,2,False,0
8590-YFFQO,1,27,280,64.95,0,0.250506598694053,1,False,0
8659-IOOPU,1,16,284,100.45,1,0.5571313564618895,2,False,0
1338-CECEE,1,14,123,68.5,4,0.19863288733057216,0,False,0
7439-DKZTW,1,7,3,80.55,4,0.762502334915438,0,False,0
4646-QZXTF,1,28,21,81.25,2,0.1671532660801588,1,False,0
4607-CHPCA,1,85,50,90.4,9,0.8078840281381026,0,False,1
9742-XOKTS,1,19,201,89.55,1,0.6019127259968202,2,False,0
6921-OZMFH,1,23,10,55.7,1,0.38144036170174345,1,False,0
9578-FOMUK,1,17,30,24.8,1,0.596202339838163,0,False,0
4712-UYOOI,1,9,60,20.0,2,0.5346174001642512,0,False,0
8824-RWFXJ,1,56,9,56.15,11,0.27815793191985616,0,False,1
7722-CVFXN,1,13,108,105.2,2,0.7227084277063925,2,False,0
8717-VCTXJ,1,22,168,19.55,2,0.27372291693915396,0,False,0
7363-QTBIW,1,5,36,79.75,4,0.7043539844321369,0,False,0
4159-NAAIX,1,23,126,97.45,4,0.19365606811606262,0,False,0
0971-QIFJK,1,5,207,24.25,1,0.23032306700156255,0,False,0
9397-TZSHA,1,10,138,24.6,1,0.2780300329422931,0,False,0
3391-JSQEW,1,21,80,50.15,6,0.30138103710013475,0,False,0
0343-QLUZP,1,27,180,39.6,2,0.17593870405707845,0,False,0
9763-PDTKK,1,47,16,94.4,3,0.3104425185108823,1,True,1
2176-LVPNX,1,27,142,89.85,1,0.376982875033791,2,False,0
7627-JKIAZ,1,71,148,78.95,6,0.32737831100313664,0,False,1
3312-UUMZW,1,26,128,98.85,3,0.12526984084681653,0,False,0
1271-UODNO,1,15,117,53.85,2,0.24073786602700634,1,False,0
8461-EFQYM,1,7,76,24.25,2,0.6491861941649164,0,False,0
6900-RBKER,1,29,104,89.45,3,0.20095099360547908,0,False,0
6891-JPYFF,1,27,192,105.25,4,0.247396041970901,0,False,0
1459-QNFQT,1,15,280,59.5,2,0.23189013201996364,2,False,0
1047-NNCBF,1,3,60,70.55,3,0.10185114315020813,0,False,0
3696-XRIEN,1,19,200,82.5,0,0.170966583427621,1,False,0
4081-DYXAV,1,75,57,44.85,8,0.1641346435847042,0,False,1
0074-HDKDG,1,28,50,61.6,3,0.2047778623728399,0,False,0
8791-GFXLZ,1,29,36,49.05,4,0.15233702251729153,0,False,0
8111-SLLHI,1,43,156,105.65,10,0.4582471979629221,0,False,1
0927-LCSMG,1,55,14,74.65,7,0.15898385651050384,0,False,1
9330-DHBFL,1,6,69,66.25,0,0.35625603592583954,2,False,0
0098-BOWSO,1,12,54,19.4,2,0.806372188043392,0,False,0
3452-ABWRL,1,15,141,86.05,4,0.23262885922772347,0,False,0
5859-HZYLF,1,6,104,19.15,1,0.3633445101936291,0,False,0
8257-RZAHR,1,86,56,64.7,10,0.1697996854362352,0,False,1
5293-WXJAK,1,76,22,104.05,4,0.27526274235976955,2,True,1
3156-QLHBO,1,19,4,19.25,2,0.14287746266392332,0,False,0
2208-NQBCT,1,3,52,81.95,4,0.7054550322677818,0,False,0
1779-PWPMG,1,8,216,114.65,2,0.13917446724755578,2,False,0
6621-NRZAK,1,8,252,20.0,1,0.10955804769353296,0,False,0
0831-JNISG,1,23,142,19.8,2,0.1820332690204586,0,False,0
0774-IFUVM,1,26,22,65.15,5,0.37028052680410706,0,False,0
3082-WQRVY,1,20,28,19.65,1,0.13883712457793299,0,False,0
9553-DLCLU,1,15,39,88.95,2,0.1992010806086619,1,False,0
1641-BYBTK,1,4,12,20.2,1,0.19492449790365782,0,False,0
2460-NGXBJ,1,19,22,75.2,4,0.34049388222906735,0,False,0
2446-ZKVAF,1,21,54,56.8,5,0.2264576199340074,0,False,0
0841-NULXI,1,37,3,35.55,9,0.6491111632099914,0,False,1
3522-CDKHF,1,13,64,75.5,4,0.22131490174986265,0,False,0
1430-SFQSA,1,8,58,35.6,1,0.26543710454106073,1,False,0
0411-EZJZE,1,23,9,60.25,4,0.5348735912066378,0,False,0
7851-WZEKY,1,44,8,95.15,10,0.6059715954048168,0,True,1
8844-TONUD,1,76,39,96.65,7,0.3565317513219861,0,False,1
8807-ARQET,1,3,164,40.35,3,0.6760123443384318,0,False,0
8992-CEUEN,1,16,2,18.85,2,0.7068251023373588,0,False,0
4320-QMLLA,1,9,14,54.85,4,0.336375861212843,0,False,0
8777-PVYGU,1,28,208,64.3,5,0.23545291446753225,0,False,0
8292-ITGYJ,1,14,135,24.65,0,0.30288413730986286,0,False,0
6870-ZWMNX,1,13,140,76.1,2,0.3327741027064868,1,False,0
0621-CXBKL,1,21,212,18.7,2,0.18090509797640236,0,False,0
5268-DSMNQ,1,25,186,97.95,4,0.11800536718467529,0,False,0
5334-JLAXU,1,7,240,94.1,2,0.22175418039956452,0,False,0
4086-YQSNZ,1,74,9,80.4,6,0.6356467038382497,0,False,1
6242-MBHPK,1,7,69,95.1,3,0.5667073649844708,0,False,0
5868-CZJDR,1,43,3,31.35,10,0.38405364864224,0,True,1
9359-UGBTK,1,2,201,72.35,0,0.35412477796675557,2,False,0
0135-NMXAP,1,85,48,89.75,12,0.2777391503702981,0,False,1
4782-OSFXZ,1,22,284,82.7,0,0.2203770119597117,1,False,0
6479-OAUSD,1,24,100,19.9,1,0.17929910806235547,0,False,0
7129-ACFOG,1,17,20,53.8,4,0.672839169707858,0,False,0
4189-NAKJS,1,5,104,51.55,5,0.2599480749018678,0,False,0
5562-BETPV,1,12,3,19.65,0,0.33423424251445993,0,False,0
1282-IHQAC,1,1,140,44.05,6,0.3784060566292172,0,False,0
9127-FHJBZ,1,10,144,114.0,0,0.6551401433141648,1,False,0
6270-OMFIW,1,76,240,94.4,7,0.64373332194563,0,True,1
1641-RQDAY,1,16,128,100.4,5,0.635096622016853,0,False,0
0107-WESLM,1,74,2,19.85,4,0.60755751530882,0,False,1
6994-ORCWG,1,8,42,54.25,6,0.11196108684530874,0,False,0
1346-UFHAX,1,24,52,80.0,4,0.35850895965985685,0,False,0
3992-YWPKO,1,67,18,109.9,6,0.3986777016002486,2,False,1
2933-XEUJM,1,25,92,79.2,6,0.3769626078134568,0,False,0
0125-LZQXK,1,80,30,101.35,9,0.6717132384633654,2,False,1
5461-QKNTN,1,12,172,94.3,0,0.8037301053415519,2,False,0
4835-YSJMR,1,25,117,49.8,0,0.37234252959246594,2,False,0
8399-YNDCH,1,84,84,60.05,10,0.30651028622299525,0,False,1
3164-YAXFY,1,28,114,53.75,3,0.46022490269110833,0,False,0
0887-WBJVH,1,26,159,93.45,1,0.5447375245810483,2,False,0
4660-IRIBM,1,14,72,87.9,3,0.11463392396900582,0,False,0
5673-FSSMF,1,68,4,60.15,9,0.5738561346345605,0,True,1
7670-ZBPOQ,1,14,232,61.05,2,0.34264722312700113,1,False,0
8089-UZWLX,1,9,142,104.05,4,0.24708878343967317,0,False,0
0080-OROZO,1,4,140,99.25,0,0.5218229233411167,1,False,0
3916-NRPAP,1,25,9,85.7,3,0.13277075925962495,0,False,0
6807-SIWJI,1,23,152,104.85,2,0.4783064737808258,0,False,0
8221-HVAYI,1,11,70,69.15,0,0.2197537430270822,2,False,0
1579-KLYDT,1,54,28,90.45,8,0.6263272464760068,0,True,1
5232-NXPAY,1,15,94,74.45,1,0.13106445182139484,2,False,0
8967-SZQAS,1,5,28,50.45,5,0.6047070966919518,0,False,0
4468-KAZHE,1,11,60,60.0,4,0.7461937277509818,0,False,0
0455-ENTCR,1,25,198,85.25,2,0.5374584981037964,1,False,0
8944-AILEF,1,18,60,19.45,2,0.3053907058781311,0,False,0
5542-NKVRU,1,13,84,20.75,2,0.22560760020484327,0,False,0
7126-RBHSD,1,11,34,78.9,3,0.5782336615706747,0,False,0
5370-IIVVL,1,14,111,104.5,2,0.2911102373688146,1,False,0
6789-HJBWG,1,28,36,49.4,3,0.6348160360220221,0,False,0
3927-NLNRY,1,47,212,94.25,7,0.11569644312287987,0,True,1
9087-EYCPR,1,27,120,25.0,0,0.3843944739001577,0,False,0
6791-YBNAK,1,28,54,25.55,5,0.2713590871317009,0,False,0
6358-LYNGM,1,76,4,74.9,7,0.7312673757742173,0,True,1
6077-BDPXA,1,28,6,70.15,4,0.8356450476899999,0,False,0
0013-MHZWF,1,19,18,69.4,2,0.38102212879411745,1,False,0
5494-HECPR,1,76,3,80.25,6,0.4663454109905604,0,True,1
8268-YDIXR,1,27,224,93.15,6,0.7297024786609546,0,False,0
9824-BEMCV,1,69,51,69.0,8,0.7554095790773081,0,True,1
1373-ORVIZ,1,78,44,66.35,9,0.5062083998842859,2,True,1
4291-SHSBH,1,8,14,69.55,6,0.7986731238722902,0,False,0
6980-IMXXE,1,20,276,20.2,0,0.11889036453987312,0,False,0
9866-QEVEE,1,71,76,86.0,10,0.27840197391697025,0,False,1
9897-KXHCM,1,70,12,80.3,7,0.6635383128721184,0,True,1
0040-HALCW,1,4,216,20.4,1,0.21011760650529096,0,False,0
0784-GTUUK,1,14,248,23.75,1,0.36423624899729745,0,False,0
7979-CORPM,1,81,72,90.55,7,0.3401535120902417,0,True,1
2294-DMMUS,1,2,248,70.45,4,0.377787914086419,0,False,0
0872-JCPIB,1,16,68,65.75,5,0.19446685798929456,0,False,0
3055-MJDSB,1,3,18,24.6,2,0.10645834001854326,0,False,0
9091-WTUUY,1,26,256,69.25,1,0.34343838009926564,1,False,0
1618-CFHME,1,88,4,75.9,8,0.4914811743254116,0,False,1
3165-HDOEW,1,74,3,45.85,7,0.2401468121701167,0,True,1
6581-NQCBA,1,35,48,49.95,3,0.6895453289917978,1,False,1
7115-IRDHS,1,24,288,24.65,2,0.16484055360258726,0,False,0
8496-DMZUK,1,16,90,90.4,6,0.19357262883589715,0,False,0
2040-VZIKE,1,7,196,100.85,3,0.23172399590133677,0,False,0
9068-VPWQQ,1,13,183,75.35,2,0.18154745504963232,2,False,0
0178-SZBHO,1,13,188,87.2,2,0.6974925524169813,0,False,0
0384-RVBPI,1,5,80,64.4,3,0.10287899334835801,0,False,0
1689-MRZQR,1,35,68,78.3,9,0.5577401037539544,0,False,1
1299-AURJA,1,20,140,24.7,2,0.3497660078988927,0,False,0
4525-VZCZG,1,22,108,105.85,1,0.6255777714148705,1,False,0
1543-LLLFT,1,18,122,98.3,2,0.29092173032258195,2,False,0
5835-BEQEU,1,33,12,76.95,7,0.5261335667376247,0,True,1
2788-CJQAQ,1,18,39,19.45,1,0.2949635993345998,0,False,0
5565-FILXA,1,40,64,96.15,10,0.7164626854222591,0,False,1
0319-QZTCO,1,10,6,58.7,4,0.2785862918190415,0,False,0
2120-SMPEX,1,23,50,20.15,0,0.28850756879257267,0,False,0
0096-FCPUF,1,13,90,64.5,5,0.13345594733859925,0,False,0
0668-OGMHD,1,18,42,28.5,4,0.5770995044217032,0,False,0
5552-ZNFSJ,1,38,4,45.3,9,0.7171884616868345,0,True,1
2223-KAGMX,1,84,60,19.4,8,0.35028159209749976,0,True,1
6507-ZJSUR,1,15,92,90.45,2,0.7003989093837795,0,False,0
9408-HRXRK,1,13,180,105.15,2,0.7863423752990885,0,False,0
5593-SUAOO,1,18,96,83.15,4,0.14288110546171542,0,False,0
7321-PKUYW,1,69,33,90.15,5,0.7864316340506616,2,True,1
2833-SLKDQ,1,66,4,45.05,11,0.17466507295065864,0,False,1
6766-HFKLA,1,23,112,103.2,1,0.293668421531571,1,False,0
7595-EUIVN,1,53,2,75.8,8,0.5998987293057138,0,True,1
7617-EYGLW,1,19,2,19.45,2,0.6890154313672916,0,False,0
2026-TGDHM,1,35,14,79.3,8,0.7543390452022056,0,True,1
9220-ZNKJI,1,7,165,88.8,1,0.16028846946876724,2,False,0
4030-VPZBD,1,49,4,30.9,6,0.726926505529643,1,False,1
2226-ICFDO,1,26,216,85.9,2,0.3277436921612414,1,False,0
0723-VSOBE,1,14,90,34.2,2,0.6123972927408579,0,False,0
5529-GIBVH,1,14,141,20.15,1,0.12799909231419315,0,False,0
4187-CINZD,1,44,138,95.25,9,0.20553392982870997,0,True,1
9992-UJOEL,1,13,6,50.3,5,0.14072630235856962,0,False,0
4741-WWJQZ,1,12,4,80.15,1,0.6643599184365832,1,False,0
6625-UTXEW,1,24,36,51.25,4,0.6765559093145791,0,False,0
6818-WOBHJ,1,59,272,89.6,10,0.23872730143027165,0,False,1
6244-BESBM,1,1,276,95.2,0,0.26285904320236225,2,False,0
1004-NOZNR,1,19,112,94.8,6,0.39461564378278047,0,False,0
1251-STYSZ,1,11,16,80.25,3,0.7353830651639892,0,False,0
2612-PHGOX,1,23,256,76.1,1,0.28884144849485527,2,False,0
2408-TZMJL,1,31,236,110.15,12,0.565409119779992,0,False,1
8480-PPONV,1,23,124,115.55,1,0.10812080594108954,2,False,0
8780-IHCRN,1,24,126,24.65,1,0.13495828321562553,0,False,0
4598-ZADCK,1,22,212,53.6,0,0.6304941580456938,2,False,0
1257-SXUXQ,1,19,10,19.45,1,0.21076117847257686,0,False,0
9681-KYGYB,1,18,147,88.2,5,0.576637172294943,0,False,0
7182-OVLBJ,1,12,248,101.15,5,0.36669350757725483,0,False,0
5095-ETBRJ,1,23,110,56.8,2,0.24535266715413137,2,False,0
7005-CYUIL,1,28,142,99.4,0,0.6879134933409041,1,False,0
4821-WQOYN,1,28,288,20.1,2,0.3659915531206599,0,False,0
4730-AWNAU,1,28,72,60.7,0,0.12405438751436634,1,False,0
3452-FLHYD,1,27,100,20.95,0,0.3836088935300608,0,False,0
2388-LAESQ,1,1,144,114.85,1,0.12308646508226724,2,False,0
9531-NSBMR,1,19,108,19.25,0,0.3890518345741639,0,False,0
6260-ONULR,1,28,4,62.8,4,0.23578447527981714,0,False,0
4389-UEFCZ,1,27,216,105.5,3,0.6605141210109924,0,False,0
8711-LOBKY,1,20,236,19.85,2,0.3118433101569561,0,False,0
9134-CEQMF,1,78,14,89.5,9,0.6396552364430156,0,True,1
8985-OOPOS,1,17,3,74.1,2,0.285836445650693,2,False,0
8800-ZKRFW,1,5,60,107.5,0,0.8725977177793912,2,False,0
2616-FLVQC,1,26,256,19.55,0,0.3782054471989721,0,False,0
9968-FFVVH,1,3,252,68.8,1,0.2962978150777261,1,False,0
3108-PCCGG,1,2,288,84.45,3,0.2973156036803576,0,False,0
7993-PYKOF,1,67,32,75.0,8,0.654249954574519,0,True,1
8390-FESFV,1,8,248,84.5,1,0.3485870484154372,1,False,0
3022-BEXHZ,1,16,201,111.2,0,0.2897809999006231,2,False,0
5027-XWQHA,1,65,24,44.75,8,0.732914088970452,0,True,1
6248-TKCQV,1,13,140,80.6,1,0.297355723086393,2,False,0
6729-GDNGC,1,23,60,80.7,4,0.18979600780948452,0,False,0
6198-ZFIOJ,1,28,10,75.6,2,0.6446949815155467,0,False,0
5989-OMNJE,1,22,96,57.6,4,0.48074193070245935,0,False,0
4566-QVRRW,1,35,22,44.05,9,0.7117890310715802,0,True,1
1291-CUOCY,1,16,216,110.6,1,0.18521540725262053,2,False,0
9795-SHUHB,1,28,198,58.2,1,0.2891528543772443,1,False,0
3230-IUALN,1,16,135,81.0,0,0.11759693346513148,1,False,0
0042-RLHYP,1,3,138,19.7,2,0.21269891950168815,0,False,0
8519-IMDHU,1,52,45,85.6,11,0.1781659646109327,0,True,1
4945-RVMTE,1,13,56,59.55,3,0.21110022340033394,0,False,0
0201-OAMXR,1,73,280,115.55,6,0.11628502892697612,1,True,1
1866-NXPSP,1,8,144,75.55,1,0.31725442565003403,1,False,0
3372-KWFBM,1,42,32,86.6,11,0.5904366326976394,0,True,1
7831-QGOXH,1,69,54,85.2,10,0.4660776492100005,0,False,1
6393-WRYZE,1,31,68,97.65,5,0.6936936608352475,0,True,1
3941-XTSKM,1,22,84,45.1,5,0.15786291470951497,0,False,0
1661-CZBAU,1,21,96,70.95,2,0.34841838953363824,1,False,0
6599-RCLCJ,1,66,188,109.55,4,0.6923912560282626,1,False,1
9831-BPFRI,1,38,78,89.55,7,0.7186828143247068,2,True,1
5158-RIVOP,1,21,44,20.9,0,0.25783544801426395,0,False,0
9788-YTFGE,1,25,14,19.95,0,0.21022517349502293,0,False,0
9277-JOOMO,1,9,12,24.6,2,0.2276784594326185,0,False,0
1907-YLNYW,1,1,16,66.7,5,0.6371579771885659,0,False,0
1725-MIMXW,1,53,2,19.45,7,0.14562832111618879,0,True,1
8947-YRTDV,1,23,96,94.8,6,0.20942101718210776,0,False,0
3161-ONRWK,1,19,180,65.85,2,0.34483253278283366,1,False,0
0114-RSRRW,1,23,20,19.95,0,0.15471943587444176,0,False,0
4565-NLZBV,1,11,142,24.65,0,0.31895597408623466,0,False,0
0031-PVLZI,1,60,8,20.35,5,0.2954759800804573,0,True,1
7206-GZCDC,1,78,2,69.25,9,0.6104719446043987,0,True,1
6682-VCIXC,1,13,129,51.25,0,0.10672866053130414,1,False,0
4791-QRGMF,1,89,236,99.5,9,0.20575853877350472,0,True,1
6475-VHUIZ,1,18,46,54.25,2,0.6932033647094575,2,False,0
3910-MRQOY,1,23,216,19.4,0,0.19912537820819848,0,False,0
0661-WCQNQ,1,15,44,56.25,2,0.3003199901801482,2,False,0
7537-RBWEA,1,1,2,25.15,3,0.2996374429083945,0,False,0
4656-CAURT,1,21,276,23.95,2,0.34196638678728064,0,False,0
0121-SNYRK,1,25,100,35.4,2,0.12984568441115343,2,False,0
1768-ZAIFU,1,38,2,25.2,10,0.5873462328520939,0,True,1
4671-LXRDQ,1,63,8,45.0,7,0.11874913587199436,0,True,1
3733-LSYCE,1,27,60,75.35,4,0.15278414208200136,0,False,0
6265-FRMTQ,1,13,124,20.4,2,0.19765027085684278,0,False,0
1934-SJVJK,1,64,4,20.15,9,0.3122167721288398,0,True,1
3838-OZURD,1,30,198,105.0,7,0.39216339250122445,0,False,1
9269-CQOOL,1,69,9,54.7,9,0.20275624431577322,0,True,1
2017-CCBLH,1,19,24,20.0,1,0.2563433456208053,0,False,0
7690-KPNCU,1,15,128,73.05,4,0.17771667862673063,0,False,0
0536-BGFMZ,1,8,112,20.5,0,0.30264688618288443,0,False,0
2293-IJWPS,1,19,228,100.75,2,0.20997576038513396,0,False,0
2845-HSJCY,1,40,42,87.25,9,0.7288561785331021,0,True,1
5469-NUJUR,1,7,38,19.95,1,0.2703438627551887,0,False,0
1184-PJVDB,1,66,20,79.95,10,0.6873482455828324,0,False,1
2625-TRCZQ,1,16,102,49.65,5,0.48048513007852034,0,False,0
4102-HLENU,1,20,201,65.65,5,0.26647032813597815,0,False,0
7266-GSSJX,1,27,22,20.45,2,0.5312153003164646,0,False,0
7722-VJRQD,1,6,144,60.95,0,0.14012952594390016,2,False,0
7073-QETQY,1,27,132,20.35,2,0.5594089489980133,0,False,0
9415-DPEWS,1,66,72,88.35,8,0.8053048685072856,1,True,1
5624-RYAMH,1,21,27,19.5,1,0.7510940454593373,0,False,0
0196-JTUQI,1,13,36,75.2,4,0.10999907632710247,0,False,0
7130-YXBRO,1,25,192,111.45,4,0.3068204473708757,0,False,0
9272-LSVYH,1,21,30,70.15,4,0.26625619394120625,0,False,0
7943-RQCHR,1,55,36,94.75,8,0.7254424998473272,0,False,1
3793-MMFUH,1,33,26,95.05,10,0.7842970323287857,0,False,1
3249-ZPQRG,1,54,8,78.45,7,0.7059134287665922,0,True,1
2568-BRGYX,1,74,8,70.2,11,0.5126241230919808,0,True,1
3084-DOWLE,1,13,144,92.0,0,0.23794450710079007,2,False,0
1084-MNSMJ,1,17,153,85.5,2,0.3175493100787018,2,False,0
7721-JXEAW,1,47,236,41.05,11,0.3855209905269614,0,True,1
7249-WBIYX,1,69,40,85.6,9,0.5568013517390253,0,True,1
4238-HFHSN,1,5,122,82.15,3,0.8186760546250971,0,False,0
6250-CGGUN,1,22,108,84.4,1,0.7653658254497322,1,False,0
5478-JJVZK,1,21,132,60.9,5,0.12348783314267865,0,False,0
7596-IIWYC,1,28,81,20.25,1,0.2673930550858864,0,False,0
6567-HOOPW,1,61,4,79.2,6,0.47368964443097483,0,False,1
9793-WECQC,1,28,46,95.3,3,0.3050647876533294,0,False,0
4291-HPAXL,1,9,2,19.85,1,0.2830254540821918,0,False,0
8999-YPYBV,1,2,135,84.35,1,0.39191442749014993,1,False,0
1839-FBNFR,1,25,156,19.85,1,0.3806147995374429,0,False,0
3164-AALRN,1,44,15,70.0,6,0.10281185007966437,0,True,1
3071-MVJCD,1,18,216,82.3,2,0.1240088290515099,1,False,0
1697-BCSHV,1,9,116,66.8,3,0.3307402934288684,0,False,0
0562-KBDVM,1,6,280,44.6,1,0.3056929218928231,1,False,0
1131-SUEKT,1,11,122,98.45,0,0.34028367955506744,1,False,0
3717-OEAUQ,1,25,8,70.7,3,0.18004447680049712,0,False,0
4538-WNTMJ,1,29,92,24.95,0,0.354796830628743,0,False,0
3334-CTHOL,1,31,2,49.95,12,0.2327258415964408,0,True,1
4704-ERYFC,1,43,88,69.25,10,0.4938913957305622,0,False,1
9432-RUVSL,1,13,192,102.5,0,0.10318232427546771,2,False,0
8060-HIWJJ,1,11,128,86.55,0,0.36140921044587815,1,False,0
7684-XSZIY,1,14,288,24.3,0,0.26060315477205176,0,False,0
9089-UOWJG,1,2,24,58.35,6,0.39261462512559786,0,False,0
8621-MNIHH,1,68,136,94.25,9,0.6197865431105885,0,True,1
8039-ACLPL,1,3,144,68.75,5,0.12412514304693359,0,False,0
9885-AIBVB,1,23,58,85.8,5,0.6635313302953953,0,False,0
1934-MKPXS,1,21,66,20.1,0,0.10513736194700425,0,False,0
2592-YKDIF,1,3,3,20.35,1,0.2673345562638797,0,False,0
2272-JKMSI,1,1,248,110.8,0,0.6154806678117702,1,False,0
0471-LVHGK,1,80,82,73.0,11,0.6798767943761199,0,True,1
9518-RWHZL,1,37,192,100.05,8,0.2624722618738813,0,False,1
8714-CTZJW,1,18,8,82.85,3,0.17840509702434654,0,False,0
3569-EDBPQ,1,17,72,84.35,0,0.6476648838803898,2,False,0
3131-NWVFJ,1,20,28,19.55,0,0.2214134459025249,0,False,0
7521-YXVZY,1,29,6,19.95,1,0.3960508944548814,0,False,0
5419-CONWX,1,58,12,99.8,9,0.2307095921647815,0,False,1
6240-EURKS,1,62,54,35.0,11,0.7196809868786069,0,False,1
2373-NTKOD,1,3,32,66.25,4,0.4792737982272213,0,False,0
1970-KKFWL,1,1,140,23.3,2,0.2136597293252211,0,False,0
6960-HVYXR,1,68,3,76.0,8,0.6539927665797662,0,True,1
9337-SRRNI,1,25,264,25.3,1,0.32535895399854464,0,False,0
0895-UADGO,1,13,24,44.55,1,0.258515097195118,2,False,0
5678-VFNEQ,1,17,284,104.1,3,0.2545886637402344,0,False,0
5977-CKHON,1,28,86,92.55,6,0.32917207377915075,0,False,0
7024-OHCCK,1,86,8,93.85,8,0.5069558799820761,0,False,1
2692-BUCFV,1,2,58,101.45,4,0.12718315626141777,0,False,0
7861-UVUFT,1,66,30,84.3,10,0.6880887275525733,0,True,1
1830-GGFNM,1,16,260,94.55,2,0.1476988706348304,2,False,0
5302-BDJNT,1,2,105,95.5,0,0.7888370768413546,2,False,0
5223-UZAVK,1,29,128,100.3,3,0.27325346424300756,0,False,0
4859-ZSRDZ,1,19,116,55.5,2,0.2339801293982856,1,False,0
5651-WYIPH,1,23,72,49.85,6,0.3736155634469702,0,False,0
9350-VLHMB,1,19,201,89.55,3,0.370108416210131,0,False,0
3498-LZGQZ,1,25,189,19.15,0,0.2247091837222629,0,False,0
8785-CJSHH,1,16,240,99.8,5,0.8239770064923332,0,False,0
5357-TZHPP,1,88,27,84.4,10,0.1192077799429037,0,True,1
3870-SPZSI,1,19,280,113.05,2,0.3657157435997641,1,False,0
0680-DFNNY,1,62,60,101.1,7,0.588584524297576,0,True,1
7560-QRBXH,1,1,192,19.95,2,0.26953668530218644,0,False,0
7077-XJMET,1,10,24,74.15,2,0.5584907300600399,2,False,0
8752-GHJFU,1,19,142,92.0,0,0.8868972067335792,2,False,0
6896-SRVYQ,1,1,88,73.85,4,0.5022900957912471,0,False,0
7767-UXAGJ,1,76,4,50.45,10,0.670426684217422,0,True,1
4652-ODEVH,1,16,90,24.45,1,0.2862964464500684,0,False,0
6510-UPNKS,1,12,46,24.8,1,0.28468367570118713,0,False,0
6718-BDGHG,1,8,86,64.85,1,0.32162751692945324,1,False,0
9046-DQMTP,1,23,140,20.75,0,0.31732459789661294,0,False,0
6439-LAJXL,1,18,36,68.95,2,0.3379428115600911,1,False,0
1571-SAVHK,1,44,48,99.95,9,0.1702862228469075,1,True,1
9052-VKDUW,1,25,130,109.4,5,0.2111519480205684,0,False,0
9546-CQJSU,1,37,6,91.4,7,0.6265706660354796,0,True,1
1666-JZPZT,1,13,54,49.0,6,0.3867518982730427,0,False,0
5777-KJIRB,1,6,80,50.25,6,0.22279355712556248,0,False,0
0506-LVNGN,1,76,20,75.55,8,0.1665607632114031,0,True,1
7677-SJJJK,1,26,32,19.9,1,0.28970332791752523,0,False,0
2480-EJWYP,1,6,116,97.8,4,0.2281800744475685,0,False,0
3253-HKOKL,1,9,104,100.3,3,0.5507485042314025,0,False,0
7055-HNEOJ,1,16,9,55.8,0,0.3145406423374604,1,False,0
5514-YQENT,1,11,123,111.15,1,0.4973418267775594,1,False,0
3211-AAPKX,1,7,80,98.55,2,0.29000621219780454,2,False,0
8445-DNBAE,1,10,3,50.05,4,0.7276296244716269,0,False,0
2951-QOQTK,1,80,12,80.8,4,0.19575014929920165,2,False,1
2958-NHPPS,1,25,92,20.85,0,0.874960470103781,0,False,0
6806-YDEUL,1,20,18,19.5,1,0.19732225234443398,0,False,0
1735-XMJVH,1,18,16,19.35,0,0.2042522122449905,0,False,0
6890-PFRQX,1,28,54,69.5,4,0.36119150923995136,0,False,0
0222-CNVPT,1,24,208,48.8,2,0.13871300886264798,0,False,0
5899-OUVKV,1,20,62,94.5,5,0.5588953521259024,0,False,0
8681-ICONS,1,29,87,20.65,0,0.18481233522535076,0,False,0
1621-YNCJH,1,9,72,106.05,2,0.277490776982338,1,False,0
3473-XIIIT,1,39,32,100.0,9,0.6498623543695199,0,True,1
6362-QHAFM,1,4,126,108.3,0,0.7497890108848086,1,False,0
7893-IXHRQ,1,67,3,20.55,8,0.5940214730037933,0,False,1
3070-BDOQC,1,9,240,99.65,5,0.5423901472552228,0,False,0
2952-QAYZF,1,37,20,85.3,6,0.6597087065880937,0,True,1
6234-PFPXL,1,9,44,95.9,2,0.16514476067761974,2,False,0
9824-QCJPK,1,26,144,20.0,2,0.2268413891471335,0,False,0
4763-PGDPO,1,55,8,70.4,9,0.6759833750858356,0,True,1
4283-IVYCI,1,17,18,64.95,1,0.3920952706842744,1,False,0
1866-OBPNR,1,16,4,74.6,4,0.12396599736327797,0,False,0
8205-MQUGY,1,15,48,49.2,3,0.6161800239105243,0,False,0
8970-ANWXO,1,3,92,73.75,0,0.21888128822263928,2,False,0
9480-BQJEI,1,25,186,92.3,4,0.34727237483535345,0,False,0
5394-SVGJV,1,69,74,98.8,6,0.3700891357085303,1,True,1
6979-TNDEU,1,5,16,19.2,2,0.3721039505594095,0,False,0
9777-WJJPR,1,23,62,88.65,4,0.21254179391247816,0,False,0
9283-LZQOH,1,62,52,74.4,12,0.19139654406864462,0,True,1
7079-QRCBC,1,76,96,98.75,7,0.605755909257409,0,False,1
9495-SKLKD,1,15,180,95.95,3,0.20319589179154093,0,False,0
6048-UWKAL,1,18,276,105.4,0,0.3156552941704581,2,False,0
5067-DGXLL,1,15,8,20.25,0,0.16407131458887478,0,False,0
5469-CTCWN,1,41,183,106.0,11,0.5986607816771379,0,True,1
9851-QXEEQ,1,73,164,104.7,7,0.825297717371284,0,False,1
6281-FKEWS,1,13,88,49.05,4,0.5514433607942606,0,False,0
8898-KASCD,1,4,156,35.55,0,0.3030671849766473,2,False,0
9242-TKFSV,1,10,144,65.1,2,0.1430683364672135,1,False,0
9290-SHCMB,1,13,52,96.85,3,0.6332526507183708,0,False,0
0743-HNPFG,1,10,204,69.75,1,0.13469334341945982,2,False,0
2277-BKJKN,1,29,142,99.2,4,0.5625673314577735,0,False,0
9809-IMGCQ,1,37,44,96.7,9,0.5088437108159153,0,False,1
5208-HFSBT,1,71,4,55.05,4,0.26884914868053833,1,False,1
5035-PGZXH,1,3,112,106.8,6,0.7459618559187242,0,False,0
8695-WDYEA,1,16,3,51.25,4,0.13805710711327474,0,False,0
6543-JXSOO,1,14,46,57.75,0,0.3610044821772175,1,False,0
8016-ZMGMO,1,9,264,70.85,4,0.3528148853290678,0,False,0
8605-ITULD,1,21,4,19.55,0,0.3182164079508675,0,False,0
3254-YRILK,1,83,57,88.2,6,0.6598031662528139,0,False,1
6416-YJTTB,1,3,22,79.5,4,0.10046717044765775,0,False,0
2667-WYLWJ,1,58,32,19.75,8,0.32042948239008906,0,True,1
4472-VESGY,1,29,156,98.15,3,0.36369584340293193,0,False,0
3195-TQDZX,1,10,12,20.25,2,0.5577067819234932,0,False,0
3128-YOVTD,1,13,153,79.15,3,0.31539626836633566,0,False,0
0529-ONKER,1,51,45,75.65,9,0.5715770679854336,0,True,1
1728-CXQBE,1,24,128,94.25,5,0.6195443274703143,0,False,0
7041-TXQJH,1,13,111,40.2,4,0.12049255625466793,0,False,0
5014-GSOUQ,1,12,52,19.95,0,0.2761559007666047,0,False,0
5724-BIDBU,1,5,196,55.35,4,0.6672005601442114,0,False,0
0481-SUMCB,1,10,90,102.15,4,0.19064696632714587,0,False,0
1769-GRUIK,1,28,36,71.1,3,0.5956840953089537,0,False,0
5240-IJOQT,1,55,3,74.7,9,0.696307181364957,0,True,1
8819-WFGGJ,1,9,136,54.1,5,0.26067322120498393,0,False,0
7427-AUFPY,1,20,216,19.65,0,0.2739274375371588,0,False,0
2811-POVEX,1,7,92,88.45,5,0.28450626670914214,0,False,0
1092-GANHU,1,52,34,76.65,8,0.8375246553355296,0,False,1
7898-PDWQE,1,22,142,80.4,1,0.11807669336402729,2,False,0
9972-EWRJS,1,24,134,19.25,1,0.3679863303557599,0,False,0
9314-IJWSQ,1,28,42,84.8,6,0.5114060605740425,0,False,0
0661-XEYAN,1,84,3,25.8,9,0.12338507487890424,0,False,1
5799-JRCZO,1,7,252,19.5,2,0.29717975563939947,0,False,0
1921-KYSAY,1,8,123,68.6,2,0.8213549850976615,1,False,0
6198-RTPMF,1,7,51,92.6,2,0.504602624728289,0,False,0
2924-KHUVI,1,21,168,100.55,5,0.6102743177330553,0,False,0
1925-GMVBW,1,23,15,20.55,1,0.25893535760313574,0,False,0
7881-EVUAD,1,38,8,42.6,8,0.5631935059585004,0,False,1
6184-DYUOB,1,14,6,19.6,2,0.39486164474589047,0,False,0
9207-ZPANB,1,26,148,67.45,0,0.6690175083653941,2,False,0
5766-XQXMQ,1,39,87,68.85,10,0.3533052018540135,0,True,1
9327-QSDED,1,5,16,43.55,4,0.2247333045915141,0,False,0
1656-DRSMG,1,23,126,109.85,1,0.20618676614344533,1,False,0
3012-VFFMN,1,25,14,20.65,0,0.2659473684643277,0,False,0
2984-AFWNC,1,18,12,95.4,4,0.5451682201414862,0,False,0
0640-YJTPY,1,20,144,21.0,0,0.3144844165410384,0,False,0
8096-LOIST,1,12,76,56.2,3,0.582620673190009,0,False,0
9764-REAFF,1,23,236,18.4,1,0.2348773093277199,0,False,0
3703-VAVCL,1,54,6,90.0,6,0.36853982418821796,2,False,1
7107-UBYKY,1,13,105,25.75,0,0.8101550366489874,0,False,0
4881-GQJTW,1,2,28,19.6,0,0.15042104950536833,0,False,0
8519-QJGJD,1,67,28,75.35,8,0.7838823645086448,0,False,1
7876-DNYAP,1,13,207,19.8,1,0.27670497713355646,0,False,0
7905-NJMXS,1,26,28,64.2,0,0.7168356451744446,1,False,0
2882-WDTBA,1,7,276,75.75,1,0.18827696975477984,2,False,0
2091-GPPIQ,1,28,216,78.95,2,0.60693167921453,2,False,0
6326-MTTXK,1,63,32,100.85,10,0.755136086335215,0,False,1
5071-FBJFS,1,23,12,50.3,4,0.6610907901741973,0,False,0
2796-UUZZO,1,6,189,80.3,4,0.149518484653058,0,False,0
2429-AYKKO,1,3,144,19.85,0,0.2134914738950442,0,False,0
9798-OPFEM,1,26,92,21.1,1,0.5786793254538919,0,False,0
0330-IVZHA,1,73,15,69.95,12,0.7448753513902531,0,False,1
3794-NFNCH,1,18,60,50.0,4,0.14432377263225935,0,False,0
5193-QLVZB,1,11,189,104.75,4,0.18553777211825345,0,False,0
7114-AEOZE,1,22,240,19.85,1,0.3643243016661677,0,False,0
2886-KEFUM,1,53,252,107.5,10,0.6010076924565276,0,False,1
5522-NYKPB,1,5,100,85.9,1,0.5645972416588028,2,False,0
4237-RLAQD,1,36,4,45.85,9,0.26430006700446573,0,True,1
9957-YODKZ,1,22,18,80.8,5,0.46827607148052625,0,False,0
6518-KZXCB,1,27,88,25.25,1,0.10755193891168305,0,False,0
2245-ADZFJ,1,28,124,80.55,0,0.28111974368914094,1,False,0
7776-QGYJC,1,19,156,81.5,2,0.3142377798354188,2,False,0
9313-QOLTZ,1,15,104,20.9,2,0.3639345296337939,0,False,0
9651-GTSAQ,1,78,159,106.1,8,0.33156500831941715,0,False,1
3186-BAXNB,1,58,4,91.7,7,0.8159477872779863,1,False,1
4672-FOTSD,1,9,24,67.25,2,0.8633527790470368,1,False,0
0637-YLETY,1,51,32,95.6,10,0.3234806343237395,0,True,1
9818-XQCUV,1,15,4,20.35,0,0.3603769902491003,0,False,0
7338-ERIVA,1,25,78,45.05,1,0.3021194509684555,1,False,0
1157-BQCUW,1,79,2,74.95,10,0.5462266470511725,0,True,1
8259-NFJTV,1,23,14,34.65,2,0.1545107278966855,2,False,0
3223-DWFIO,1,3,12,69.35,4,0.5749219629928355,0,False,0
2660-EMUBI,1,36,20,95.35,9,0.7876983371928266,0,False,1
6968-GMKPR,1,14,220,81.55,3,0.6175460655696029,0,False,0
4751-ERMAN,1,17,144,75.4,5,0.3369729251396574,0,False,0
1436-ZMJAN,1,19,30,67.8,3,0.1993472010473093,0,False,0
3292-PBZEJ,1,6,22,111.4,0,0.5533165200725638,1,False,0
0799-DDIHE,1,4,60,46.3,4,0.48612469777763456,0,False,0
3070-FNFZQ,1,7,92,20.4,1,0.3667022201305292,0,False,0
2812-SFXMJ,1,19,3,20.05,1,0.3559010288234825,0,False,0
7675-OZCZG,1,57,9,45.0,7,0.7385332608153456,0,True,1
5014-WUQMG,1,25,141,96.1,3,0.6115269029649365,0,False,0
5312-TSZVC,1,16,45,19.65,1,0.15227492067323012,0,False,0
2003-CKLOR,1,36,132,99.5,8,0.5503694901660928,0,False,1
0993-OSGPT,1,22,136,60.65,0,0.17891880260250154,1,False,0
9254-RBFON,1,61,68,98.6,5,0.35153795155932066,2,False,1
1205-WNWPJ,1,42,21,59.5,4,0.15845072746018599,2,True,1
9391-EOYLI,1,59,36,80.45,10,0.6638771954840241,0,True,1
7108-DGVUU,1,18,42,71.7,3,0.2714143293457937,0,False,0
2782-JEEBU,1,28,63,36.0,2,0.2275035541487612,2,False,0
5127-BZENZ,1,16,224,65.2,2,0.17220637951913778,0,False,0
2720-FVBQP,1,20,24,48.95,4,0.3880882872643395,0,False,0
9906-NHHVC,1,19,195,53.5,4,0.22401977268070677,0,False,0
4522-XRWWI,1,10,168,80.45,1,0.3181929986609995,2,False,0
3766-EJLFL,1,17,272,109.05,2,0.1552139462968687,2,False,0
5939-SXWHM,1,13,96,26.3,0,0.3468433505608685,0,False,0
8152-UOBNY,1,13,200,106.8,0,0.6469164059223531,2,False,0
7351-KYHQH,1,7,21,64.95,4,0.7921788482832339,0,False,0
7643-RCHXS,1,27,189,19.35,1,0.5876474660331625,0,False,0
8246-SHFGA,1,10,68,21.1,1,0.14396714229442795,0,False,0
8387-MOJJT,1,45,126,77.95,7,0.10748475884682318,0,False,1
0620-XEFWH,1,4,8,18.85,2,0.37922447961454175,0,False,0
6485-QXWWE,1,25,248,26.0,0,0.13770715406936196,0,False,0
2761-OCIAX,1,47,8,74.7,9,0.6320160642704736,0,False,1
7321-VGNKU,1,24,8,70.35,5,0.7152490083928963,0,False,0
5327-CNLUQ,1,18,144,96.9,3,0.20251601273455797,0,False,0
7552-KEYGT,1,23,81,19.55,1,0.15561486986641856,0,False,0
5816-JMLGY,1,6,280,80.4,1,0.15349847483662446,1,False,0
3068-OMWZA,1,79,3,88.8,9,0.7555221943517885,0,False,1
2927-QRRQV,1,25,138,94.65,4,0.6127922792466926,0,False,0
6032-KRXXO,1,83,120,90.25,9,0.6871804852354071,0,False,1
7459-RRWQZ,1,57,60,64.65,11,0.2920009235235809,0,True,1
6265-SXWBU,1,14,207,95.75,4,0.34578249282415746,0,False,0
7941-RCJOW,1,24,260,19.55,1,0.10972391873578263,0,False,0
6374-NTQLP,1,11,288,104.1,2,0.3012979441085786,2,False,0
4154-AQUGT,1,67,52,89.05,4,0.1701125915288863,1,True,1
2387-KDZQY,1,19,68,20.1,1,0.17585168798971307,0,False,0
3584-WKTTW,1,2,153,111.55,1,0.7809044964830031,1,False,0
3399-BMLVW,1,28,204,60.5,2,0.3380298876474823,1,False,0
1971-DTCZB,1,3,144,90.95,2,0.21152064254156583,2,False,0
3092-IGHWF,1,58,268,87.4,9,0.6973076110731198,0,True,1
3374-PZLXD,1,6,68,19.7,1,0.23312340260570671,0,False,0
3813-DHBBB,1,29,268,50.95,0,0.35729360451111425,1,False,0
2812-REYAT,1,14,98,20.05,0,0.1074711316535778,0,False,0
6518-PPLMZ,1,19,106,19.4,2,0.1250485212444552,0,False,0
4939-KYYPY,1,26,108,59.45,0,0.6741909100033414,2,False,0
8017-LXHFA,1,39,92,94.75,10,0.7621007727295447,0,True,1
5930-GBIWP,1,21,276,81.5,0,0.26770607609065555,1,False,0
6022-KOUQO,1,22,4,29.05,1,0.28419364220157206,1,False,0
6352-TWCAU,1,63,105,86.45,11,0.8418873580734723,0,False,1
2361-UPSND,1,7,138,70.6,0,0.2966611094314199,2,False,0
6035-RIIOM,1,27,216,97.2,3,0.2942428349979508,0,False,0
2929-QNSRW,1,52,168,98.25,10,0.7841122759650803,0,True,1
1262-OPMFY,1,84,27,75.75,10,0.3599862116919481,0,False,1
9504-DSHWM,1,20,80,59.2,2,0.1785737434715065,1,False,0
5035-BVCXS,1,16,22,75.9,4,0.28502465776999125,0,False,0
6267-DCFFZ,1,22,120,90.05,2,0.6935804527428586,0,False,0
3533-UVMOM,1,27,204,70.95,5,0.14045484444950276,0,False,0
2439-LYPMQ,1,7,76,102.6,4,0.6657215103067753,0,False,0
4248-QPAVC,1,37,51,85.35,11,0.12086515442213962,0,False,1
1899-VXWXM,1,30,96,106.1,12,0.1554878762207019,0,True,1
1478-VPOAD,1,1,3,43.8,3,0.740379231214281,0,False,0
9995-HOTOH,1,29,252,59.0,5,0.48075716944329816,0,False,0
2988-PLAHS,1,8,9,69.95,4,0.7627806217500037,0,False,0
1371-OJCEK,1,24,144,24.35,2,0.19704420879792212,0,False,0
4999-IEZLT,1,22,132,29.45,0,0.2665939872179838,2,False,0
8883-ANODQ,1,4,204,84.4,3,0.17049206273572093,0,False,0
4690-LLKUA,1,37,68,45.05,10,0.5618524314911089,0,False,1
2351-RRBUE,1,27,28,20.65,1,0.3602000299444782,0,False,0
5980-BDHPY,1,3,288,87.1,0,0.21286509334580694,2,False,0
1498-DQNRX,1,22,58,19.85,0,0.20590928140028072,0,False,0
9469-WEJBT,1,13,74,90.35,0,0.7026516359753112,1,False,0
3331-HQDTW,1,32,102,109.8,9,0.1301478532732946,0,False,1
9490-DFPMD,1,80,126,84.65,10,0.6134229208297661,0,True,1
2581-VKIRT,1,27,177,65.5,0,0.10207007518844968,1,False,0
5442-XSDCW,1,57,22,79.5,10,0.2510191435446856,0,False,1
7426-WEIJX,1,27,120,80.95,2,0.779228368551987,0,False,0
2851-MMUTZ,1,16,81,56.15,0,0.26562193118428956,2,False,0
3049-NDXFL,1,63,2,85.8,9,0.28231755346180587,0,False,1
8580-AECUZ,1,64,2,79.1,10,0.49344025330864505,0,True,1
3307-TLCUD,1,12,68,34.4,4,0.3578544940348226,0,False,0
6625-FLENO,1,23,232,20.75,1,0.21550106584007758,0,False,0
2967-MXRAV,1,9,3,18.8,0,0.3924558041820121,0,False,0
7963-GQRMY,1,61,9,44.3,12,0.136139610859078,0,False,1
8189-HBVRW,1,11,212,90.8,2,0.7346291200147695,0,False,0
4163-KIUHY,1,10,70,25.6,2,0.7307602923276686,0,False,0
1228-FZFRV,1,72,150,105.95,10,0.11570209008717824,0,False,1
3500-NSDOA,1,1,204,70.8,0,0.3915097233510194,1,False,0
1171-TYKUR,1,18,141,25.4,1,0.4313634125228279,0,False,0
3761-FLYZI,1,4,130,108.8,6,0.3192100506072974,0,False,0
2058-DCJBE,1,66,20,69.75,10,0.809028406321512,0,True,1
5364-XYIRR,1,83,153,94.65,10,0.5734026640047232,0,True,1
4829-AUOAX,1,50,184,96.05,8,0.20300715720934254,0,True,1
1219-NNDDO,1,17,36,76.85,2,0.6463011320227257,0,False,0
8388-DMKAE,1,3,16,20.25,1,0.30394278575348893,0,False,0
4403-BWPAY,1,16,28,24.8,0,0.3615627603383783,0,False,0
9659-QEQSY,1,5,90,115.65,1,0.7014820645690207,1,False,0
5405-ZMYXQ,1,16,16,74.6,3,0.20899934314568133,0,False,0
5047-LHVLY,1,36,2,50.15,11,0.34651594353600057,0,True,1
1442-OKRJE,1,20,132,103.15,4,0.38982301632610405,0,False,0
4737-AQCPU,1,15,216,72.1,0,0.16809585437249083,1,False,0
9158-VCTQB,1,62,164,113.6,4,0.12222867803632884,1,True,1
2808-CHTDM,1,20,46,25.1,1,0.2279859195825688,0,False,0
6311-UEUME,1,50,87,78.9,10,0.8336656255449885,0,False,1
0793-TWELN,1,16,16,80.15,5,0.5535729987143727,0,False,0
3283-WCWXT,1,29,12,25.4,0,0.36573945636460303,0,False,0
1060-ENTOF,1,29,134,105.4,0,0.39766390712085,2,False,0
0999-QXNSA,1,17,21,45.75,2,0.11620066926494692,0,False,0
5451-MHQOF,1,28,224,24.45,1,0.2485769121566452,0,False,0
4836-WNFNO,1,24,144,25.0,1,0.1986656484139751,0,False,0
9225-BZLNZ,1,20,288,85.25,2,0.5924555695894816,0,False,0
0354-VXMJC,1,23,69,19.6,0,0.2354904257038926,0,False,0
4422-QVIJA,1,18,70,50.15,5,0.321911186935357,0,False,0
9365-SRSZE,1,18,108,70.55,4,0.6434108136217069,0,False,0
6839-ITVZJ,1,34,78,60.05,8,0.8856920710691789,2,True,1
8332-OSJDW,1,14,36,26.4,1,0.19982937977186022,0,False,0
4735-BJKOU,1,18,80,20.15,1,0.26245122474482285,0,False,0
0274-JKUJR,1,15,28,58.85,2,0.34399855928010914,0,False,0
5740-YHGTW,1,15,140,97.55,4,0.21190852509810407,0,False,0
8917-SZTTJ,1,6,120,19.65,2,0.2395897601832729,0,False,0
1696-MZVAU,1,27,156,25.25,4,0.30549236580556804,0,False,0
7359-WWYJV,1,15,288,114.45,1,0.3582232655812919,1,False,0
0375-HVGXO,1,41,4,34.7,9,0.6849461495185349,0,False,1
4906-ZHGPK,1,4,162,70.7,2,0.6107739139346593,1,False,0
8593-WHYHV,1,34,9,85.3,8,0.6933627234149509,0,False,1
3795-GWTRD,1,8,252,75.55,1,0.11274074858410121,1,False,0
1298-PHBTI,1,15,213,84.8,1,0.6718961378102692,1,False,0
6223-DHJGV,1,3,84,20.65,2,0.2907945553387602,0,False,0
6961-MJKBO,1,15,188,20.45,0,0.10252823726863755,0,False,0
6097-EQISJ,1,63,132,102.45,8,0.2790359504699244,0,False,1
4423-YLHDV,1,82,84,104.4,8,0.1168599863989027,0,True,1
8158-WPEZG,1,2,22,35.65,2,0.6602880809023939,2,False,0
0107-YHINA,1,64,4,99.75,9,0.6568999525433202,0,True,1
4918-FYJNT,1,8,110,90.45,1,0.4422118992141798,1,False,0
0727-BNRLG,1,29,276,97.65,0,0.11464120736721284,2,False,0
4854-CIDCF,1,20,12,73.85,6,0.6698440216857175,0,False,0
8640-SDGKB,1,73,12,74.4,8,0.5955392515816036,2,True,1
3280-MRDOF,1,13,60,69.1,2,0.2725077363814975,1,False,0
6435-SRWBJ,1,1,15,82.75,0,0.6472138424004672,2,False,0
9964-WBQDJ,1,2,142,24.4,2,0.15189066283122993,0,False,0
6303-KFWSL,1,15,87,55.25,5,0.5242484361038096,0,False,0
1702-CCFNJ,1,12,208,61.35,2,0.17401411006719644,1,False,0
8932-CZHRQ,1,14,204,76.75,3,0.23449223147180034,0,False,0
0386-CWRGM,1,25,138,19.4,2,0.3240028495863059,0,False,0
5515-RUGKN,1,29,32,54.75,4,0.26623882237808705,0,False,0
0404-AHASP,1,2,216,19.7,0,0.2827534923819156,0,False,0
7279-NMVJC,1,18,68,19.9,2,0.2410235789374253,0,False,0
2081-VEYEH,1,22,6,107.95,2,0.5577586209624855,2,False,0
6407-UTSLV,1,7,6,83.8,3,0.1430526476081464,0,False,0
4116-TZAQJ,1,46,36,74.25,7,0.2063696377342003,0,True,1
9060-HJJRW,1,23,204,56.4,5,0.29955958486415957,0,False,0
2587-YNLES,1,29,18,20.1,2,0.3201332268771462,0,False,0
7398-SKNQZ,1,25,6,94.9,3,0.5838515412804364,0,False,0
5935-FCCNB,1,6,51,94.2,4,0.664600923861079,0,False,0
1958-RNRKS,1,14,120,49.9,5,0.5910456999179914,0,False,0
5136-RGMZO,1,8,62,71.05,0,0.8478268456408451,1,False,0
8345-MVDYC,1,27,135,81.65,1,0.3597809352029274,1,False,0
8226-BXGES,1,22,256,89.45,3,0.19609837818175763,0,False,0
3877-JRJIP,1,83,3,59.85,6,0.6255270656954882,0,True,1
8375-DKEBR,1,51,2,69.6,11,0.6029371050701757,0,False,1
9705-IOVQQ,1,5,122,99.0,5,0.6000317207292207,0,False,0
1015-OWJKI,1,14,2,19.05,2,0.37334264606733625,0,False,0
7511-YMXVQ,1,33,18,45.4,9,0.759891353333358,0,False,1
2040-XBAVJ,1,24,144,114.45,2,0.30175314778261986,2,False,0
7551-JOHTI,1,87,3,19.5,3,0.25602796646071224,0,True,1
8887-IPQNC,1,20,14,44.25,6,0.12545419898162272,0,False,0
8646-JCOMS,1,21,132,90.55,1,0.13234641328602897,2,False,0
9804-ICWBG,1,63,4,69.9,6,0.5720520137241873,0,False,1
1222-KJNZD,1,21,80,20.4,0,0.16345668051067402,0,False,0
0106-GHRQR,1,22,64,71.4,4,0.3857592915723983,0,False,0
5318-IXUZF,1,40,8,87.15,10,0.22294375559551965,0,True,1
3768-VHXQO,1,5,268,24.85,1,0.36298163159762564,0,False,0
8952-WCVCD,1,16,123,104.45,5,0.34542390509986953,0,False,0
2418-TPEUN,1,18,168,19.8,1,0.34377108182112853,0,False,0
3963-RYFNS,1,26,288,116.45,2,0.1647122575440555,2,False,0
3198-VELRD,1,65,9,84.75,7,0.23419654390024466,0,False,1
8540-ZQGEA,1,11,108,20.05,2,0.19538559749414186,0,False,0
1320-REHCS,1,17,156,110.75,2,0.8814735521872431,1,False,0
4137-JOPHL,1,16,100,89.7,1,0.36302329038870107,2,False,0
9436-ZBZCT,1,46,28,89.95,7,0.5354748720024932,1,True,1
7801-CEDNV,1,23,81,48.7,3,0.19405610824304848,0,False,0
2057-BOYKM,1,2,216,96.6,2,0.25867277127334737,1,False,0
3658-QQJYD,1,4,248,74.3,4,0.18358173553941481,0,False,0
1803-BGNBD,1,21,36,54.3,1,0.6630290783661364,2,False,0
0134-XWXCE,1,7,132,74.85,2,0.3457693833714434,2,False,0
6950-TWMYB,1,2,162,79.95,2,0.31730213134877966,1,False,0
5848-FHRFC,1,6,136,20.05,1,0.30679306142681295,0,False,0
2243-FNMMI,1,17,40,19.4,2,0.2641904522484825,0,False,0
2511-MORQY,1,7,100,54.9,5,0.2041336771324952,0,False,0
5356-KZCKT,1,25,232,24.45,2,0.35108153583197277,0,False,0
9470-XCCEM,1,5,140,89.65,3,0.35764965137553173,0,False,0
6519-CFDBX,1,5,8,45.4,4,0.48196561015947686,0,False,0
3902-MIVLE,1,20,126,75.7,1,0.2195858241772238,1,False,0
0409-WTMPL,1,16,174,110.65,2,0.10798827413506736,0,False,0
8763-KIAFH,1,19,108,20.55,1,0.3518432184098904,0,False,0
3669-WHAFY,1,9,284,115.15,2,0.15312797395661257,2,False,0
3055-VTCGS,1,5,126,58.55,2,0.30216002944495984,0,False,0
3144-KMTWZ,1,8,284,93.25,2,0.20721274530831102,0,False,0
7279-BUYWN,1,74,123,113.2,8,0.6818743880351523,0,True,1
7156-MHUGY,1,86,26,90.5,8,0.6742544003873985,0,True,1
7198-GLXTC,1,82,4,79.0,8,0.5146080645238592,0,True,1
2007-QVGAW,1,25,204,19.35,0,0.19716120017522215,0,False,0
5207-PLSTK,1,2,3,48.75,3,0.19807817272647338,0,False,0
2307-FYNNL,1,9,195,109.05,1,0.777706950437374,1,False,0
5605-XNWEN,1,11,288,25.0,0,0.3133346796480021,0,False,0
2155-AMQRX,1,4,84,54.9,2,0.19576423220395991,1,False,0
6181-AXXYF,1,22,144,24.75,2,0.24706242668308093,0,False,0
5091-HFAZW,1,22,6,91.15,4,0.4524156716508101,0,False,0
0516-VRYBW,1,87,36,20.15,5,0.348250080507827,0,True,1
2519-LBNQL,1,2,120,104.35,4,0.5192899255350703,0,False,0
8623-ULFNQ,1,23,104,66.05,2,0.741586615943642,2,False,0
8380-PEFPE,1,89,3,71.65,11,0.7177569259842547,0,False,1
5687-DKDTV,1,83,16,20.35,8,0.2703460486648127,0,True,1
1568-LJSZU,1,27,204,92.2,0,0.1488156226942665,1,False,0
7530-HDYDS,1,30,114,84.25,4,0.12086060787700495,1,False,1
7789-HKSBS,1,1,126,105.2,5,0.26578497429454806,0,False,0
7416-CKTEP,1,18,171,19.6,1,0.24039673697656724,0,False,0
2586-CWXVV,1,7,162,30.4,5,0.458195933836358,0,False,0
3096-IZETN,1,80,24,78.1,11,0.3506763167554561,0,True,1
2348-KCJLT,1,1,88,61.5,4,0.22517203575271452,0,False,0
8401-EMUWF,1,1,126,69.4,5,0.17813734011726612,0,False,0
4193-IBKSW,1,24,144,24.75,1,0.33648162794391656,0,False,0
5377-NDTOU,1,4,284,91.05,2,0.3739192470330811,2,False,0
5922-ABDVO,1,69,76,89.65,10,0.19178881095671207,0,True,1
2474-LCNUE,1,29,92,73.65,0,0.3327849656204942,2,False,0
0839-QNXME,1,18,90,19.4,0,0.29575589710255407,0,False,0
3506-OVLKD,1,27,105,26.2,2,0.39691833512622754,0,False,0
9172-ANCRX,1,88,20,98.7,10,0.5898138103226003,0,True,1
6650-VJONK,1,27,2,43.85,2,0.38820369835193635,0,False,0
2178-PMGCJ,1,1,44,69.7,6,0.19458161701296692,0,False,0
7492-TAFJD,1,28,28,38.55,4,0.22358628942129172,0,False,0
2773-MADBQ,1,10,144,53.1,1,0.20764774424366048,2,False,0
6016-LVTJQ,1,9,136,20.65,2,0.18053520912651277,0,False,0
7860-KSUGX,1,23,288,64.45,2,0.30796677442908815,0,False,0
8966-KZXXA,1,4,72,25.1,1,0.2767435962177534,0,False,0
6910-HADCM,1,53,3,76.35,12,0.6636877617842613,0,False,1
4816-LXZYW,1,83,69,79.15,10,0.6384291514012577,0,False,1
9606-PBKBQ,1,51,128,85.0,8,0.660391827681877,0,False,1
5149-QYTTU,1,2,213,95.15,1,0.21436939350515496,1,False,0
2070-XYMFH,1,23,69,79.35,3,0.21419603293632106,0,False,0
2085-BOJKI,1,18,51,96.65,2,0.20717786012877715,0,False,0
0817-HSUSE,1,10,4,75.5,0,0.5866259119105546,1,False,0
5442-PPTJY,1,24,24,19.7,2,0.23920993237045513,0,False,0
1927-QEWMY,1,24,144,20.5,2,0.3508624291735921,0,False,0
1663-MHLHE,1,17,3,19.2,1,0.15410988755755556,0,False,0
5663-QBGIS,1,13,144,98.35,4,0.14369720302823583,0,False,0
4450-MDZFX,1,24,120,74.35,6,0.2415553165734434,0,False,0
6701-DHKWQ,1,18,244,51.35,1,0.21118090364500347,2,False,0
7554-AKDQF,1,22,24,45.65,2,0.2683841922140653,0,False,0
3536-IQCTX,1,46,96,85.3,7,0.8233238550935722,0,False,1
4911-BANWH,1,88,93,86.55,9,0.3282658750998414,0,False,1
8496-EJAUI,1,74,57,73.85,10,0.3061174459543894,0,True,1
0794-YVSGE,1,11,288,20.3,1,0.22478108331810365,0,False,0
5423-BHIXO,1,7,64,54.2,4,0.5641261504539443,0,False,0
6908-VVYHM,1,29,260,90.65,5,0.6238737726973003,0,False,0
2959-EEXWB,1,10,180,50.9,5,0.36563305829838477,0,False,0
1839-UMACK,1,17,84,25.05,0,0.8212348052485272,0,False,0
3030-YDNRM,1,15,16,74.85,4,0.5936599129433155,0,False,0
7321-KKSDU,1,18,96,20.5,1,0.17386610597096097,0,False,0
3402-XRIUO,1,23,44,63.55,2,0.1676033350752627,2,False,0
3132-TVFDZ,1,69,114,44.85,9,0.566285479344197,0,False,1
8286-AFUYI,1,19,2,47.95,2,0.8365774039794781,0,False,0
8080-DDEMJ,1,30,2,45.1,10,0.5071364002515562,0,True,1
8356-WUAOJ,1,2,3,45.0,4,0.5764777924862512,0,False,0
6365-MTGZX,1,72,72,96.0,6,0.653876341441932,1,False,1
1349-WXNGG,1,69,2,20.05,5,0.13600721553187314,0,False,1
8058-DMYRU,1,3,108,90.05,3,0.585850809788499,0,False,0
9350-ZXYJC,1,7,12,25.3,1,0.13670241397639987,0,False,0
6990-YNRIO,1,68,195,108.65,4,0.2325545708533974,2,False,1
8958-JPTRR,1,18,112,24.3,1,0.511415067631197,0,False,0
6959-GQEGV,1,10,180,75.95,5,0.6220113591916889,0,False,0
3173-WSSUE,1,7,213,19.7,0,0.3387129157214167,0,False,0
1265-HVPZB,1,8,177,66.4,3,0.3028890024373452,0,False,0
4115-UMJFQ,1,6,207,35.75,3,0.2527507028732202,0,False,0
7369-TRPFD,1,22,38,18.8,1,0.34862761364474665,0,False,0
1098-KFQEC,1,26,110,19.4,2,0.16833639248775792,0,False,0
7190-XHTWJ,1,1,114,19.3,0,0.34923888549528365,0,False,0
0621-TWIEM,1,67,20,45.55,9,0.553568107206879,0,True,1
3537-RYBHH,1,14,94,67.45,2,0.20874590236022858,0,False,0
2485-ITVKB,1,41,6,35.1,7,0.521226371056228,0,True,1
3669-OYSJI,1,48,2,46.2,9,0.13052642690866567,0,False,1
1612-EOHDH,1,66,4,45.15,10,0.873598123206275,0,True,1
6702-OHFWR,1,73,2,43.3,8,0.47397915121600576,0,False,1
5296-BFCYD,1,29,92,20.1,0,0.1999888465185843,0,False,0
4510-PYUSH,1,88,114,57.15,6,0.25874550968498,0,False,1
9359-JANWS,1,26,195,58.9,1,0.2043601397809386,1,False,0
7517-SAWMO,1,46,76,73.2,11,0.7705744971118431,0,False,1
4143-HHPMK,1,39,104,85.35,10,0.8691601828798623,0,False,1
3279-DYZQM,1,27,284,19.45,1,0.1977971372180562,0,False,0
7054-LGEQW,1,84,4,45.95,7,0.12760830885001406,0,True,1
0523-VNGTF,1,12,156,50.5,2,0.5820428674980545,1,False,0
9575-IWCAZ,1,10,12,25.1,2,0.2423178762205192,0,False,0
7105-MXJLL,1,19,78,60.7,4,0.18654431267011837,0,False,0
7064-FRRSW,1,24,192,99.0,2,0.6055569515145549,0,False,0
7940-UQQUG,1,19,256,104.4,2,0.3276110499162618,1,False,0
0923-PNFUB,1,48,9,83.75,7,0.7251979470608825,0,False,1
3961-SXAXY,1,20,3,44.05,3,0.1590992368623816,0,False,0
7010-BRBUU,1,24,216,24.1,0,0.20739029217547972,0,False,0
3566-HJGPK,1,27,3,45.55,5,0.32289436544455996,0,False,0
3062-ICYZQ,1,6,153,93.8,5,0.5787508276652222,0,False,0
9938-PRCVK,1,8,164,19.7,0,0.17486135589131158,0,False,0
0973-KYVNF,1,1,216,70.65,5,0.22822349176219958,0,False,0
5129-HHMZC,1,22,86,86.45,2,0.23644200630479795,1,False,0
9637-CDTKZ,1,17,288,114.1,2,0.18891316143311448,2,False,0
3946-JEWRQ,1,17,188,95.2,6,0.3987055267579117,0,False,0
7873-CVMAW,1,24,144,88.55,0,0.3302878056665972,2,False,0
0463-WZZKO,1,15,6,20.75,1,0.307736496086228,0,False,0
3494-JCHRQ,1,47,4,70.05,12,0.779063109813031,0,True,1
6474-FVJLC,1,54,6,86.0,12,0.6607899669473486,0,True,1
4524-QCSSM,1,22,104,44.65,5,0.33729410291653367,0,False,0
5832-EXGTT,1,25,116,60.2,4,0.2237576933556169,0,False,0
8840-DQLGN,1,88,70,100.5,8,0.25011153097279837,2,False,1
2039-JONDJ,1,28,108,55.45,5,0.11409891499085482,0,False,0
7217-JYHOQ,1,3,72,70.3,2,0.18419391742264474,2,False,0
6695-FRVEC,1,29,134,60.4,2,0.21040372276999483,2,False,0
4547-LYTDD,1,55,64,72.65,11,0.756375152880715,0,True,1
9894-QMIMJ,1,11,92,55.8,5,0.23926338543817105,0,False,0
8069-YQQAJ,1,20,42,31.1,5,0.28235147872698985,0,False,0
6770-XUAGN,1,39,4,21.0,5,0.7099308713612789,0,True,1
4193-ORFCL,1,45,4,45.1,13,0.11281560030030116,0,False,1
1636-NTNCO,1,9,16,50.95,3,0.17748332410108436,0,False,0
3466-WAESX,1,10,64,69.1,5,0.5232542722993324,0,False,0
9281-PKKZE,1,2,138,43.95,4,0.6562164726117496,0,False,0
3638-VBZTA,1,1,272,86.5,2,0.2509376186895975,1,False,0
7459-IMVYU,1,16,152,69.95,1,0.7847375896283972,1,False,0
7776-QWNFX,1,51,120,50.4,9,0.18183311017761322,0,False,1
6689-TCZHQ,1,87,10,78.95,8,0.7919200990552508,0,True,1
8563-OYMQY,1,26,51,90.95,3,0.3677369551625722,0,False,0
0754-EEBDC,1,17,8,19.9,1,0.20516016160610573,0,False,0
5777-ZPQNC,1,6,24,20.15,1,0.8033981504401455,0,False,0
1951-IEYXM,1,14,216,90.6,0,0.13511478822553244,2,False,0
3318-NMQXL,1,23,6,92.0,5,0.7424352892204275,0,False,0
3143-ILDAL,1,38,112,94.45,7,0.49933672378497396,2,True,1
1022-RKXDR,1,15,82,24.85,0,0.30622474113130627,0,False,0
2361-FJWNO,1,14,120,36.0,2,0.22657000103805536,1,False,0
2272-UOINI,1,24,28,78.5,2,0.8458057295099091,1,False,0
8232-UTFOZ,1,22,207,19.95,2,0.2393381745497192,0,False,0
3750-YHRYO,1,3,21,20.65,1,0.10927084524027841,0,False,0
6637-KYRCV,1,24,15,30.5,6,0.6689524934554604,0,False,0
5668-MEISB,1,23,144,106.1,1,0.33864962315799796,1,False,0
0129-QMPDR,1,19,176,20.5,1,0.294125299266055,0,False,0
7188-CBBBA,1,25,195,95.5,5,0.8280124940084719,0,False,0
5356-CSVSQ,1,12,9,64.6,2,0.6681398115080244,2,False,0
3221-CJMSG,1,2,96,51.1,0,0.2579654988692689,1,False,0
4720-VSTSI,1,68,176,84.8,10,0.16195616968161944,0,False,1
3219-JQRSL,1,18,288,89.1,1,0.10113238894663693,1,False,0
2801-NISEI,1,29,48,54.95,1,0.7617790609321243,2,False,0
3946-MHCZW,1,88,4,50.9,10,0.38149590949080114,0,True,1
4623-ZKHLY,1,20,44,20.45,2,0.18224319822255786,0,False,0
6732-VAILE,1,21,210,85.95,0,0.2914647358671182,1,False,0
8201-AAXCB,1,29,50,60.35,5,0.7223239095465268,0,False,0
7696-CFTAT,1,6,148,19.8,1,0.27340403830977855,0,False,0
1845-CSBRZ,1,5,44,85.35,5,0.35288850245142933,0,False,0
2123-VSCOT,1,1,236,72.1,0,0.12334739452960414,2,False,0
6651-AZVTJ,1,64,98,99.8,10,0.6997110282462895,0,False,1
4566-GOLUK,1,73,141,107.35,3,0.21760570334994764,2,False,1
2484-DGXPZ,1,89,62,19.55,4,0.24420700647243745,0,False,1
2018-QKYGT,1,21,3,81.05,4,0.684575193503941,0,False,0
2792-VPPET,1,21,12,20.5,0,0.7156777961118586,0,False,0
7409-JURKQ,1,16,159,111.8,2,0.2794505415657261,1,False,0
3247-MHJKM,1,12,4,20.2,2,0.3131030298937576,0,False,0
1964-SVLEA,1,27,80,19.7,0,0.25748210172256125,0,False,0
4587-NUKOX,1,69,9,79.1,11,0.6324408824315024,0,False,1
7297-DVYGA,1,22,153,19.85,0,0.20148923307721017,0,False,0
2239-CGBUZ,1,8,102,60.5,2,0.38100426107739616,2,False,0
0854-UYHZD,1,26,26,19.55,0,0.11935930593993076,0,False,0
7243-LCGGZ,1,16,3,20.9,2,0.2636621825683281,0,False,0
8267-KFGYD,1,28,3,21.05,1,0.1262188528065144,0,False,0
4890-VMUAV,1,1,189,71.5,1,0.6625981117000259,2,False,0
9261-WDCAF,1,4,9,54.65,5,0.177274707295849,0,False,0
3764-MNMOI,1,10,184,19.2,0,0.3810710348747943,0,False,0
7442-YGZFK,1,11,3,49.8,5,0.10392261591578303,0,False,0
0420-BWTPW,1,58,24,25.5,8,0.21736108934243714,0,True,1
8229-BUJHX,1,25,213,20.5,2,0.33461282491208644,0,False,0
7449-HVPIV,1,27,165,90.4,5,0.15653842379543975,0,False,0
5504-WSIUR,1,23,280,90.25,1,0.34467646139987596,1,False,0
8183-ONMXC,1,47,4,80.75,7,0.8331350913310805,0,False,1
8466-PZBLH,1,12,134,104.6,0,0.3124008998937311,1,False,0
9614-RMGHA,1,45,130,91.85,7,0.16272075472785125,0,False,1
8735-IJJEG,1,7,28,50.2,4,0.18161159697446871,0,False,0
0564-MUUQK,1,12,40,95.5,0,0.1500804186086086,1,False,0
5054-IEXZT,1,73,4,75.35,7,0.5831914818364337,0,True,1
5834-ASPWA,1,31,2,75.45,11,0.500920336065939,0,False,1
0701-RFGFI,1,14,196,95.4,2,0.35719452435947996,0,False,0
0019-EFAEP,1,13,288,101.3,2,0.25855068622835076,0,False,0
5619-PTMIK,1,4,92,53.1,4,0.5787782561704551,0,False,0
3737-XBQDD,1,14,48,84.85,5,0.18687309881902242,0,False,0
5882-CMAZQ,1,14,10,34.25,1,0.5935298078526299,1,False,0
5846-QFDFI,1,16,99,88.6,1,0.19800544653698474,2,False,0
4445-KWOKW,1,7,168,60.15,4,0.3591153925031044,0,False,0
3511-APPBJ,1,19,46,99.95,6,0.16328723051107324,0,False,0
7967-HYCDE,1,2,24,70.7,3,0.3646905374238558,0,False,0
2430-RRYUW,1,10,264,54.8,5,0.2992277359010288,0,False,0
3948-XHGNA,1,61,72,49.55,9,0.38698876613649114,0,False,1
3723-BFBGR,1,29,72,54.8,5,0.10453217249070804,0,False,0
0565-IYCGT,1,64,138,78.6,4,0.11772866971334695,1,True,1
5447-WZAFP,1,5,212,100.3,5,0.25026837818097203,0,False,0
5110-CHOPY,1,12,180,53.6,5,0.7529744702285788,0,False,0
5445-UTODQ,1,75,28,81.1,9,0.7374264603191794,0,True,1
4425-OWHWB,1,22,40,19.35,2,0.28664077975580005,0,False,0
7892-QVYKW,1,9,92,85.6,4,0.5868028296177722,0,False,0
9675-ICXCT,1,20,216,80.8,0,0.52846194616828,2,False,0
1024-VRZHF,1,58,33,74.95,12,0.5132674478478007,0,False,1
4703-MQYKT,1,22,84,19.6,1,0.26262570467797175,0,False,0
9497-QCMMS,1,73,3,93.55,10,0.5778119264225264,0,False,1
5692-ICXLW,1,21,93,90.7,3,0.5458861953164946,0,False,0
0602-DDUML,1,26,171,69.75,0,0.28625824002302785,2,False,0
2208-MPXIO,1,6,90,20.0,0,0.38337026299424704,0,False,0
1960-UYCNN,1,19,20,95.25,4,0.6446746570355235,0,False,0
0348-SDKOL,1,76,174,102.1,6,0.30043903719431053,1,False,1
3190-FZATL,1,6,56,19.95,0,0.3958644440164347,0,False,0
7336-RLLRH,1,13,54,80.85,2,0.14604345012093706,1,False,0
4373-MAVJG,1,59,56,90.9,12,0.11015043226010812,0,False,1
8901-HJXTF,1,54,36,29.2,10,0.3236541852238895,0,False,1
7710-JSYOA,1,23,207,93.3,2,0.23163622995696168,2,False,0
5419-KLXBN,1,49,100,89.15,9,0.2286470064256019,0,False,1
3424-NMNBO,1,34,116,108.85,10,0.6211645496278111,0,True,1
9885-MFVSU,1,7,140,46.35,1,0.2520589121557116,2,False,0
4514-GFCFI,1,59,64,84.75,10,0.5379246303882224,0,True,1
0607-MVMGC,1,12,135,78.75,3,0.20363500235389861,0,False,0
3365-SAIGS,1,27,34,83.55,4,0.6753464419140369,0,False,0
9828-AOQLM,1,74,4,45.7,7,0.5535170023391076,0,True,1
8022-BECSI,1,1,44,19.6,0,0.38196890742686107,0,False,0
8000-REIQB,1,85,3,69.95,9,0.730908813313963,0,False,1
9993-LHIEB,1,4,134,67.85,0,0.35197027975352624,1,False,0
0266-CLZKZ,1,13,201,105.65,0,0.3971242273036375,1,False,0
7615-ESMYF,1,33,4,44.6,9,0.5985678507920015,0,True,1
3858-VOBET,1,47,92,74.95,9,0.8007378075798972,0,True,1
7020-OZKXZ,1,25,27,75.5,4,0.22198870357078632,0,False,0
3977-QCRSL,1,5,20,20.15,1,0.32384091933332604,0,False,0
0017-DINOC,1,29,162,45.2,2,0.16041779218914198,1,False,0
1447-PJGGA,1,30,114,95.25,10,0.7220500314150973,0,True,1
8565-CLBZW,1,82,48,89.85,7,0.12503932784707586,0,True,1
9139-WQQDY,1,75,147,100.45,9,0.18116731201492112,0,True,1
0224-HJAPT,1,44,15,47.15,7,0.6530445922382906,0,True,1
8086-OVPWV,1,38,6,80.2,7,0.7003197222050828,0,False,1
9430-FRQOC,1,44,8,87.1,4,0.2503740264973868,1,False,1
7639-OPLNG,1,6,210,79.25,0,0.30183783228706274,1,False,0
3074-GQWYX,1,86,15,75.9,9,0.1556722073487789,0,True,1
1492-QGCLU,1,16,212,85.7,1,0.6675896731790149,2,False,0
6845-RGTYS,1,33,141,98.75,10,0.5769234014899537,0,False,1
7328-OWMOM,1,29,124,20.1,1,0.3499647602144519,0,False,0
4418-LZMSV,1,26,52,61.8,2,0.25488628239968314,1,False,0
5155-AZQPB,1,3,112,49.9,4,0.3831635354828745,0,False,0
8861-HGGKB,1,66,20,86.45,9,0.6366621298327901,0,False,1
1087-GRUYI,1,3,152,20.4,2,0.22992618469790235,0,False,0
7065-YUNRY,1,72,3,45.3,7,0.23501584371934423,0,True,1
7694-VLBWQ,1,89,134,104.1,9,0.6066256413689954,0,True,1
2546-KZAAT,1,2,104,75.4,3,0.1500025251527962,0,False,0
0181-RITDD,1,1,124,108.15,0,0.3526188180836517,1,False,0
5989-PGKJB,1,9,32,86.25,5,0.6986330849258297,0,False,0
4795-KTRTH,1,75,10,81.0,8,0.592378056206791,0,False,1
8272-ONJLV,1,23,24,95.7,5,0.5176483902318738,0,False,0
1488-PBLJN,1,7,144,116.85,0,0.11807616181419972,2,False,0
0308-GIQJT,1,3,284,105.75,2,0.2791549688433534,2,False,0
3778-FOAQW,1,26,72,20.15,1,0.36376842475408266,0,False,0
4452-ROHMO,1,18,45,19.6,0,0.24801874840782237,0,False,0
6481-OGDOO,1,36,268,90.6,10,0.149492374181519,0,False,1
3090-LETTY,1,7,8,60.95,4,0.1348381943097907,0,False,0
5349-AZPEW,1,9,10,25.05,5,0.36993640041787723,0,False,0
3753-TSEMP,1,88,30,88.15,9,0.7765167188383741,0,True,1
8305-VHZBZ,1,37,4,20.2,7,0.38985866635343724,0,True,1
9720-JJJOR,1,14,82,60.3,4,0.1247045864031699,0,False,0
8100-HZZLJ,1,20,129,63.95,5,0.7609631706299619,0,False,0
8775-ERLNB,1,6,3,74.3,2,0.7405703022853601,0,False,0
8309-IEYJD,1,7,2,70.6,6,0.3679555548772462,0,False,0
9172-JITSM,1,80,52,90.8,7,0.4858034487995983,0,True,1
6298-QDFNH,1,74,44,79.35,7,0.6791324473311487,0,True,1
7398-HPYZQ,1,26,213,90.55,2,0.2646814342484917,1,False,0
3546-GHEAE,1,2,14,19.45,0,0.27195383012752594,0,False,0
7361-YPXFS,1,4,112,64.45,1,0.2407605962058267,1,False,0
6557-BZXLQ,1,21,32,69.65,5,0.8065328371340555,0,False,0
2550-QHZGP,1,28,28,19.5,2,0.39995178714292146,0,False,0
7519-JTWQH,1,17,138,110.5,1,0.31316150778224905,2,False,0
2538-OIMXF,1,1,2,24.7,3,0.3034151248117969,0,False,0
8543-MSDMF,1,10,9,77.4,3,0.7666498347193126,0,False,0
9961-JBNMK,1,87,84,96.8,7,0.3085635009542073,0,False,1
1170-SASML,1,15,276,85.4,6,0.20263374022924974,0,False,0
4872-JCVCA,1,10,284,47.6,1,0.19606592309992563,1,False,0
5346-BZCHP,1,19,207,19.4,0,0.33530139348115195,0,False,0
2038-LLMLM,1,12,192,103.85,2,0.5735060890538757,2,False,0
6173-ITPWD,1,34,141,83.35,9,0.3277743214610152,0,False,1
9734-UYXQI,1,83,4,49.4,11,0.8353958672429762,0,False,1
1216-BGTSP,1,9,90,108.45,0,0.2564793878758803,2,False,0
4138-NAXED,1,15,204,81.0,2,0.37304442862390463,0,False,0
2189-UXTKY,1,78,44,79.2,5,0.7246393903986158,2,False,1
0744-BIKKF,1,28,144,86.65,1,0.15342600042875332,1,False,0
7483-IQWIB,1,17,148,92.95,6,0.6537279648859778,0,False,0
5248-KWLAR,1,14,142,90.35,1,0.8413623151346095,1,False,0
4958-GZWIY,1,87,28,48.7,11,0.7853955718001832,0,False,1
7996-MHXLW,1,18,264,25.15,1,0.22655619009684505,0,False,0
7833-PKIHD,1,26,102,76.4,1,0.15005396367809737,1,False,0
7061-OVMIM,1,2,60,19.55,2,0.18589878407024135,0,False,0
5153-RTHKF,1,4,68,85.35,5,0.635610820987174,0,False,0
1852-QSWCD,1,18,128,24.8,1,0.271628775483144,0,False,0
4832-VRBMR,1,7,130,103.15,5,0.289017822008074,0,False,0
9079-LWTFD,1,13,141,100.75,0,0.3506060117717641,1,False,0
6356-ELRKD,1,53,2,95.6,11,0.654048676661698,0,True,1
8624-GIOUT,1,32,147,59.75,9,0.1782520679507521,0,False,1
3392-EHMNK,1,23,268,94.1,0,0.21851321820880015,1,False,0
5986-WWXDV,1,28,78,19.35,2,0.35194497514120404,0,False,0
3061-BCKYI,1,22,28,19.9,2,0.29001480118171336,0,False,0
6179-GJPSO,1,42,86,108.15,5,0.14992541447341706,1,True,1
7901-TBKJX,1,1,224,101.05,4,0.5758824349506622,0,False,0
7228-PAQPD,1,11,42,59.1,0,0.3373272737292704,1,False,0
3177-LASXD,1,54,3,71.35,9,0.6299592183450666,0,False,1
7746-QYVCO,1,25,32,55.85,4,0.3073151958162339,0,False,0
5804-HYIEZ,1,5,140,106.05,3,0.7337197073121463,0,False,0
9919-FZDED,1,16,144,84.1,4,0.14424247192034356,0,False,0
5934-TSSAU,1,11,46,75.3,4,0.306663677209281,0,False,0
3486-KHMLI,1,21,84,24.7,1,0.14270469119655094,0,False,0
4897-QSUYC,1,40,2,20.15,9,0.21953067373290439,0,False,1
1084-UQCHV,1,70,4,69.75,11,0.1925679773573561,0,False,1
8290-YWKHZ,1,85,64,93.2,12,0.7493952205828411,0,False,1
2955-BJZHG,1,32,51,80.85,7,0.7918746889561983,0,False,1
3806-DXQOM,1,88,12,33.65,5,0.6051818178068855,0,False,1
6784-XYJAE,1,14,72,55.8,4,0.6675935062259778,0,False,0
3933-DQPWX,1,24,100,39.7,1,0.10216421679836735,1,False,0
6661-EIPZC,1,1,192,29.5,2,0.2590175642027599,1,False,0
8957-THMOA,1,17,100,20.15,1,0.2550366669624022,0,False,0
2251-PYLPB,1,24,144,79.55,2,0.28714642922554595,2,False,0
5555-RNPGT,1,5,20,24.8,1,0.17191015910040253,0,False,0
1057-FOGLZ,1,25,54,19.65,0,0.10295704897906044,0,False,0
9300-RENDD,1,71,4,79.95,6,0.6542378424387605,0,False,1
0761-AETCS,1,38,3,19.3,5,0.4898784619334047,0,True,1
8087-LGYHQ,1,28,36,94.05,5,0.7729537456147355,0,False,0
4137-BTIKL,1,24,6,90.75,3,0.15209989770675203,0,False,0
2190-BCXEC,1,9,80,78.85,2,0.2275698902495982,2,False,0
6227-FBDXH,1,4,207,99.5,4,0.23020011707211513,0,False,0
2153-MREFK,1,40,111,99.2,4,0.7463895341443717,2,True,1
2911-WDXMV,1,17,72,80.55,5,0.3347597046311192,0,False,0
7206-PQBBZ,1,21,44,70.2,5,0.7054595455401564,0,False,0
3106-ULWFW,1,53,24,85.2,9,0.10772598016614193,0,True,1
0925-VYDLG,1,89,12,75.25,7,0.7359345118371936,0,False,1
4547-FZJWE,1,8,220,59.45,2,0.12465199438626746,0,False,0
7422-WNBTY,1,26,132,93.35,3,0.62382862374189,0,False,0
0842-IWYCP,1,11,184,44.95,5,0.3410288525955687,0,False,0
3521-HTQTV,1,21,136,26.1,0,0.18480705174431317,0,False,0
3744-ZBHON,1,21,9,20.2,1,0.7007761898088803,0,False,0
3373-DIUUN,1,18,120,21.25,2,0.104300752655745,0,False,0
8383-SGHJU,1,23,66,59.4,0,0.6890437013388336,1,False,0
7607-QKKTJ,1,29,135,95.0,3,0.31097832697624583,0,False,0
7707-PYBBH,1,24,120,61.9,1,0.16941621831635295,1,False,0
8984-HPEMB,1,10,213,118.65,1,0.5769304728819049,1,False,0
4349-GFQHK,1,89,4,54.35,11,0.6982174397864762,0,True,1
4139-DETXS,1,17,144,64.45,0,0.20744893655536203,2,False,0
9779-DPNEJ,1,18,88,80.15,2,0.4671364836124504,0,False,0
9805-FILKB,1,10,138,20.2,0,0.2555516586633725,0,False,0
5793-YOLJN,1,16,165,21.0,1,0.317070271085932,0,False,0
0673-IGUQO,1,20,3,20.45,2,0.19624285210088377,0,False,0
4123-FCVCB,1,5,36,75.85,1,0.13653168149333736,1,False,0
8819-IMISP,1,13,124,80.45,6,0.6604262885814984,0,False,0
7802-EFKNY,1,69,10,24.95,8,0.5758557400333926,0,True,1
8311-UEUAB,1,17,134,75.5,5,0.7520156109550566,0,False,0
5858-EAFCZ,1,9,3,44.45,3,0.30740294484677294,0,False,0
8035-BUYVG,1,58,80,42.35,5,0.5937141802161947,0,True,1
1163-ONYEY,1,17,123,74.55,3,0.29459096121172557,0,False,0
9787-XVQIU,1,87,3,75.3,9,0.5783659720084376,0,False,1
8945-MUQUF,1,32,102,94.8,12,0.7116324386101622,0,False,1
5656-MJEFC,1,18,126,48.15,2,0.27717283108508284,2,False,0
6082-OQFBA,1,27,46,19.65,1,0.3472452060690659,0,False,0
8051-HJRLT,1,63,3,70.55,7,0.6537857354932208,0,True,1
8974-OVACP,1,24,2,20.15,2,0.17929200765532316,0,False,0
4010-YLMVT,1,24,168,106.6,4,0.11788130234153388,0,False,0
1379-FRVEB,1,15,30,91.0,5,0.48700182148497684,0,False,0
8612-GXIDD,1,11,36,25.4,0,0.37132521543009867,0,False,0
6288-CHQJB,1,12,162,69.95,2,0.382633015540662,2,False,0
8160-HOWOX,1,9,21,66.85,4,0.6148189530075887,0,False,0
3023-GFLBR,1,53,66,86.15,10,0.24611608548467442,0,False,1
6648-INWPS,1,15,64,20.15,0,0.5464416919355805,0,False,0
4223-BKEOR,1,27,63,64.85,6,0.38462472601122544,0,False,0
4079-VTGLK,1,15,90,74.85,5,0.6475397933456668,0,False,0
1763-WQFUK,1,28,6,50.5,1,0.2504941286790997,1,False,0
1391-UBDAR,1,5,33,72.9,4,0.5256996627634306,0,False,0
8894-JVDCV,1,23,186,115.05,0,0.1998283253509187,2,False,0
2023-VQFDL,1,19,54,19.0,2,0.5431265348445857,0,False,0
1345-GKDZZ,1,26,18,19.55,1,0.24262781289165572,0,False,0
2014-MKGMH,1,20,184,101.1,5,0.5316013007311606,0,False,0
5628-FCGYG,1,26,84,84.1,3,0.656426435262196,0,False,0
2560-WBWXF,1,25,204,24.15,2,0.13176328529452364,0,False,0
0248-IPDFW,1,26,3,50.1,3,0.6992514169716219,0,False,0
7978-DKUQH,1,26,75,74.6,2,0.7587046895797573,0,False,0
4335-UPJSI,1,14,96,19.75,2,0.31906700097566987,0,False,0
0524-IAVZO,1,71,120,85.0,9,0.7877482738654156,0,False,1
2737-YNGYW,1,65,4,80.55,8,0.6187320472092483,0,True,1
1784-EZDKJ,1,18,102,106.8,4,0.31252572420461544,0,False,0
9297-FVVDH,1,21,171,84.5,1,0.5456934830313737,1,False,0
8007-YYPWD,1,3,45,25.05,1,0.1450828272514508,0,False,0
7101-HRBLJ,1,2,288,83.7,0,0.22571492499341533,2,False,0
5159-YFPKQ,1,34,6,75.8,8,0.45139313240016954,0,True,1
6635-CPNUN,1,10,84,96.6,3,0.13434484567196078,0,False,0
4021-RQSNY,1,74,116,98.5,9,0.5949820133216805,0,True,1
5453-YBTWV,1,17,280,101.1,2,0.18485629029082498,1,False,0
5039-LZRQT,1,12,52,20.2,0,0.19926243527258347,0,False,0
2931-VUVJN,1,1,236,94.05,0,0.6868103223489237,1,False,0
9061-TIHDA,1,60,26,95.25,12,0.6681547267012824,0,False,1
8699-ASUFO,1,52,28,74.4,8,0.35753491361599365,0,False,1
6418-PIQSP,1,24,248,81.0,0,0.15294118801169695,2,False,0
8220-OCUFY,1,3,63,60.25,1,0.629119175500892,1,False,0
3995-WFCSM,1,11,6,60.85,2,0.7940613261936845,0,False,0
1895-QTKDO,1,17,3,43.95,4,0.23321357433394432,0,False,0
2038-OEQZH,1,23,8,86.05,5,0.8056996957000162,0,False,0
1178-PZGAB,1,26,76,20.25,1,0.24765029459484678,0,False,0
7927-AUXBZ,1,68,120,85.15,9,0.6376230826926164,2,True,1
2626-VEEWG,1,8,134,19.4,0,0.14443488640889274,0,False,0
2878-RMWXY,1,20,288,102.65,4,0.3553598832845759,0,False,0
1657-DYMBM,1,4,159,19.9,0,0.1235065841642904,0,False,0
7311-MQJCH,1,21,10,19.55,2,0.5995250101823631,0,False,0
7375-WMVMT,1,22,284,95.5,0,0.30204042151605387,1,False,0
1136-XGEQU,1,7,100,84.15,0,0.25217726524240897,1,False,0
2530-FMFXO,1,14,112,103.2,0,0.783663933813197,1,False,0
6844-DZKRF,1,14,8,50.2,1,0.11178938583637478,2,False,0
4695-WJZUE,1,68,6,88.55,6,0.7413906721600473,0,True,1
7619-ODSGN,1,31,96,54.75,9,0.5486664792605701,0,True,1
5970-GHJAW,1,24,184,19.95,0,0.1462935470402953,0,False,0
8879-XUAHX,1,29,213,116.25,2,0.736494230559348,2,False,0
3689-MOZGR,1,22,116,31.2,2,0.6602053970648021,1,False,0
4195-PNGZS,1,1,276,24.45,1,0.25947457127100504,0,False,0
5003-XZWWO,1,17,284,84.2,0,0.3901798199089326,1,False,0
3988-RQIXO,1,70,2,91.3,5,0.7431287125668329,0,True,1
7622-FWGEW,1,10,112,85.65,2,0.34701185966759285,2,False,0
6922-NCEDI,1,22,112,21.2,0,0.33087325700237336,0,False,0
2514-GINMM,1,60,4,79.5,8,0.7225403465281748,0,True,1
9891-NQDBD,1,16,84,25.55,2,0.3690436430051002,0,False,0
6131-IUNXN,1,26,38,20.2,2,0.1754804940811543,0,False,0
8548-AWOFC,1,8,198,63.85,1,0.7267839998030089,2,False,0
9798-DRYDS,1,29,68,61.95,1,0.2133362465192028,1,False,0
8532-UEFWH,1,7,104,25.75,1,0.3437472670243664,0,False,0
6296-DDOOR,1,28,76,58.2,4,0.6509976467258523,0,False,0
7951-VRDVK,1,6,108,85.85,1,0.35731277588297083,1,False,0
5931-FLJJF,1,48,14,70.1,10,0.3684530613078959,0,False,1
4815-YOSUK,1,20,144,104.9,2,0.2792931627052347,2,False,0
2659-VXMWZ,1,36,134,111.3,8,0.5618101145607851,0,True,1
0380-NEAVX,1,7,68,99.85,2,0.7877088528720406,0,False,0
3207-OYBWH,1,70,171,95.25,9,0.18009586095375202,0,True,1
4285-GYRQC,1,61,14,86.25,6,0.4453742005692985,0,False,1
7216-EWTRS,1,63,4,100.8,9,0.6689651087320514,0,False,1
4365-MSDYN,1,26,16,19.55,2,0.2523322398690331,0,False,0
7036-TYDEC,1,26,207,104.0,0,0.585383774967176,2,False,0
5802-ADBRC,1,14,100,104.4,4,0.21500856452133024,0,False,0
8076-FEZKJ,1,7,30,19.5,2,0.1399174698748284,0,False,0
5197-YPYBZ,1,1,36,25.25,0,0.1831869710103382,0,False,0
8337-MSSXB,1,58,56,86.3,8,0.6547502137114255,0,True,1
4312-GVYNH,1,25,140,49.85,2,0.19029605614803108,1,False,0
8495-LJDFO,1,13,128,108.95,0,0.18971623316219577,2,False,0
0839-JTCUD,1,20,132,89.9,0,0.26769051131428406,2,False,0
5494-WOZRZ,1,3,284,82.0,1,0.17517908205882182,2,False,0
1302-UHBDD,1,20,80,89.95,4,0.8333136901341516,0,False,0
2234-EOFPT,1,4,216,79.35,2,0.2533824491090005,2,False,0
8619-IJNDK,1,29,213,64.05,0,0.13868980192293023,2,False,0
8378-LKJAF,1,26,114,101.15,4,0.18388188115728518,0,False,0
8182-BJDSI,1,46,112,89.95,11,0.738887097929255,0,True,1
2528-HFYZX,1,41,68,76.45,10,0.5106973678925503,0,False,1
1153-GNOLC,1,14,132,39.1,4,0.7960548002612339,0,False,0
3298-QEICA,1,12,69,34.6,1,0.23355307651774188,1,False,0
0788-DXBFY,1,17,232,19.55,1,0.7462841251349145,0,False,0
3597-YASZG,1,12,210,104.45,2,0.39652367075185846,1,False,0
3496-LFSZU,1,26,12,70.5,2,0.7026310808731254,0,False,0
5242-UOWHD,1,12,90,20.35,0,0.38432319833859185,0,False,0
2482-CZGBB,1,55,20,70.0,7,0.8135983482232122,0,False,1
6479-SZPLM,1,13,72,19.45,2,0.3823946585998639,0,False,0
8097-VBQTZ,1,14,162,69.9,2,0.3437119172477092,1,False,0
4500-HKANN,1,24,46,59.7,1,0.18891942536731937,1,False,0
9917-KWRBE,1,2,82,78.35,3,0.20391474513579447,0,False,0
3420-ZDBMA,1,12,10,71.45,5,0.20949522045419228,0,False,0
2212-LYASK,1,26,108,45.85,4,0.39375425188365865,0,False,0
1393-IMKZG,1,21,3,95.85,1,0.5727616514345104,2,False,0
8069-RHUXK,1,28,134,35.7,0,0.13260679276551415,2,False,0
3398-GCPMU,1,16,288,89.55,0,0.33349866839054554,2,False,0
2908-WGAXL,1,4,224,24.95,2,0.20981898747461578,0,False,0
3378-AJRAO,1,8,176,24.85,1,0.6182514208851032,0,False,0
1013-QCWAM,1,2,132,100.8,4,0.8354709965627308,0,False,0
0866-QLSIR,1,41,136,64.4,8,0.2726516730334133,2,True,1
6050-FFXES,1,9,207,105.35,1,0.2913100535073664,1,False,0
7181-BQYBV,1,58,4,102.45,11,0.7701313600203811,0,True,1
0362-RAOQO,1,15,160,19.65,1,0.2837197557275546,0,False,0
9554-DFKIC,1,13,120,54.45,2,0.14793081324428625,0,False,0
5527-ACHSO,1,23,44,70.5,2,0.23692462442462667,1,False,0
0829-DDVLK,1,17,45,20.1,1,0.10229920599311754,0,False,0
1399-UBQIU,1,16,22,69.35,3,0.733162378483813,0,False,0
1813-JLKWR,1,28,192,19.8,1,0.2726074885078717,0,False,0
0336-PIKEI,1,2,216,74.4,2,0.19544116577224635,1,False,0
7322-OCWHC,1,20,144,93.05,0,0.2571686509510611,1,False,0
9537-VHDTA,1,20,4,51.2,3,0.24791733457242304,0,False,0
4957-TIALW,1,27,30,65.6,2,0.1752745647826754,2,False,0
2054-PJOCK,1,14,120,80.55,1,0.18798626442777788,2,False,0
9150-HEPMB,1,3,168,52.7,4,0.3287622989886252,0,False,0
9030-QGZNL,1,23,16,20.85,0,0.3267196957545187,0,False,0
6204-IEUXJ,1,63,12,80.1,3,0.24093464507195275,1,True,1
3126-WQMGH,1,8,147,52.15,5,0.3152526857247939,0,False,0
4529-CKBCL,1,33,8,80.2,11,0.7121932628767657,0,False,1
2506-CLAKW,1,46,18,98.15,8,0.35541221046883964,2,True,1
7176-WRTNX,1,14,280,114.95,1,0.199842004662584,1,False,0
1583-IHQZE,1,42,24,112.95,5,0.37818774995362037,2,True,1
5732-IKGQH,1,19,104,104.45,1,0.2626850951694013,1,False,0
9239-GZHZE,1,2,144,113.65,2,0.26070635832392525,2,False,0
7205-BAIAD,1,12,160,20.6,1,0.3012431152978131,0,False,0
0151-ONTOV,1,84,3,70.9,7,0.20225680324440534,0,True,1
4140-MUHUG,1,58,9,86.85,11,0.7920874328270484,0,False,1
0093-EXYQL,1,6,120,91.55,5,0.6028719014021674,0,False,0
8064-RAVOH,1,13,2,49.85,3,0.6380819080046952,0,False,0
0219-QAERP,1,4,120,19.8,0,0.30241103103791706,0,False,0
0320-JDNQG,1,61,69,99.85,4,0.5236638914187414,1,False,1
7180-PISOG,1,31,4,74.5,7,0.537413645323445,0,True,1
9168-INPSZ,1,12,132,104.15,0,0.7901885095224637,2,False,0
3571-RFHAR,1,43,130,109.15,7,0.7575826471095415,2,True,1
0015-UOCOJ,1,27,28,48.2,6,0.5944453550717259,0,False,0
5334-AFQJB,1,22,216,25.1,2,0.34334523135935613,0,False,0
2754-SDJRD,1,21,24,100.15,0,0.395995706432426,2,False,0
9578-VRMNM,1,56,48,65.2,10,0.2844324255459478,0,True,1
1587-FKLZB,1,32,198,99.5,8,0.3726377929750041,0,False,1
6140-QNRQQ,1,46,2,71.55,8,0.20777642491610432,0,True,1
8963-JLGJT,1,16,9,55.9,5,0.31014173076615587,0,False,0
4307-KTUMW,1,85,159,93.9,11,0.4540166200957342,0,True,1
1465-LNTLJ,1,6,16,64.4,0,0.3366914666830435,2,False,0
5440-FLBQG,1,58,207,108.4,7,0.3489409434188703,2,False,1
2135-DQWAQ,1,27,20,85.3,6,0.2203526309421976,0,False,0
4056-QHXHZ,1,21,288,107.45,2,0.2916865047631989,2,False,0
7470-MCQTK,1,45,39,48.75,12,0.3575083307177076,0,False,1
7488-MXJIV,1,66,8,85.65,8,0.7734449122736752,0,True,1
7401-JIXNM,1,16,108,91.3,1,0.1319594572949803,2,False,0
9339-FIIJL,1,7,144,85.95,0,0.34824632395986926,2,False,0
2027-FECZV,1,35,36,106.7,10,0.6578467547938718,0,True,1
2672-DZUOY,1,48,3,25.15,8,0.7481488928350883,0,False,1
4706-DGAHW,1,11,4,45.2,6,0.5912482348049011,0,False,0
3870-MQAMG,1,34,108,110.35,9,0.5627129843415725,1,True,1
6670-MFRPK,1,3,207,79.2,2,0.16296121295533228,0,False,0
6177-PEVRA,1,26,144,55.5,6,0.22260153274812522,0,False,0
4800-CZMPC,1,30,144,103.25,9,0.32236858601831275,0,True,1
4813-HQMGZ,1,23,16,90.25,1,0.5307691790356112,1,False,0
7579-KKLOE,1,21,142,91.25,0,0.343880237470048,2,False,0
7377-DMMRI,1,67,8,47.8,9,0.6997632265425409,0,False,1
8402-EIVQS,1,9,134,100.9,6,0.33647729295373763,0,False,0
4947-DSMXK,1,15,102,97.7,6,0.24212095600866446,0,False,0
7245-NIIWQ,1,3,12,69.85,2,0.6787573149948425,0,False,0
0002-ORFBO,1,29,18,65.6,0,0.10184815249080237,2,False,0
3324-OIRTO,1,6,142,104.65,3,0.16278215135661925,0,False,0
5414-OFQCB,1,17,114,90.45,2,0.36969643943801367,2,False,0
4967-WPNCF,1,26,144,63.7,1,0.10651882082055576,2,False,0
8552-OBVRU,1,21,144,104.5,1,0.7764777818462801,1,False,0
8499-BRXTD,1,8,36,20.1,2,0.13397578243845024,0,False,0
9154-QDGTH,1,21,129,104.3,2,0.1399222389876503,1,False,0
8197-BFWVU,1,25,216,93.25,2,0.15260497325707673,1,False,0
2577-GVSIL,1,11,105,73.45,0,0.33981559748655893,2,False,0
9367-OIUXP,1,6,16,20.7,2,0.24345597260271384,0,False,0
6770-UAYGJ,1,8,147,25.25,0,0.1435589890690127,0,False,0
6463-HHXJR,1,10,142,100.5,3,0.3060405458995975,0,False,0
7928-VJYAB,1,24,44,90.6,6,0.7655876814855483,0,False,0
1187-WILMM,1,29,126,89.4,2,0.2717354422742416,1,False,0
9776-OJUZI,1,3,195,95.45,2,0.12961000171616155,0,False,0
1306-RPWXZ,1,23,98,20.45,0,0.11642518185326195,0,False,0
8949-JTMAY,1,37,116,98.6,8,0.3387617079627283,0,True,1
2774-LVQUS,1,44,60,83.05,4,0.7312257580237499,1,False,1
3097-PYWXL,1,14,8,19.95,1,0.7050980723791291,0,False,0
2266-SJNAT,1,10,144,109.15,2,0.2641750453143964,1,False,0
0869-PAPRP,1,12,52,85.7,6,0.11871862097291602,0,False,0
4238-JSSWH,1,6,140,102.05,2,0.2211060549995951,0,False,0
2972-YDYUW,1,12,171,94.7,1,0.7140345444773949,1,False,0
1104-FEJAM,1,23,56,64.4,6,0.663549742389563,0,False,0
2809-ILCYT,1,14,75,26.8,0,0.39987741902206997,0,False,0
5499-ECUTN,1,2,188,66.05,4,0.22161358410212353,0,False,0
4981-FLTMF,1,9,114,65.2,1,0.2638708379342651,2,False,0
9121-PHQSR,1,10,32,85.05,3,0.16761760978710386,0,False,0
3113-IWHLC,1,26,20,55.8,6,0.14564146129065753,0,False,0
3211-ILJTT,1,87,34,70.4,12,0.2935916615689753,0,True,1
4612-THJBS,1,32,168,104.75,7,0.27658382407470467,0,False,1
4277-BWBML,1,3,288,19.95,0,0.10130165722188528,0,False,0
4094-NSEDU,1,75,84,94.25,8,0.5169446360092917,0,True,1
0234-TEVTT,1,1,96,45.0,6,0.29307387190387435,0,False,0
4304-TSPVK,1,12,272,114.9,1,0.3436748037197349,1,False,0
1552-AAGRX,1,7,60,106.4,2,0.1937105959119533,2,False,0
2637-FKFSY,1,4,6,46.1,3,0.2942309107866562,0,False,0
9796-MVYXX,1,10,56,39.7,2,0.1795773790452539,1,False,0
7874-ECPQJ,1,13,8,20.05,2,0.3071139683887709,0,False,0
0020-INWCK,1,2,213,95.75,3,0.30938439959873876,0,False,0
7089-RKVSZ,1,10,24,24.4,2,0.13906703965587702,0,False,0
2683-JXWQQ,1,21,122,33.6,4,0.2995269351931015,0,False,0
9548-ZMVTX,1,22,216,90.45,0,0.20007015450411092,2,False,0
8739-XNIKG,1,25,10,84.0,5,0.6296493828180303,0,False,0
9755-JHNMN,1,4,147,67.4,1,0.25010836983213225,1,False,0
3981-QSVQI,1,18,32,19.7,0,0.2356890051726164,0,False,0
2789-HQBOU,1,5,6,80.35,4,0.7474067201289538,0,False,0
9424-CMPOG,1,19,18,19.6,0,0.12535465274836557,0,False,0
5067-WJEUN,1,2,134,54.2,5,0.3369259806495343,0,False,0
3450-WXOAT,1,12,92,45.2,3,0.13182470863278872,0,False,0
9251-WNSOD,1,17,134,75.1,3,0.1622377084237186,0,False,0
6974-DAFLI,1,10,110,19.7,1,0.6724638313403903,0,False,0
2616-UUTFK,1,2,132,72.75,4,0.2389523800067274,0,False,0
7064-JHXCE,1,6,248,20.05,0,0.39665769242021454,0,False,0
5103-MHMHY,1,40,3,45.95,12,0.2768421139787318,0,True,1
7989-AWGEH,1,29,98,39.2,4,0.6448261728733685,0,False,0
4373-VVHQL,1,19,3,44.75,4,0.678367564666068,0,False,0
4559-UWIHT,1,11,42,82.65,5,0.5130973504434835,0,False,0
7268-IGMFD,1,25,72,93.9,0,0.18213269055648704,2,False,0
1846-XWOQN,1,47,3,70.15,8,0.6363015428520924,0,False,1
0235-KGSLC,1,59,4,85.55,13,0.3739524353419238,0,True,1
6650-BWFRT,1,2,216,117.15,2,0.3125542765776516,2,False,0
9570-KYEUA,1,8,128,99.25,1,0.3032449646401992,1,False,0
6993-YGFJV,1,26,207,112.55,1,0.3178231795116289,1,False,0
2712-SYWAY,1,11,4,25.7,2,0.7564109380964369,0,False,0
0730-BGQGF,1,28,284,90.3,0,0.3279389079003838,2,False,0
5498-IBWPI,1,21,264,49.4,0,0.15782860651874006,1,False,0
9101-NTIXF,1,4,6,19.4,2,0.15317748602848047,0,False,0
0013-SMEOE,1,10,213,109.7,1,0.20864900313742116,2,False,0
9314-QDMDW,1,21,44,61.25,4,0.7926298932346271,0,False,0
9308-ANMVE,1,20,94,55.3,3,0.6715738588590663,0,False,0
2884-GBPFB,1,89,70,70.3,6,0.7472378729683806,0,True,1
3757-NJYBX,1,67,96,106.35,10,0.10583423124343595,0,True,1
3413-DHLPB,1,4,180,103.75,2,0.17074068518075997,1,False,0
7649-PHJVR,1,29,44,19.5,1,0.3410541827649697,0,False,0
6114-TCFID,1,10,87,39.5,0,0.17274600792526562,1,False,0
3787-TRIAL,1,12,63,26.05,6,0.7621570572354945,0,False,0
2573-GYRUU,1,29,192,91.05,5,0.15539027947896522,0,False,0
5156-UMKOW,1,14,12,29.65,4,0.28191026745980763,0,False,0
1247-QBVSH,1,16,129,50.2,2,0.2884634100101505,0,False,0
6734-GMPVK,1,22,10,105.3,5,0.8167072943048469,0,False,0
9822-OAOVB,1,18,3,55.45,4,0.5719652112860403,0,False,0
6161-ERDGD,1,21,142,85.45,1,0.7582489551764945,1,False,0
1226-JZNKR,1,22,16,19.8,0,0.7407482269630764,0,False,0
7318-EIVKO,1,21,16,59.25,5,0.7495962382924897,0,False,0
3771-PZOBW,1,12,80,90.7,3,0.25656421810555224,0,False,0
5136-KCKGI,1,45,132,103.7,11,0.16287936493845637,0,False,1
8231-BSWXX,1,7,284,79.05,3,0.30036776474159094,0,False,0
6486-LHTMA,1,20,93,90.7,4,0.6197323268494206,0,False,0
4083-BFNYK,1,24,152,95.0,5,0.34114884916604404,0,False,0
3722-WPXTK,1,49,4,88.35,7,0.5765441756041361,0,False,1
7389-KBFIT,1,7,6,30.25,4,0.17828188080217144,0,False,0
7176-WIONM,1,9,36,49.85,4,0.37648873221931667,0,False,0
5141-ZUVBH,1,1,18,93.0,0,0.3790078339738888,1,False,0
1089-HDMKP,1,26,33,54.55,0,0.6011252773578839,2,False,0
7623-HKYRK,1,6,18,19.7,2,0.11432535463552897,0,False,0
0310-SUCIN,1,6,284,84.8,1,0.19196652058778793,2,False,0
5197-PYEPU,1,22,84,94.45,4,0.17413679632638346,0,False,0
2929-ERCFZ,1,31,16,94.2,9,0.7120572626684798,0,False,1
7548-SEPYI,1,62,15,96.25,7,0.5863894070626032,0,True,1
8835-VSDSE,1,62,8,70.7,10,0.6658509305989941,0,True,1
6619-RPLQZ,1,12,180,20.85,1,0.10091080573763622,0,False,0
3275-RHRNE,1,10,112,60.0,0,0.2933895560534495,1,False,0
3503-TYDAY,1,23,172,80.45,5,0.6311029888474642,0,False,0
6901-GOGZG,1,26,180,84.95,1,0.7717235751740469,2,False,0
1623-NLDOT,1,42,168,33.55,7,0.25617840415437093,2,False,1
7021-XSNYE,1,17,14,49.65,2,0.2833312219329409,1,False,0
9621-OUPYD,1,19,50,20.2,0,0.3431482934611271,0,False,0
9898-KZQDZ,1,51,120,94.55,11,0.33525903360651443,0,False,1
8982-NHAVY,1,6,108,100.5,5,0.11038761315352313,0,False,0
4307-KWMXE,1,24,40,35.75,1,0.5828157895213076,1,False,0
0141-YEAYS,1,19,108,86.45,4,0.35168344383114747,0,False,0
2450-ZKEED,1,10,44,53.8,2,0.27241890625916887,1,False,0
3694-DELSO,1,24,12,38.55,2,0.3872282005807577,0,False,0
3893-JRNFS,1,8,272,39.9,6,0.22947747907494276,0,False,0
9603-OAIHC,1,21,3,70.05,4,0.516611006258115,0,False,0
1133-KXCGE,1,24,72,20.1,1,0.24197047371634275,0,False,0
5236-PERKL,1,44,228,112.95,10,0.23096329238845695,0,False,1
0142-GVYSN,1,21,52,20.3,2,0.562839819715458,0,False,0
1049-FYSYG,1,25,51,35.65,5,0.342384170163085,0,False,0
7854-FOKSF,1,84,2,35.9,8,0.728495785077929,0,True,1
2519-FAKOD,1,73,114,99.25,11,0.15558259821981246,0,False,1
8406-LNMHF,1,1,236,82.95,2,0.3203431769065185,0,False,0
1821-BUCWY,1,27,120,55.65,4,0.27756886398352953,0,False,0
8263-JQAIK,1,40,6,24.45,10,0.2734932191613044,0,False,1
0023-UYUPN,1,24,100,25.2,0,0.6091963588116549,0,False,0
8314-DPQHL,1,28,27,50.8,2,0.2691896375969596,2,False,0
1465-WCZVT,1,25,9,19.65,0,0.23725412090142803,0,False,0
9481-SFCQY,1,20,56,59.8,5,0.29211408484422885,0,False,0
6360-SVNWV,1,12,62,73.55,5,0.31711812086517255,0,False,0
0567-GGCAC,1,16,21,61.4,4,0.5534779379193926,0,False,0
7089-IVVAZ,1,68,16,103.35,5,0.24911496827143378,1,False,1
8884-MRNSU,1,27,34,19.9,0,0.2374517389795371,0,False,0
2171-UDMFD,1,10,96,19.45,1,0.1119709811833865,0,False,0
9050-IKDZA,1,14,4,81.5,4,0.35033159692720184,0,False,0
2205-YMZZJ,1,79,28,84.8,12,0.5531148439825208,0,True,1
9802-CAQUT,1,20,288,109.55,4,0.12180676996036265,0,False,0
1254-IZEYF,1,37,124,99.95,8,0.5900968356500207,0,True,1
0187-WZNAB,1,10,108,74.4,5,0.1484442418274792,0,False,0
9492-TOKRI,1,79,36,90.0,9,0.3113243243903995,0,False,1
1475-VWVDO,1,25,28,74.9,4,0.739640439606166,0,False,0
9221-OTIVJ,1,49,42,104.85,7,0.6753437815175478,0,True,1
1357-MVDOZ,1,23,44,59.65,4,0.38514215774529226,0,False,0
7602-MVRMB,1,2,216,110.45,2,0.18752360447667424,1,False,0
3325-FUYCG,1,36,84,106.1,12,0.5909012604771445,0,False,1
5908-QMGOE,1,40,60,74.2,7,0.34047034728731485,0,False,1
1197-BVMVG,1,8,16,74.45,3,0.6456320340483616,0,False,0
5406-KGRMX,1,23,142,24.55,0,0.7722319645199265,0,False,0
8481-YYXWG,1,33,15,89.35,8,0.7288170863340626,1,False,1
5968-HYJRZ,1,7,188,24.55,0,0.3763057042002689,0,False,0
5198-EFNBM,1,8,114,90.65,3,0.5264469176130302,0,False,0
7516-GMHUV,1,1,200,105.05,3,0.26450662522337764,0,False,0
7140-ADSMJ,1,21,32,20.45,0,0.3520498886480202,0,False,0
2230-XTUWL,1,2,192,19.55,2,0.37105001029082385,0,False,0
7706-YLMQA,1,18,210,19.7,0,0.38330907339055653,0,False,0
2585-KTFRE,1,15,4,70.45,0,0.3637455979839268,1,False,0
7994-UYIVZ,1,1,16,85.65,3,0.3192264712225703,0,False,0
2609-IAICY,1,43,4,77.15,7,0.4444319209982085,0,True,1
1740-CSDJP,1,40,4,35.25,9,0.19448603484263893,0,False,1
7717-BICXI,1,20,120,20.55,2,0.13868088546802915,0,False,0
6559-RAKOZ,1,3,98,97.95,2,0.5259301063685533,1,False,0
2636-OHFMN,1,41,12,48.55,7,0.6361255111421483,0,False,1
4716-MRVEN,1,18,87,20.0,0,0.12242213715656579,0,False,0
2143-LJULT,1,29,201,25.25,1,0.1729095436972647,0,False,0
1323-OOEPC,1,42,159,98.4,7,0.3870936509617423,0,False,1
3200-MNQTF,1,18,134,70.9,1,0.19358307357645876,2,False,0
6164-HXUGH,1,14,24,19.85,2,0.14791392097720707,0,False,0
5630-IXDXV,1,24,188,106.35,4,0.8098380794465357,0,False,0
0320-DWVTU,1,8,212,99.5,1,0.348551545015675,2,False,0
9135-MGVPY,1,29,207,84.7,2,0.19421135487894509,1,False,0
1212-GLHMD,1,12,6,86.05,3,0.1835491931735113,0,False,0
7878-JGDKK,1,21,8,44.55,4,0.17252786437151008,0,False,0
1088-AUUZZ,1,10,112,75.85,1,0.21797837171991202,2,False,0
0397-GZBBC,1,74,236,93.85,12,0.12616952735166756,0,False,1
6614-YWYSC,1,20,183,25.0,2,0.30073876796686194,0,False,0
9588-OZDMQ,1,17,4,45.0,4,0.7658698500466927,0,False,0
7641-EUYET,1,84,138,100.7,10,0.629548689711909,0,False,1
6476-EPYZR,1,2,24,20.5,2,0.22635990696791455,0,False,0
9921-ZVRHG,1,84,42,80.45,11,0.5239576076560087,0,True,1
1174-FGIFN,1,26,56,90.45,0,0.6847107275657194,1,False,0
6620-HVDUJ,1,4,72,60.45,2,0.22715124546617466,2,False,0
4701-MLJPN,1,73,62,55.25,6,0.7153576518558329,2,False,1
1032-MAELW,1,15,136,78.45,1,0.732359862846757,1,False,0
7641-TQFHN,1,13,117,100.55,1,0.12117594683438168,1,False,0
1552-TKMXS,1,8,126,20.35,2,0.38600607786508667,0,False,0
9206-GVPEQ,1,48,52,54.45,7,0.7439151778594574,1,False,1
8622-ZLFKO,1,4,18,90.75,4,0.5523924987206328,0,False,0
1596-BBVTG,1,66,70,75.35,13,0.15507550932560016,0,True,1
6188-UXBBR,1,19,76,20.25,1,0.1934786804340769,0,False,0
2333-KWEWW,1,18,54,20.05,2,0.2678998122895576,0,False,0
5702-SKUOB,1,5,16,19.6,2,0.140342858823584,0,False,0
1134-YWTYF,1,19,81,53.8,1,0.5715868287273647,2,False,0
6061-GWWAV,1,26,82,70.2,6,0.3708025881819038,0,False,0
0679-TDGAK,1,23,100,75.5,0,0.581248217411812,2,False,0
6585-WCEWR,1,27,288,20.35,2,0.7001449756944738,0,False,0
9067-YGSCA,1,22,210,26.05,1,0.32890053329761265,0,False,0
9067-SQTNS,1,16,88,20.6,2,0.3665749350672215,0,False,0
8433-WXGNA,1,58,4,75.7,8,0.6794175656548942,0,True,1
1776-SPBWV,1,12,68,20.1,2,0.14933125160726987,0,False,0
8735-SDUFN,1,24,216,24.3,2,0.32110349772866853,0,False,0
9668-PUGNU,1,2,213,24.5,2,0.7850702190290867,0,False,0
9405-GPBBG,1,21,256,110.5,2,0.3940100332181633,1,False,0
1926-QUZNN,1,25,144,25.25,1,0.1418625554330213,0,False,0
3707-GNWHM,1,78,2,74.25,6,0.31282626480080533,0,True,1
7016-NVRIC,1,18,116,90.1,3,0.22518776132039658,0,False,0
5829-NVSQN,1,25,46,68.75,0,0.37438883127023637,1,False,0
9565-AXSMR,1,16,208,19.2,2,0.22234926530001575,0,False,0
8922-LIEGH,1,87,100,89.7,8,0.6275389933361286,0,True,1
8869-LIHMK,1,26,128,115.1,1,0.13803897945602026,2,False,0
8245-UMPYT,1,49,48,96.4,13,0.5994677696796961,0,False,1
5186-SAMNZ,1,66,3,69.5,10,0.2202521411176853,0,False,1
0447-RXSGD,1,19,72,99.65,4,0.10525262631335529,0,False,0
4927-WWOOZ,1,29,6,91.45,4,0.5735644641032887,0,False,0
5788-YPOEG,1,3,68,84.75,2,0.20089556538019188,1,False,0
5373-SFODM,1,49,144,85.25,5,0.34115192074014766,0,True,1
0661-KBKPA,1,8,212,78.75,1,0.13213378403373788,1,False,0
9081-WWXKP,1,27,94,20.25,1,0.3280633380768674,0,False,0
0784-ZQJZX,1,26,216,19.9,0,0.31420346298302027,0,False,0
3133-PZNSR,1,26,288,97.75,1,0.1725346983349318,1,False,0
5766-ZJYBB,1,80,2,19.4,8,0.12498150050253914,0,False,1
8931-GJJIQ,1,61,18,83.3,7,0.7147434288833375,0,False,1
4277-PVRAN,1,70,24,80.1,12,0.17482901282347404,0,False,1
0022-TCJCI,1,65,90,62.7,11,0.14366803591212948,0,False,1
0722-SVSFK,1,28,28,100.4,2,0.6646869630709848,1,False,0
3612-YVGSJ,1,18,284,24.45,1,0.22026484709771563,0,False,0
9825-YCXWZ,1,13,82,101.1,2,0.19782639393402646,1,False,0
5397-NSKQG,1,5,268,50.9,5,0.3929443337520854,0,False,0
8565-HBFNN,1,22,138,107.2,0,0.36424620078890513,2,False,0
2000-DHJUY,1,12,280,92.2,1,0.36189264893772666,1,False,0
0203-HHYIJ,1,63,75,25.3,8,0.219630277156231,0,True,1
8670-ERCJH,1,5,288,113.4,1,0.38886089192154805,2,False,0
7758-UJWYS,1,7,102,40.55,2,0.7552676957535089,1,False,0
2050-ONYDQ,1,26,195,26.0,2,0.3495984006115231,0,False,0
7055-JCGNI,1,26,140,111.95,0,0.25026253751630867,1,False,0
0739-UUAJR,1,24,216,53.8,2,0.14818518795980573,0,False,0
4826-DXMUP,1,12,140,72.1,2,0.36606565149540304,2,False,0
0952-KMEEH,1,87,52,98.15,11,0.24592802181165235,0,True,1
7285-KLOTR,1,23,36,78.85,4,0.7526223686106301,0,False,0
0654-PQKDW,1,8,124,70.75,0,0.17645830342075736,1,False,0
7175-NTIXE,1,28,75,76.15,2,0.39771369742936735,1,False,0
7963-SHNDT,1,9,208,39.1,1,0.16672740459164473,2,False,0
9796-BPKIW,1,15,32,69.95,4,0.21045002740704086,0,False,0
0188-GWFLE,1,5,6,20.05,0,0.2782049568774778,0,False,0
8129-GMVGI,1,13,168,20.05,1,0.30799691775534854,0,False,0
2882-DDZPG,1,5,36,19.45,0,0.31608465070192215,0,False,0
3547-LQRIK,1,11,188,26.9,1,0.5659425980397479,0,False,0
9137-NOQKA,1,10,8,19.2,2,0.439910605103725,0,False,0
5843-TTHGI,1,20,72,50.0,4,0.24881444551483042,0,False,0
1849-RJYIG,1,13,16,60.0,4,0.6809595460095548,0,False,0
8868-GAGIO,1,9,180,84.55,3,0.297296682705617,0,False,0
4061-UKJWL,1,21,12,45.45,5,0.15468267524971346,0,False,0
5380-XPJNZ,1,14,76,20.05,2,0.21817369742540588,0,False,0
8263-QMNTJ,1,18,144,115.55,2,0.8077781726529563,1,False,0
8178-EYZUO,1,71,92,93.7,12,0.43690690250559605,0,True,1
3230-JCNZS,1,10,142,99.0,4,0.2807002473823481,0,False,0
0277-ORXQS,1,24,132,50.55,1,0.12719446871456075,1,False,0
5130-IEKQT,1,43,50,105.95,7,0.14709869678198795,0,False,1
3230-WYKIR,1,31,54,82.0,6,0.28148031658391715,2,True,1
7996-BPXHY,1,28,39,25.0,0,0.23319865677333595,0,False,0
3227-WLKLI,1,3,195,91.55,0,0.26454969908505116,2,False,0
0407-BDJKB,1,34,180,95.75,8,0.723717495120866,0,True,1
2266-FUBDZ,1,16,60,19.35,2,0.34517207275329176,0,False,0
8237-ULIXL,1,4,144,24.85,2,0.3663944348285538,0,False,0
9600-UDOPK,1,70,120,94.05,10,0.28487647625146373,0,True,1
8216-AZUUZ,1,6,84,100.4,1,0.5483871880229281,2,False,0
9153-BTBVV,1,1,142,25.0,0,0.2377592745340066,0,False,0
4074-SJFFA,1,76,4,54.75,6,0.3219425668667333,0,True,1
3269-ATYWD,1,43,117,95.65,9,0.2563899634974889,0,True,1
5186-PEIZU,1,12,140,19.25,1,0.13173063887866565,0,False,0
1074-AMIOH,1,26,212,108.25,0,0.1425817072174784,1,False,0
4910-GMJOT,1,54,2,94.6,8,0.6275415744994459,0,True,1
0354-WYROK,1,49,62,98.9,7,0.5806206749595025,2,True,1
4361-FEBGN,1,23,96,20.15,0,0.17176936583797908,0,False,0
7748-UMTRK,1,29,90,101.3,1,0.6315106688816696,1,False,0
0380-ZCSBI,1,21,40,20.0,2,0.10372909368917398,0,False,0
7145-FEJWU,1,16,48,105.3,4,0.7611730629641973,0,False,0
6463-MVYRY,1,13,171,69.85,0,0.3317070769605491,1,False,0
3969-JQABI,1,13,232,65.25,4,0.15104612545932922,0,False,0
9624-EGDEQ,1,17,148,19.8,1,0.1542905689607226,0,False,0
1051-EQPZR,1,27,88,19.6,1,0.1086569099540442,0,False,0
5849-ASHZJ,1,7,81,20.05,1,0.2537350116500385,0,False,0
5780-INQIK,1,8,16,49.4,0,0.637854876929585,2,False,0
7576-OYWBN,1,66,9,76.05,10,0.6188131328671543,0,True,1
4526-ZJJTM,1,23,50,88.4,3,0.21683464288786355,0,False,0
8384-FZBJK,1,27,228,100.6,3,0.6069140576423884,0,False,0
3750-RNQKR,1,16,36,19.45,0,0.3344584656173966,0,False,0
0962-CQPWQ,1,29,186,20.3,2,0.1100542922036077,0,False,0
3096-YXENJ,1,4,130,107.65,1,0.3351455682497826,2,False,0
1265-BCFEO,1,8,213,80.45,1,0.2999026347000374,1,False,0
5837-LXSDN,1,16,84,58.85,4,0.17242796624722598,0,False,0
5945-AZYHT,1,21,284,109.6,3,0.6436177101151016,0,False,0
8325-QRPZR,1,10,28,75.15,4,0.5900872286034625,0,False,0
6384-VMJHP,1,25,144,73.0,0,0.21387660110179038,2,False,0
2262-SLNVK,1,12,3,70.1,3,0.5138394776132527,0,False,0
7730-CLDSV,1,12,144,98.65,0,0.1066901158061962,1,False,0
1135-HIORI,1,26,256,111.45,1,0.6089613401316207,2,False,0
0164-APGRB,1,5,216,114.9,0,0.7214533398914484,2,False,0
6481-ESCNL,1,16,116,100.55,3,0.3763065602075213,0,False,0
1790-NESIO,1,1,39,20.4,2,0.29867905392719496,0,False,0
1550-EENBN,1,28,93,104.35,2,0.6976441302156583,0,False,0
5539-TMZLF,1,58,2,69.75,9,0.8236682303884154,0,True,1
4323-SADQS,1,39,21,34.5,9,0.48922328124894593,1,True,1
4446-BZKHU,1,41,244,105.55,12,0.630218138622973,0,True,1
5202-IVJNU,1,59,117,30.1,5,0.23910468076777544,0,False,1
5976-JCJRH,1,70,40,70.3,8,0.5612433981344456,0,True,1
8198-RKSZG,1,22,28,80.45,0,0.2064470140129979,2,False,0
0137-OCGAB,1,34,4,80.2,9,0.30864972371359606,0,False,1
3351-NQLDI,1,49,201,94.35,6,0.15515932357846515,2,True,1
9297-EONCV,1,3,288,91.35,1,0.25310192792524183,2,False,0
7593-JNWRU,1,72,24,44.6,7,0.2500380875502365,0,True,1
4588-YBNIB,1,41,3,19.6,3,0.3471359268044918,0,False,1
1069-QJOEE,1,14,100,19.9,0,0.7193096242752524,0,False,0
3336-JORSO,1,86,99,110.45,5,0.7342494384173279,1,True,1
7799-DSEWS,1,13,36,68.35,0,0.5004071189105642,2,False,0
8766-PAFNE,1,7,284,79.1,0,0.3068833059604873,1,False,0
5315-CKEQK,1,10,56,51.0,6,0.515217569278942,0,False,0
3130-ICDUP,1,13,8,80.55,5,0.38996331714386134,0,False,0
0820-FNRNX,1,16,68,66.7,1,0.3467086357248139,1,False,0
0880-FVFWF,1,26,112,86.4,2,0.6611334640617914,0,False,0
4611-ANLQC,1,14,240,50.05,5,0.752746273590262,0,False,0
4213-HKBJO,1,11,132,25.7,2,0.22259669360857248,0,False,0
2792-LSHWX,1,10,2,83.4,0,0.12238304763392437,1,False,0
5028-GZLDO,1,66,8,70.7,7,0.3120306619001817,0,True,1
0014-BMAQU,1,4,189,84.65,0,0.2213841499085322,1,False,0
6861-XWTWQ,1,78,28,99.25,10,0.8619884754729479,0,False,1
9018-PCIOK,1,1,220,64.75,3,0.191968364298786,0,False,0
4837-QUSFT,1,7,260,100.15,2,0.35299984643637805,1,False,0
6877-TJMBR,1,85,2,84.8,8,0.6821372818755838,1,True,1
9953-ZMKSM,1,9,189,25.25,1,0.3559973848383674,0,False,0
0907-HQNTS,1,8,210,113.0,1,0.18756456312806669,2,False,0
7665-NKLAV,1,5,144,40.65,0,0.23840362099559329,2,False,0
6769-DCQLI,1,35,104,105.0,5,0.3469387033706291,1,True,1
2433-KMEAS,1,73,44,54.45,7,0.6490140785864854,0,False,1
4391-LNRXK,1,11,66,94.95,0,0.2079765698486004,1,False,0
8250-ZNGGW,1,25,10,59.9,2,0.25359868771279004,1,False,0
2195-ZRVAX,1,79,188,85.3,9,0.8947557539977447,0,True,1
3550-SAHFP,1,43,132,83.35,12,0.7023983068698305,0,False,1
2011-TRQYE,1,31,36,33.5,6,0.28435679583400875,0,False,1
8562-GHPPI,1,5,4,19.8,2,0.34837341413005474,0,False,0
5893-PYOLZ,1,29,168,81.8,0,0.23260910163165108,1,False,0
4986-MXSFP,1,19,8,20.0,1,0.3850192013940057,0,False,0
6131-FOYAS,1,22,70,59.6,4,0.6673867969668204,0,False,0
3027-YNWZU,1,19,192,25.0,2,0.19806164488788658,0,False,0
5609-IMCGG,1,10,60,84.35,4,0.1258059932714897,0,False,0
4873-ILOLJ,1,84,72,90.35,12,0.6859055192908892,0,False,1
4727-MCYZG,1,22,2,55.55,2,0.2705915131109712,0,False,0
9481-WHGWY,1,4,280,75.35,1,0.31097444161997334,2,False,0
2725-KXXWT,1,66,4,90.75,6,0.6707290647416249,0,False,1
9565-DJPIB,1,82,12,89.6,10,0.38318825059714445,0,True,1
4328-VUFWD,1,8,156,59.3,0,0.5508846045208285,1,False,0
3301-LSLWQ,1,4,116,66.1,4,0.6914952929546594,0,False,0
7473-ZBDSN,1,25,56,18.8,2,0.2999768947489078,0,False,0
3166-PNEOF,1,23,244,86.45,1,0.15161914509800767,2,False,0
5639-NTUPK,1,12,26,52.1,3,0.26368020407902454,0,False,0
8780-YRMTT,1,2,264,47.4,0,0.20045009067408254,1,False,0
8348-HFYIV,1,41,6,49.25,8,0.43903642228187556,0,True,1
5140-FOMCQ,1,5,118,109.15,6,0.11975979735014267,0,False,0
6242-SGYTS,1,3,186,94.95,4,0.3277638941329751,0,False,0
8166-ORCHU,1,9,99,93.55,1,0.6621056757074625,1,False,0
8414-OOEEL,1,29,198,79.5,1,0.3145365034691106,2,False,0
8454-AATJP,1,21,144,115.05,1,0.30558344636091805,2,False,0
6849-WLEYG,1,88,2,19.75,7,0.14029368993375602,0,True,1
4659-NZRUF,1,72,38,95.15,7,0.45902913492433556,0,False,1
4531-AUZNK,1,3,204,95.15,0,0.175745117262135,1,False,0
4191-XOVOM,1,25,189,105.4,0,0.6407114070182739,2,False,0
2150-OEGBV,1,23,54,20.1,1,0.38175286748128967,0,False,0
8429-XIBUM,1,58,66,101.35,10,0.3021677084148834,0,False,1
1855-CFULU,1,9,8,20.05,0,0.1765515803350104,0,False,0
4878-BUNFV,1,14,84,20.7,0,0.11679523054820198,0,False,0
1872-EBWSC,1,4,58,20.35,1,0.30526717924191193,0,False,0
2608-BHKFN,1,85,12,70.05,8,0.2875955412448157,0,True,1
7026-YMSBE,1,9,120,19.7,1,0.3027290255086411,0,False,0
7341-LXCAF,1,72,8,74.65,10,0.5475527145551133,0,False,1
6997-UVGOX,1,18,142,85.45,2,0.25508896516760904,1,False,0
9674-EHPPG,1,15,92,40.4,0,0.20851084041744672,2,False,0
9462-MJUAW,1,73,16,50.4,11,0.3453096816837236,0,True,1
8128-YVJRG,1,67,21,79.65,9,0.12081899863560039,0,False,1
5440-VHLUL,1,16,207,105.2,1,0.18263253683249078,1,False,0
5781-BKHOP,1,12,216,100.65,4,0.28088612325111073,0,False,0
4283-FUTGF,1,74,57,79.85,7,0.4713234966419503,0,True,1
5213-TWWJU,1,5,56,91.0,1,0.6839447502751954,1,False,0
1569-TTNYJ,1,45,20,78.75,7,0.46532445521873234,0,False,1
8628-MFKAX,1,10,144,116.75,2,0.10684368756241094,2,False,0
2397-BRLOM,1,71,32,80.45,8,0.3590483598535361,0,False,1
7629-WIXZF,1,7,21,59.1,4,0.6651955470040056,0,False,0
5445-GLVOT,1,26,88,49.8,3,0.48237577281919986,0,False,0
3976-HXHCE,1,17,144,19.3,1,0.15181270772373995,0,False,0
2466-NEJOJ,1,16,16,19.65,2,0.36576861821036954,0,False,0
0254-KCJGT,1,27,156,81.4,1,0.29632942184404365,1,False,0
5472-CVMDX,1,27,136,38.9,2,0.386903879977027,2,False,0
6461-SZMCV,1,24,142,87.95,2,0.34001209701337193,1,False,0
8150-QUDFX,1,3,8,19.85,1,0.3302628055084508,0,False,0
9508-ILZDG,1,14,68,96.35,0,0.712378786674902,2,False,0
2346-DJQTB,1,10,105,24.15,4,0.8281026523261842,0,False,0
1697-LYYYX,1,22,183,19.1,0,0.22379576153255554,0,False,0
1942-OQFRW,1,7,2,44.0,4,0.7857687696179623,0,False,0
4749-VFKVB,1,76,3,50.1,6,0.32732238750613685,0,True,1
9640-ZSLDC,1,17,212,60.6,4,0.3035315876788154,0,False,0
4231-LZUYM,1,6,288,25.65,1,0.198914855789037,0,False,0
7598-UAASY,1,63,4,76.4,8,0.6439791846589435,0,True,1
7938-OUHIO,1,30,6,98.7,4,0.7040075108004946,2,True,1
8510-AWCXC,1,84,52,100.8,10,0.6255487094803528,0,True,1
6128-AQBMT,1,17,123,53.95,4,0.712723837364382,0,False,0
3594-BDSOA,1,27,48,20.4,0,0.2513193489491411,0,False,0
0431-APWVY,1,72,56,90.1,9,0.10959586162110012,0,False,1
5133-VRSAB,1,4,24,29.35,2,0.2879403607245683,0,False,0
5996-DAOQL,1,7,2,20.45,1,0.3184032535082914,0,False,0
6838-YAUVY,1,23,162,95.1,1,0.36555516079502326,2,False,0
0484-JPBRU,1,2,123,25.25,0,0.2898054180168481,0,False,0
7883-ROJOC,1,17,57,44.9,4,0.10583713515955266,0,False,0
0244-LGNFY,1,24,216,92.65,2,0.13592330074335762,1,False,0
7274-CGTOD,1,8,186,43.7,2,0.14837201474740414,2,False,0
4295-YURET,1,23,224,72.6,0,0.16337840590805314,1,False,0
3426-NIYYL,1,69,45,51.55,8,0.6655994792661188,0,False,1
8225-BTJAU,1,78,40,79.25,12,0.5763133913512872,0,True,1
4635-EJYPD,1,8,96,18.95,2,0.1937086968312582,0,False,0
1866-ZSLJM,1,16,42,20.5,2,0.32667623229331855,0,False,0
4636-TVXVG,1,19,248,19.95,1,0.22373097235640685,0,False,0
4236-UJPWO,1,11,4,24.5,4,0.5071661033867128,0,False,0
9392-XBGTD,1,2,81,20.6,0,0.2755379337281905,0,False,0
3387-VATUS,1,33,15,94.85,11,0.13902030595139503,0,False,1
6402-SSEJG,1,24,50,61.05,2,0.6678842339803059,0,False,0
1143-NMNQJ,1,30,6,85.7,8,0.7334847867745924,0,True,1
1169-SAOCL,1,28,98,106.65,1,0.37884689119818205,2,False,0
1110-KYLGQ,1,26,189,108.25,2,0.12011578208477161,0,False,0
9929-PLVPA,1,16,12,20.4,1,0.1911899751287472,0,False,0
3518-PZXZQ,1,25,4,55.3,2,0.29573919490239003,0,False,0
2371-JUNGC,1,15,22,20.25,1,0.19463590085343677,0,False,0
7693-QPEFS,1,13,156,72.95,3,0.2353076833579116,0,False,0
0924-BJCRC,1,15,120,89.45,4,0.5019401503496057,0,False,0
5074-FBGHB,1,27,256,104.65,1,0.30804940184855206,1,False,0
2351-BKRZW,1,4,86,75.2,5,0.3649840394536039,0,False,0
4455-BFSPD,1,16,244,101.15,0,0.3930578943438865,2,False,0
0415-MOSGF,1,31,2,44.4,11,0.3491600046867289,0,False,1
1724-BQUHA,1,79,10,89.5,11,0.5348982478942769,0,False,1
3948-KXDUF,1,3,264,68.75,1,0.2955561904530429,1,False,0
2323-ARSVR,1,22,201,111.05,1,0.6865006975665517,1,False,0
0815-MFZGM,1,17,126,99.0,1,0.3813686479641747,2,False,0
4826-XTSOH,1,70,3,86.05,10,0.7652047232103765,0,False,1
5480-XTFFL,1,18,62,21.0,1,0.3964138523146622,0,False,0
8295-FHIVV,1,25,14,19.4,1,0.3585802672785048,0,False,0
2495-INZWQ,1,42,12,44.55,11,0.6628369597493138,0,True,1
9086-YJYXS,1,23,68,77.2,5,0.31447015462303174,0,False,0
1179-INLAT,1,28,6,19.45,0,0.389403170909962,0,False,0
7909-FIOIY,1,17,57,24.85,4,0.2734350183299778,0,False,0
4139-SUGLD,1,60,124,35.4,4,0.351993756103679,2,False,1
6857-VWJDT,1,70,2,95.65,10,0.38266296283661805,0,True,1
6351-SCJKT,1,21,6,41.35,1,0.2711613073746382,1,False,0
5468-BPMMO,1,24,92,19.6,1,0.6062320733032707,0,False,0
5624-BQSSA,1,63,2,20.95,7,0.14666901794206433,0,False,1
0197-PNKNK,1,12,276,84.45,6,0.13459515225038796,0,False,0
2439-QKJUL,1,26,15,20.25,0,0.2428969540824821,0,False,0
1194-SPVSP,1,23,2,19.65,2,0.2440424734818263,0,False,0
9534-NSXEM,1,22,78,20.65,1,0.28521135651136115,0,False,0
2408-WITXK,1,48,20,34.7,9,0.6490268239249196,0,False,1
8929-KSWIH,1,20,100,99.3,2,0.39191650464520755,1,False,0
2250-IVBWA,1,15,192,81.05,5,0.5937777114948817,0,False,0
1810-MVMAI,1,23,120,67.6,0,0.7491060940442886,2,False,0
9506-UXUSK,1,28,26,70.15,4,0.5505586661928177,0,False,0
1229-RCALF,1,16,256,115.0,1,0.6578751484761334,1,False,0
3572-UOLYZ,1,5,184,84.8,0,0.2944975652078601,2,False,0
1429-UYJSV,1,21,24,19.7,2,0.33166903797293534,0,False,0
5577-OTWWW,1,74,30,19.75,7,0.2509066638835602,0,False,1
6100-QQHEB,1,40,51,92.55,9,0.5167727473177205,0,False,1
6366-XIVKZ,1,18,26,63.15,4,0.21069928376903202,0,False,0
3470-OBUET,1,5,201,74.0,2,0.1816484549486888,2,False,0
2770-NSVDG,1,13,96,29.1,5,0.5861486621274768,0,False,0
9375-MHRRS,1,19,24,50.05,2,0.2589904923138101,2,False,0
2634-HCZGT,1,54,159,60.05,6,0.7754039798620056,1,True,1
7503-QQRVF,1,50,32,74.3,10,0.3535365834750288,0,True,1
4860-YZGZM,1,14,20,20.0,2,0.8248989567540508,0,False,0
6599-GZWCM,1,4,52,74.65,6,0.23877438547041038,0,False,0
2691-NZETQ,1,41,27,85.35,7,0.5873751074431978,0,False,1
4404-HIBDJ,1,87,100,74.3,5,0.3391195568805162,2,True,1
5533-NHFRF,1,20,28,44.4,0,0.6962738718671355,1,False,0
7037-MTYVW,1,19,76,85.4,1,0.2639339804113784,1,False,0
4760-THGOT,1,13,129,94.1,5,0.6068417563531645,0,False,0
7295-JOMMD,1,48,16,98.1,7,0.3003603276225971,2,True,1
4016-BJKTZ,1,7,50,108.9,1,0.7931926913414356,1,False,0
6584-VQMYT,1,25,108,56.2,3,0.3856438585630574,0,False,0
9838-BFCQT,1,12,288,26.1,1,0.3820507957174861,0,False,0
2790-XUYMV,1,21,142,85.45,4,0.34283909568491033,0,False,0
0581-MDMPW,1,4,48,88.95,3,0.36677267607514086,0,False,0
5013-SBUIH,1,61,150,109.65,9,0.5624412220089753,1,True,1
1023-BQXZE,1,2,228,74.35,2,0.3547337999363973,0,False,0
9163-GHAYE,1,2,45,48.85,4,0.5294160425025801,0,False,0
3904-UKFRE,1,5,8,80.1,3,0.672856713173708,0,False,0
5353-WILCI,1,23,56,56.05,3,0.6111345387523655,0,False,0
0709-TVGUR,1,55,36,74.55,9,0.5179558549823342,0,True,1
0058-EVZWM,1,10,165,89.8,5,0.15525510374627835,0,False,0
6023-YEBUP,1,64,9,100.95,11,0.5539292452491578,0,False,1
7209-JCUDS,1,37,40,94.9,8,0.5365677742353029,0,True,1
7009-PCARS,1,7,220,19.1,2,0.11441885319182316,0,False,0
0519-DRGTI,1,5,60,20.35,0,0.34914938353082503,0,False,0
1017-FBQMM,1,26,124,106.05,1,0.35625594873832755,1,False,0
3001-CBHLQ,1,31,64,104.9,9,0.6783684775843354,2,False,1
1985-MBRYP,1,10,172,19.65,0,0.3542819809693807,0,False,0
6158-DWPZT,1,38,27,24.1,9,0.3252637105933878,0,True,1
9372-TXXPS,1,27,180,59.85,1,0.38124533361194324,2,False,0
3259-QMXUN,1,28,174,86.1,3,0.6570253482499261,0,False,0
1015-JPFYW,1,19,14,19.45,2,0.2747927639758559,0,False,0
6645-MXQJT,1,21,4,97.1,4,0.7259554067348595,0,False,0
4360-QRAVE,1,8,111,36.65,5,0.6374177425779562,0,False,0
8433-WPJTV,1,1,195,103.9,2,0.11502470626077131,2,False,0
5804-JMYIO,1,28,156,19.75,1,0.32495661861944886,0,False,0
3763-GCZHZ,1,57,264,104.05,5,0.6603111706664009,2,True,1
6484-LATFU,1,7,204,24.55,1,0.2422707436089881,0,False,0
7599-NTMDP,1,14,186,48.7,1,0.17213195070234977,1,False,0
0772-GYEQQ,1,55,6,88.35,8,0.3481272556084596,2,True,1
0536-ACXIP,1,21,216,109.55,4,0.7369545298108848,0,False,0
0936-NQLJU,1,17,164,20.65,2,0.11650693108017635,0,False,0
4831-EOBFE,1,34,58,94.65,9,0.17001148943910052,0,False,1
1575-KRZZE,1,17,16,55.2,4,0.5016548763526356,0,False,0
3251-YMVWZ,1,5,212,24.05,0,0.30196105382244,0,False,0
4102-OQUPX,1,66,2,74.4,8,0.6920251424679569,0,False,1
9170-GYZJC,1,44,164,79.9,5,0.23687849905426828,1,True,1
4884-LEVMQ,1,20,117,20.45,2,0.14712372531410292,0,False,0
8857-CUPFQ,1,29,252,19.25,0,0.2244203924589387,0,False,0
7610-TVOPG,1,8,30,26.35,1,0.6550753835080285,0,False,0
3638-DIMPH,1,6,26,43.8,4,0.7209426361968863,0,False,0
1845-ZLLIG,1,11,2,50.15,5,0.16517146862102844,0,False,0
8559-WNQZS,1,19,4,20.45,1,0.2844434023378143,0,False,0
3999-QGRJH,1,35,24,69.7,9,0.5233752322630806,0,True,1
1699-UOTXU,1,18,120,61.4,5,0.5826937493049686,0,False,0
2454-RPBRZ,1,79,36,98.1,9,0.6596425987789499,0,False,1
0635-WKOLD,1,13,80,70.75,0,0.30215004820774904,2,False,0
5993-JSUWV,1,14,198,61.15,3,0.26872552162989277,0,False,0
4518-FZBSX,1,24,126,20.25,0,0.35551651000064255,0,False,0
5387-ASZNZ,1,1,198,63.85,1,0.17248305327261698,2,False,0
6988-CJEYV,1,29,98,98.7,3,0.5582738071670139,0,False,0
2002-MZHWP,1,52,4,20.5,6,0.15460704455137303,0,False,1
3097-FQTVJ,1,17,164,20.0,2,0.20300690929866294,0,False,0
5465-BUBFA,1,4,164,19.3,2,0.1538964970925556,0,False,0
7299-GNVPL,1,26,69,84.4,0,0.12505320325190805,2,False,0
9743-DQKQW,1,12,6,25.1,5,0.7191710043196813,0,False,0
1215-VFYVK,1,10,12,48.25,1,0.3030800991257318,1,False,0
9371-BITHB,1,6,104,19.85,2,0.3254712300861933,0,False,0
2265-CYWIV,1,44,12,99.6,8,0.5869243858387178,0,False,1
9093-FPDLG,1,1,22,94.2,1,0.6408927674772567,1,False,0
0541-FITGH,1,7,4,62.15,4,0.3266411480124402,0,False,0
6985-HAYWX,1,26,52,79.3,5,0.20581234909250354,0,False,0
7508-KBIMB,1,27,72,56.25,6,0.3354298633803918,0,False,0
6838-HVLXG,1,21,48,20.3,1,0.390212819679691,0,False,0
2277-DJJDL,1,28,180,99.0,2,0.8519971461045032,2,False,0
1897-OKVMW,1,16,192,90.6,0,0.23607860100610817,2,False,0
5485-ITNPC,1,24,132,85.9,0,0.2738555484666775,1,False,0
0233-FTHAV,1,14,120,79.2,2,0.31492791599682,0,False,0
4644-PIZRT,1,23,68,70.35,4,0.20479013273085425,0,False,0
8922-NPKBJ,1,20,168,19.35,2,0.3397714299928858,0,False,0
2740-TVLFN,1,20,2,50.15,5,0.5777810910576857,0,False,0
7771-CFQRQ,1,6,188,63.8,2,0.3540524674301303,1,False,0
9512-PHSMG,1,22,40,20.55,1,0.17642016847781966,0,False,0
6963-EZQEE,1,25,140,88.55,0,0.10341341689984969,2,False,0
2452-KDRRH,1,28,201,101.4,5,0.28980651879171254,0,False,0
2004-OCQXK,1,75,4,81.95,7,0.6913909077297492,0,False,1
5027-QPKTE,1,56,14,69.35,12,0.4492588900788688,0,True,1
4146-SVFUD,1,21,4,44.6,5,0.2462837059219227,0,False,0
1564-HJUVY,1,18,16,63.75,1,0.15057095362645448,2,False,0
3617-XLSGQ,1,15,132,109.25,5,0.288924748804319,0,False,0
7517-LDMPS,1,6,48,84.6,4,0.5401285159249052,0,False,0
7244-KXYZN,1,25,96,20.45,2,0.15133742557148558,0,False,0
5226-NOZFC,1,29,104,85.75,2,0.6086099634452289,0,False,0
2672-HUYVI,1,71,18,91.1,12,0.4828326939376993,0,False,1
1400-WIVLL,1,1,171,107.95,0,0.6600521499697733,1,False,0
7508-MYBOG,1,59,56,86.1,10,0.6720030241712106,0,False,1
8148-NLEGT,1,13,84,22.95,0,0.696664566422914,0,False,0
0148-DCDOS,1,31,100,94.7,7,0.10424896164745369,0,True,1
8347-GDTMP,1,10,256,19.45,0,0.22102539296268847,0,False,0
9992-RRAMN,1,42,66,85.1,9,0.7575492929012541,0,False,1
6746-WAUWT,1,3,57,19.7,2,0.10678248533474889,0,False,0
0310-MVLET,1,55,183,99.15,11,0.4964384697182578,0,False,1
0428-IKYCP,1,8,88,87.0,5,0.198225987858838,0,False,0
4550-VBOFE,1,59,280,102.95,10,0.5180508118799677,0,False,1
2187-PKZAY,1,25,24,79.95,4,0.2640072114552012,0,False,0
4003-OCTMP,1,13,124,64.0,2,0.6679667059232317,1,False,0
6652-YFFJO,1,6,44,64.9,6,0.5480588913742097,0,False,0
7225-IILWY,1,13,204,25.75,1,0.26304481819851355,0,False,0
5248-RPYWW,1,23,216,90.15,1,0.3997380667472492,2,False,0
7923-IYJWY,1,20,201,116.1,0,0.3660757863241959,2,False,0
3170-GWYKC,1,20,180,104.95,0,0.11759824948014697,2,False,0
5696-QURRL,1,60,3,45.05,7,0.13836473932489757,0,False,1
7409-KIUTL,1,36,2,71.0,9,0.739810246247735,0,False,1
9830-ECLEN,1,2,116,50.0,6,0.1735603344594145,0,False,0
1732-VHUBQ,1,78,94,70.55,5,0.12429077115304929,0,False,1
0495-RVCBF,1,71,3,79.7,7,0.6670767764607164,0,False,1
2668-TZSPS,1,23,3,20.45,2,0.11835342930214077,0,False,0
7854-EDSSA,1,85,66,59.0,10,0.7372022182841806,0,True,1
8869-TORSS,1,65,96,60.35,6,0.24707503110119067,1,True,1
7446-SFAOA,1,6,111,19.85,1,0.10189784606684506,0,False,0
9522-ZSINC,1,19,26,19.95,1,0.730802859910224,0,False,0
8234-GSZYK,1,21,129,26.45,2,0.2559415441782973,0,False,0
6505-OZNPG,1,13,24,63.4,0,0.2817111223034797,1,False,0
6164-HAQTX,1,17,142,53.95,2,0.39102991732195136,1,False,0
0679-IDSTG,1,30,4,69.25,6,0.8622304966277317,0,False,1
7765-LWVVH,1,9,144,95.1,3,0.7531145914235136,0,False,0
1658-TJVOA,1,17,18,74.1,6,0.7205358759029249,0,False,0
0953-LGOVU,1,29,36,35.5,1,0.12554973099709277,1,False,0
2115-BFTIW,1,71,100,70.95,8,0.25934638672902266,0,True,1
4692-NNQRU,1,19,63,79.2,2,0.7749775224745065,2,False,0
7742-MYPGI,1,19,12,48.8,2,0.2694186458708645,2,False,0
0611-DFXKO,1,42,60,89.0,10,0.1692162983362555,0,True,1
7780-OTDSO,1,84,54,99.4,11,0.5918514904552126,0,True,1
9619-GSATL,1,22,86,55.45,0,0.617982670941045,2,False,0
5622-UEJFI,1,10,140,25.4,2,0.29429274933602767,0,False,0
9747-DDZOS,1,50,4,73.5,9,0.3975139220966686,0,True,1
0674-DGMAQ,1,27,96,93.5,3,0.5337059851681173,0,False,0
6203-HBZPA,1,20,104,63.9,0,0.37533697291341517,2,False,0
0484-FFVBJ,1,9,128,64.85,6,0.1204784198575792,0,False,0
0301-FIDRB,1,17,288,63.8,1,0.37929678217719354,1,False,0
4139-JPIAM,1,27,153,44.45,2,0.349710030361009,1,False,0
2181-TIDSV,1,15,136,19.95,1,0.10628360581955439,0,False,0
2761-XECQW,1,2,32,43.35,3,0.1894556122265994,0,False,0
1936-CZAKF,1,4,147,49.65,5,0.11528699610356007,0,False,0
9453-PATOS,1,19,216,85.1,2,0.39865176145886794,2,False,0
0564-JJHGS,1,86,27,95.5,11,0.7233132586111792,0,True,1
3348-CFRNX,1,71,84,92.35,9,0.29865205588319127,0,True,1
4402-FTBXC,1,7,216,89.8,3,0.17025717244671607,0,False,0
1428-GTBJJ,1,53,22,74.55,8,0.842262108749166,0,True,1
2931-XIQBR,1,21,150,103.05,2,0.18225222656184153,2,False,0
0106-UGRDO,1,22,207,116.0,2,0.6688586317015579,2,False,0
5542-TBBWB,1,27,4,69.9,5,0.6014226283392052,0,False,0
1930-QPBVZ,1,7,204,95.1,1,0.23874674939521195,1,False,0
2606-PKWJB,1,17,120,40.25,1,0.10555981786891332,1,False,0
5322-ZSMZY,1,7,62,25.75,0,0.27935125003842537,0,False,0
8059-UDZFY,1,4,99,105.35,4,0.10949973914222144,0,False,0
7740-BTPUX,1,8,220,113.6,2,0.6564945488586181,1,False,0
5220-AGAAX,1,13,136,24.0,2,0.23736547065463362,0,False,0
0208-BPQEJ,1,4,48,19.4,2,0.17276411744092307,0,False,0
9435-JMLSX,1,6,142,86.1,1,0.19893040515124805,1,False,0
3352-ALMCK,1,25,80,102.65,4,0.31169794337340095,0,False,0
5312-IRCFR,1,5,192,92.85,5,0.565481517410812,0,False,0
5294-IMHHT,1,12,159,97.75,2,0.19499414140772792,2,False,0
8802-UNOJF,1,47,36,83.8,6,0.3040891762494602,2,True,1
6313-GIDIT,1,48,212,54.45,11,0.47768433467253074,0,True,1
6176-YJWAS,1,29,216,97.95,6,0.268115696255831,0,False,0
5310-NOOVA,1,9,138,19.95,2,0.5217772536378505,0,False,0
4526-EXKKN,1,4,80,24.6,0,0.1464285630570999,0,False,0
5311-IHLEI,1,19,36,50.95,2,0.3316840287171271,2,False,0
3987-KQDDU,1,24,27,75.6,2,0.5287294184491622,0,False,0
3404-JNXAX,1,14,153,80.75,1,0.665647254830811,2,False,0
5131-PONJI,1,5,147,90.4,2,0.31900541968749097,0,False,0
2845-AFFTX,1,78,82,99.8,11,0.5152207839615437,0,True,1
3489-VSFRD,1,10,168,60.25,0,0.2595211063998573,2,False,0
3345-JHUEO,1,25,8,20.2,0,0.7175591462193758,0,False,0
5815-HGGHV,1,19,80,64.15,2,0.2661480458135466,2,False,0
5260-UMPWX,1,12,78,20.25,0,0.11465372998702883,0,False,0
2249-YPRNG,1,84,60,105.85,11,0.2769091824031332,0,True,1
7410-YTJIK,1,50,21,75.45,10,0.12704601985431935,0,False,1
4626-GYCZP,1,46,14,93.85,11,0.6706188782763762,0,False,1
5649-RXQTV,1,11,153,99.0,6,0.7786817413814436,0,False,0
2674-MIAHT,1,3,12,80.3,6,0.10332073842058538,0,False,0
2576-HXMPA,1,23,4,19.55,2,0.12310399259938651,0,False,0
7587-AOVVU,1,17,54,100.75,1,0.6667668667421544,2,False,0
5590-BYNII,1,64,44,100.75,7,0.8824306067465333,0,True,1
6898-MDLZW,1,15,48,53.75,0,0.18755917182155296,2,False,0
3237-AJGEH,1,36,6,31.0,7,0.14718238562080938,2,False,1
4707-YNOQA,1,9,102,25.6,2,0.26482663985447474,0,False,0
9357-UJRUN,1,15,72,58.35,0,0.7225737748573322,1,False,0
1591-NFNLQ,1,39,204,80.0,7,0.23488587652865128,0,False,1
8648-PFRMP,1,24,28,46.35,2,0.8354684209200786,0,False,0
7663-CUXZB,1,28,118,113.75,1,0.5262188181748,2,False,0
0258-NOKBL,1,29,6,90.4,4,0.5854495227754877,0,False,0
1163-VIPRI,1,3,260,109.3,2,0.5811238808224108,2,False,0
2815-CPTUL,1,54,15,70.25,8,0.30918640537485265,0,True,1
9348-ROUAI,1,27,236,90.3,2,0.19641084132416148,1,False,0
9443-JUBUO,1,19,216,65.25,0,0.34082208791369584,2,False,0
0596-BQCEQ,1,36,248,100.15,8,0.7363914118175907,0,True,1
1481-ZUWZA,1,50,84,94.5,7,0.1131055725971776,0,False,1
3043-TYBNO,1,20,6,60.65,0,0.3979365670174375,1,False,0
4830-FAXFM,1,1,38,24.1,2,0.17623126790712534,0,False,0
5906-BFOZT,1,21,2,19.5,2,0.22603310717635827,0,False,0
2960-NKRSO,1,17,96,85.95,2,0.8126342037437648,1,False,0
8996-ZROXE,1,13,228,53.5,1,0.6882520301272477,2,False,0
5598-IKHQQ,1,1,288,25.45,2,0.3335310762504621,0,False,0
0397-ZXWQF,1,10,134,20.5,2,0.23989960471565766,0,False,0
5266-PFRQK,1,15,156,20.85,2,0.3748201235718591,0,False,0
4674-HGNUA,1,27,142,89.9,1,0.3369822416215331,2,False,0
6765-MBQNU,1,27,52,26.0,0,0.19276839263010284,0,False,0
9786-IJYDL,1,7,105,113.2,1,0.384544066404628,2,False,0
1303-SRDOK,1,28,165,69.05,6,0.38831625802790637,0,False,0
3769-MHZNV,1,22,99,20.1,1,0.2245160667270233,0,False,0
6295-OSINB,1,18,216,109.65,2,0.6625530141093738,0,False,0
3308-MHOOC,1,16,2,19.2,0,0.3444305605641711,0,False,0
2309-OSFEU,1,67,40,33.9,12,0.3451902150614342,0,True,1
2207-QPJED,1,27,74,90.0,0,0.4966219458306916,1,False,0
4177-JPDFU,1,28,36,34.0,1,0.28870408991396246,1,False,0
2239-CFOUJ,1,18,4,20.4,1,0.3921097892351819,0,False,0
8046-DNVTL,1,27,248,38.6,0,0.16940414433885137,1,False,0
2209-XADXF,1,7,2,25.25,5,0.3386826577530816,0,False,0
6620-JDYNW,1,17,36,60.6,6,0.2602742863230948,0,False,0
1891-FZYSA,1,69,138,89.95,6,0.504782417534021,0,True,1
4770-UEZOX,1,18,8,74.75,2,0.5526090058764289,0,False,0
1038-RQOST,1,12,76,20.6,1,0.32797651330510236,0,False,0
7613-LLQFO,1,65,48,84.45,11,0.5025142272788582,0,False,1
4568-TTZRT,1,22,27,20.4,1,0.21267580841953143,0,False,0
9513-DXHDA,1,2,81,81.7,2,0.6850991408962096,2,False,0
2640-PMGFL,1,37,54,79.5,7,0.6593855653704304,2,True,1
3801-HMYNL,1,62,4,89.15,9,0.16185567309112334,0,False,1
0516-QREYC,1,18,48,20.3,2,0.30119259705654133,0,False,0
9685-WKZGT,1,35,56,74.95,11,0.7184828484363921,0,True,1
6022-UGGSO,1,70,64,74.4,11,0.4441572454649856,0,False,1
8084-OIVBS,1,27,33,20.0,2,0.2598728619737744,0,False,0
8896-BQTTI,1,9,4,25.0,0,0.28277780446818795,0,False,0
3865-QBWSJ,1,27,114,80.45,6,0.15587546302008773,0,False,0
3352-RICWQ,1,9,36,19.75,0,0.3683386379587945,0,False,0
2160-GPFXD,1,14,108,65.65,0,0.24484775835258654,1,False,0
2065-MMKGR,1,8,116,71.0,2,0.13450850729980515,0,False,0
5857-TYBCJ,1,19,132,89.2,5,0.6820865222323396,0,False,0
1498-NHTLT,1,3,236,86.75,1,0.6441837855907707,2,False,0
4484-CGXFK,1,73,6,55.3,8,0.4729486719441539,0,True,1
1402-PTHGN,1,5,72,61.5,2,0.10957296270924222,2,False,0
4176-RELJR,1,14,201,25.1,1,0.11665617859318539,0,False,0
6214-EDAKZ,1,50,44,55.15,7,0.6018987319975665,2,False,1
5199-FPUSP,1,4,99,34.05,1,0.20082645887125639,1,False,0
6377-KSLXC,1,7,20,19.95,1,0.3679312144167999,0,False,0
1796-JANOW,1,20,6,19.95,0,0.2677701616986683,0,False,0
0238-WHBIQ,1,25,288,89.7,0,0.3279688986462733,2,False,0
8735-NBLWT,1,28,18,20.4,1,0.30613995302652175,0,False,0
6651-RLGGM,1,12,201,26.3,0,0.25609621817131767,0,False,0
6127-ISGTU,1,73,48,84.95,8,0.6870602768042491,0,False,1
1614-JBEBI,1,11,32,20.7,0,0.26341171086031867,0,False,0
8740-XLHDR,1,32,15,43.25,6,0.21563689155713517,2,True,1
1208-DNHLN,1,51,69,48.35,7,0.23074144975229452,0,True,1
1761-AEZZR,1,35,2,79.55,10,0.7658763213051863,0,False,1
3923-CSIHK,1,31,200,71.05,10,0.5755988361929725,0,False,1
5696-EXCYS,1,20,68,19.45,0,0.2131888444486947,0,False,0
5795-KTGUD,1,29,136,110.8,3,0.15392294547587443,0,False,0
7120-RFMVS,1,31,2,84.5,9,0.6872885802148186,0,False,1
7924-GJZFI,1,23,100,69.3,6,0.6278161498169613,0,False,0
4702-HDRKD,1,4,134,49.35,2,0.3866739634385111,2,False,0
8512-WIWYV,1,15,64,20.35,1,0.24729462539532648,0,False,0
5897-ZYEKH,1,24,134,105.6,4,0.5473724985647063,0,False,0
5456-ITGIC,1,25,288,64.45,1,0.12786315684834226,2,False,0
7317-GGVPB,1,59,142,108.6,7,0.1852973475131628,1,True,1
1406-PUQVY,1,7,3,49.9,5,0.49004355868612326,0,False,0
1322-AGOQM,1,37,138,30.3,12,0.36818866764862046,0,False,1
3677-IYRBF,1,51,8,30.4,7,0.6762541394859212,0,False,1
5692-FPTAH,1,73,2,45.4,7,0.39125845266302706,0,False,1
9114-AAFQH,1,5,144,65.65,4,0.6670240099514559,0,False,0
8715-KKTFG,1,12,244,103.3,2,0.2936393638636048,1,False,0
1550-LOAHA,1,34,96,84.15,8,0.37704899136873304,0,False,1
1728-BQDMA,1,10,4,44.45,3,0.7657065487751242,0,False,0
0268-QKIWO,1,58,12,19.75,7,0.7392388022385306,0,True,1
0876-WDUUZ,1,60,15,85.4,5,0.3584418531459469,1,False,1
5117-ZSMHQ,1,12,284,89.9,0,0.30151097663311843,1,False,0
5151-HQRDG,1,7,111,55.05,5,0.10048178417189345,0,False,0
0960-HUWBM,1,18,195,104.1,1,0.22885511509889583,2,False,0
6465-GSRCL,1,2,134,106.6,2,0.2906988313538043,2,False,0
0617-FHSGK,1,71,98,75.2,9,0.26413821413338145,0,False,1
0263-FJTQO,1,15,150,70.5,2,0.34633798896726176,1,False,0
7319-ZNRTR,1,12,100,19.6,2,0.6871342718849823,0,False,0
2858-MOFSQ,1,84,68,55.85,11,0.27960460283848176,0,True,1
7503-EPSZW,1,17,128,24.05,0,0.10659821597771911,0,False,0
7089-XXAYG,1,4,75,38.1,5,0.21079898570041536,0,False,0
8118-LSUEL,1,46,46,106.4,9,0.5577177418916358,0,False,1
8070-AAWZP,1,9,72,34.25,1,0.20163643262657527,1,False,0
1666-JXLKU,1,19,111,100.05,5,0.6167592816545362,0,False,0
7855-DIWPO,1,28,42,68.65,4,0.5944781088263316,0,False,0
5133-POWUA,1,27,4,45.8,6,0.10667261471469147,0,False,0
5652-MSDEY,1,23,20,75.75,5,0.23106187479409135,0,False,0
7005-CCBKV,1,45,18,84.4,10,0.8136664490035124,0,False,1
1810-BOHSY,1,23,102,96.4,6,0.10920957237956556,0,False,0
1784-BXEFA,1,2,40,20.55,1,0.3547145755279192,0,False,0
7351-MHQVU,1,6,24,50.95,2,0.2151638898250024,1,False,0
9224-VTYID,1,18,141,90.5,2,0.13547062868363555,2,False,0
9500-IWPXQ,1,6,122,79.4,0,0.6865953680590835,2,False,0
5762-TJXGK,1,13,208,58.75,5,0.3857081684273228,0,False,0
4504-YOULA,1,26,70,59.45,4,0.26275386971164455,0,False,0
5569-IDSEY,1,19,284,105.7,4,0.30599042673579147,0,False,0
4250-FDVOU,1,49,18,56.25,6,0.8124683353461315,0,False,1
7284-ZZLOH,1,12,135,53.3,4,0.339802036674226,0,False,0
5277-ZLOOR,1,85,4,85.55,11,0.5811691779904579,0,False,1
2141-RRYGO,1,73,12,68.65,8,0.3222986239692775,0,False,1
1777-JYQPJ,1,6,8,24.3,6,0.38483486976186243,0,False,0
6376-GAHQE,1,86,12,77.85,11,0.7436274146866755,0,False,1
3401-URHDA,1,5,204,59.9,2,0.3509328681131403,2,False,0
1599-EAHXY,1,18,240,23.95,0,0.24566491030333595,0,False,0
8631-XVRZL,1,3,27,20.15,1,0.19572079791186145,0,False,0
5052-PNLOS,1,35,12,105.35,7,0.3028717669272622,0,False,1
3853-LYGAM,1,22,68,95.65,2,0.2476599934358246,1,False,0
6979-ZNSFF,1,47,16,87.05,7,0.7494483000799894,0,False,1
5751-USDBL,1,10,92,81.0,2,0.3923145905781579,1,False,0
5680-LQOGP,1,19,136,82.45,2,0.3459406202527002,1,False,0
2386-LAHRK,1,61,3,53.5,9,0.39780388524563326,0,True,1
8189-DUKMV,1,29,8,20.5,2,0.20451117951829098,0,False,0
6032-IGALN,1,82,4,25.1,6,0.36872661362634507,0,False,1
9931-DCEZH,1,29,84,54.4,2,0.19898008863921388,1,False,0
1898-JSNDC,1,16,117,58.6,3,0.13541142259178607,0,False,0
0315-LVCRK,1,17,33,84.8,2,0.6103406135012457,0,False,0
3911-RSNHI,1,7,213,61.4,2,0.23649659029359893,2,False,0
2410-CIYFZ,1,13,8,20.4,0,0.3765097700291854,0,False,0
4248-HCETZ,1,43,120,79.65,11,0.24765816627340456,0,False,1
5505-OVWQW,1,2,34,20.15,1,0.37828977379429096,0,False,0
7271-AJDTL,1,4,165,94.45,3,0.12359016015853078,0,False,0
1867-TJHTS,1,10,116,79.8,4,0.3491535507239004,0,False,0
0516-WJVXC,1,79,20,54.2,5,0.6775900948394251,2,False,1
9174-FKWZE,1,74,3,19.45,4,0.6734509792493857,0,False,1
6860-YRJZP,1,17,36,74.05,6,0.5752864169313031,0,False,0
4429-WYGFR,1,20,52,49.15,2,0.3351278907992724,2,False,0
2817-LVCPP,1,6,200,19.4,2,0.24498897377343312,0,False,0
5038-ETMLM,1,19,216,113.65,0,0.3145610532654305,2,False,0
5056-FIMPT,1,5,129,106.0,0,0.26566814403555117,1,False,0
4521-WFJAI,1,10,112,25.95,1,0.14723191136002334,0,False,0
6569-KTMDU,1,9,3,19.1,0,0.11936757705199068,0,False,0
8809-RIHDD,1,30,288,103.4,8,0.6419908457300859,0,False,1
8809-XKHMD,1,13,288,100.55,2,0.3798366468837546,1,False,0
0396-YCHWO,1,19,144,95.4,4,0.6301202106975181,0,False,0
0867-LDTTC,1,21,20,75.15,0,0.3406576202850613,2,False,0
4822-NGOCH,1,52,26,84.45,10,0.6716558081392515,0,False,1
9391-DXGGG,1,6,176,89.15,5,0.38737158588203136,0,False,0
9844-FELAJ,1,4,140,107.9,0,0.639751258910392,1,False,0
2122-SZZZD,1,24,176,19.5,2,0.11711513661339189,0,False,0
5307-DZCVC,1,84,64,85.95,8,0.33420051499167547,0,False,1
3148-AOIQT,1,3,276,24.95,0,0.31163695249932744,0,False,0
8679-JOEVF,1,64,64,59.4,5,0.6288858202076804,1,False,1
8395-ETZKQ,1,4,136,19.5,1,0.1979173729570944,0,False,0
6692-YQHXC,1,25,48,69.95,4,0.15647954430683178,0,False,0
3889-VWBID,1,5,204,82.85,2,0.24468281325289432,2,False,0
5222-JCXZT,1,8,12,19.0,1,0.2998604227871461,0,False,0
9754-CLVZW,1,16,52,38.85,2,0.2736659288110579,2,False,0
1432-FPAXX,1,66,87,30.6,10,0.6735944147912374,0,False,1
2739-CCZMB,1,3,15,20.35,2,0.2619083332987585,0,False,0
7080-TNUWP,1,24,140,95.0,3,0.13238647909437956,0,False,0
0496-AHOOK,1,12,72,74.4,0,0.30875203115797645,2,False,0
8336-TAVKX,1,25,216,78.45,2,0.3202768131387801,1,False,0
2468-SJFLM,1,8,3,74.3,0,0.10343578122912718,2,False,0
3181-VTHOE,1,13,140,51.05,2,0.1811558667582607,1,False,0
7168-HDQHG,1,4,72,19.2,0,0.12763505805198191,0,False,0
4803-AXVYP,1,47,114,99.55,4,0.7131850959317738,1,True,1
3884-HCSWG,1,74,51,70.0,10,0.7492713754680306,0,False,1
4567-AKPIA,1,13,82,109.1,1,0.23972142826796874,1,False,0
5077-DXTCG,1,59,3,45.3,7,0.6719145574317915,0,True,1
1142-WACZW,1,53,4,29.85,4,0.3894321757686311,2,True,1
7901-HXJVA,1,17,42,76.45,4,0.7502365149085526,0,False,0
5649-ANRML,1,59,4,95.1,6,0.15059786747412696,1,True,1
4892-VLANZ,1,43,4,19.8,6,0.23444764839876023,0,True,1
5924-IFQTT,1,17,52,72.8,0,0.7921165075330989,1,False,0
7968-QUXNS,1,3,12,18.95,2,0.22700502005763795,0,False,0
2919-HBCJO,1,45,16,76.65,8,0.1928600277660576,0,True,1
4236-XPXAV,1,36,15,99.15,7,0.3973648229740766,2,False,1
8903-WMRNW,1,2,30,101.75,6,0.8790239331593441,0,False,0
2452-SNHFZ,1,25,94,75.45,5,0.3824681107971877,0,False,0
3629-WEAAM,1,13,24,64.1,2,0.13950175890182132,1,False,0
6029-CSMJE,1,20,51,25.65,5,0.17027657704274862,0,False,0
7993-NQLJE,1,2,30,75.1,4,0.23262008744975232,0,False,0
9909-DFRJA,1,20,78,95.85,0,0.3496387774697675,1,False,0
9099-FTUHS,1,28,46,54.4,4,0.705838141856783,0,False,0
0581-BXBUB,1,11,12,72.75,3,0.7045287897382397,0,False,0
4962-CHQPW,1,27,58,19.85,0,0.37622898734721133,0,False,0
9467-ROOLM,1,26,75,19.05,2,0.33423005291515606,0,False,0
3030-YZADT,1,47,27,44.95,8,0.1785310030434935,0,False,1
7410-KTVFV,1,43,72,49.55,7,0.18563370471615082,0,True,1
5150-ITWWB,1,11,12,94.85,5,0.5477914814154374,0,False,0
2253-KPMNB,1,23,276,46.25,0,0.1909226100500853,2,False,0
1345-ZUKID,1,3,42,19.35,1,0.17472968491093394,0,False,0
6429-SHBCB,1,3,38,69.6,4,0.32574581796272273,0,False,0
9281-OFDMF,1,28,117,90.7,3,0.43106765033651717,0,False,0
2603-HVKCG,1,26,124,101.4,5,0.6899839733129337,0,False,0
1834-WULEG,1,12,72,20.25,0,0.3470691314544904,0,False,0
9097-ZUBYC,1,24,56,48.8,0,0.11981321300344536,2,False,0
5148-ORICT,1,5,256,74.35,1,0.11855413216029886,2,False,0
4893-GYUJU,1,20,100,19.35,2,0.18563914086799033,0,False,0
4578-PHJYZ,1,7,104,68.75,0,0.6447062024104394,1,False,0
7272-QDCKA,1,7,112,100.2,4,0.7284399349978399,0,False,0
8908-SLFCJ,1,13,84,20.85,1,0.3026354630504901,0,False,0
8393-DLHGA,1,45,75,95.9,10,0.7025524521589197,0,False,1
9766-HGEDE,1,25,68,19.35,0,0.20720421107866685,0,False,0
6968-MHOMU,1,21,174,45.0,5,0.24951935038409087,0,False,0
7395-IGJOS,1,81,68,81.5,7,0.2919972488512357,0,True,1
5044-XDPYX,1,12,102,25.5,0,0.1358278806419111,0,False,0
1814-WFGVS,1,13,144,48.9,2,0.16885357433616824,1,False,0
2834-SPCJV,1,70,208,84.1,9,0.8645984221756113,0,False,1
3721-WKIIL,1,10,81,19.6,0,0.20269791296473427,0,False,0
6734-CKRSM,1,1,9,20.0,1,0.3403469145759116,0,False,0
1265-ZFOSD,1,25,192,81.3,1,0.17529692570114325,1,False,0
6568-POCUI,1,8,180,95.2,2,0.11249210546080657,1,False,0
7890-VYYWG,1,63,12,36.45,9,0.2501201777420229,0,True,1
5197-LQXXH,1,16,142,83.3,2,0.36774461306874595,1,False,0
9907-SWKKF,1,50,2,25.05,12,0.3457853647426414,0,False,1
3457-PQBYH,1,3,232,20.3,1,0.17588175067734696,0,False,0
7682-AZNDK,1,3,68,89.85,4,0.7353221763260961,0,False,0
0587-DMGBH,1,54,24,49.85,11,0.7412223280116326,0,False,1
5384-ZTTWP,1,5,45,19.8,2,0.11469970113660102,0,False,0
3745-HRPHI,1,26,264,54.65,2,0.10837738593032553,2,False,0
7636-OWBPG,1,11,36,29.35,6,0.24553412020099755,0,False,0
1231-YNDEK,1,7,232,19.15,2,0.26389685671414487,0,False,0
1407-DIGZV,1,21,9,19.1,1,0.12397387617477712,0,False,0
6397-JNZZG,1,61,172,55.55,12,0.37667219611755376,0,False,1
0570-BFQHT,1,10,27,80.55,2,0.7869031472464831,0,False,0
4393-OBCRR,1,10,9,20.25,1,0.34038470754602257,0,False,0
3523-QRQLL,1,42,44,69.5,10,0.2752069753649055,0,True,1
8564-LDKFL,1,2,80,106.0,2,0.29906322284635445,0,False,0
3696-DFHHB,1,3,136,25.5,2,0.2163580689481361,0,False,0
0895-DQHEW,1,49,108,104.3,10,0.6772435712935301,0,False,1
4717-GHADL,1,11,100,79.6,1,0.3934548674212809,2,False,0
5501-TVMGM,1,13,2,55.25,2,0.6454558123534442,0,False,0
5879-HMFFH,1,7,288,88.05,1,0.20249011686195095,1,False,0
6772-WFQRD,1,13,160,20.4,0,0.18557173671474037,0,False,0
3810-DVDQQ,1,2,144,117.6,2,0.3890037822541189,1,False,0
6972-SNKKW,1,6,24,20.0,1,0.15550068913241952,0,False,0
3694-GLTJM,1,9,10,19.65,2,0.34185898350088595,0,False,0
8550-XSXUQ,1,20,192,70.55,6,0.23957868760262765,0,False,0
8149-RSOUN,1,89,3,93.85,10,0.5357625700492793,0,True,1
9055-MOJJJ,1,2,256,65.8,2,0.32426133639365473,2,False,0
4359-INNWN,1,18,68,20.05,0,0.14441152901378304,0,False,0
0585-EGDDA,1,16,160,80.0,2,0.553360021131521,0,False,0
4032-RMHCI,1,25,123,35.4,3,0.1107501063303245,0,False,0
0549-CYCQN,1,12,102,79.6,4,0.3011220464534409,0,False,0
3481-JHUZH,1,7,164,80.25,6,0.4982747613747346,0,False,0
7250-EQKIY,1,63,4,50.45,9,0.12618663930216611,0,False,1
3594-IVHJZ,1,17,6,20.45,2,0.353447914368761,0,False,0
6869-FGJJC,1,13,136,79.6,5,0.2328865561047784,0,False,0
3896-ZVNET,1,11,96,24.7,0,0.16029270656447278,0,False,0
8205-VSLRB,1,6,210,77.3,1,0.277775372786614,1,False,0
5960-MVTUK,1,29,6,29.75,0,0.6838193482994168,1,False,0
6817-WTYHE,1,23,4,44.9,4,0.22327249802285748,0,False,0
3082-VQXNH,1,27,12,29.8,3,0.3716251200248043,0,False,0
4013-UBXWQ,1,44,28,74.65,5,0.7789878003079762,2,True,1
4931-TRZWN,1,6,52,71.95,4,0.5100664015636883,0,False,0
0750-EKNGL,1,6,28,20.75,2,0.271232394984226,0,False,0
7669-LCRSD,1,2,36,56.3,5,0.12662317021143016,0,False,0
3567-PQTSO,1,22,159,105.25,4,0.665220962345626,0,False,0
5519-NPHVG,1,64,48,94.2,6,0.776988309015584,0,False,1
8043-PNYSD,1,25,126,19.55,2,0.23862397771247268,0,False,0
9938-EKRGF,1,15,60,84.45,1,0.36763183048531056,2,False,0
2703-AMTUL,1,28,72,53.65,3,0.14979968967746926,0,False,0
0928-JMXNP,1,17,8,29.9,3,0.4847256358568326,0,False,0
8173-RXAYP,1,29,48,19.7,2,0.20584741692012787,0,False,0
4825-XJGDM,1,8,183,43.7,0,0.20989769267784003,2,False,0
5402-HTOTQ,1,5,32,55.3,3,0.7933459639607954,0,False,0
6734-JDTTV,1,17,130,19.85,2,0.2798231685905116,0,False,0
7850-THJMU,1,20,78,19.65,0,0.26597482778398907,0,False,0
3890-RTCMS,1,1,32,49.45,2,0.2807126520484282,1,False,0
8849-GYOKR,1,33,108,106.55,6,0.3196574117570228,0,True,1
3148-BLQJT,1,33,4,20.1,8,0.36784499158272665,0,True,1
3717-FDJFU,1,15,10,20.45,1,0.22442198694316606,0,False,0
3665-JATSN,1,5,38,39.7,3,0.6709049855203228,0,False,0
7966-YOTQW,1,7,20,54.5,5,0.24852906492580862,0,False,0
0461-CVKMU,1,66,46,83.8,3,0.7911232292442423,1,False,1
8806-EAGWC,1,68,6,55.15,9,0.36244713641793036,0,False,1
8853-TZDGH,1,22,216,111.6,2,0.10966444670945014,1,False,0
7779-LGOVN,1,81,20,86.65,8,0.7558878521844323,0,True,1
4324-BZCKL,1,5,20,55.55,3,0.3968141879381427,0,False,0
6924-TDGMT,1,19,33,20.55,1,0.24886732435673928,0,False,0
9710-ZUSHQ,1,65,111,106.75,12,0.35929110478050774,0,False,1
1536-YHDOE,1,15,34,62.1,1,0.15576995572504881,1,False,0
8123-QBNAZ,1,10,72,104.5,4,0.28128612707389955,0,False,0
3629-ZNKXA,1,27,34,101.8,4,0.7020621662031801,0,False,0
4827-LTQRJ,1,16,264,110.6,1,0.22945993948563137,1,False,0
7711-YIJWC,1,12,244,84.9,2,0.24601661767151314,1,False,0
5482-VXSXJ,1,18,44,93.2,4,0.12460537133470535,0,False,0
7365-BVCJH,1,23,3,24.4,4,0.5864353499193238,0,False,0
9620-ENEJV,1,1,12,70.55,3,0.240612489874895,0,False,0
4183-WCSEP,1,56,93,78.45,7,0.7797202309816522,2,True,1
2378-YIZKA,1,22,204,85.0,1,0.37939728163441455,2,False,0
5498-TXHLF,1,51,102,87.45,12,0.7126482634585167,0,True,1
0689-DSXGL,1,3,104,85.8,2,0.34791957980038524,1,False,0
6818-DJXAA,1,2,20,91.1,2,0.6794087944194047,1,False,0
9722-UJOJR,1,66,87,70.75,9,0.6294006785229411,0,False,1
0464-WJTKO,1,2,288,20.1,0,0.33070992963602763,0,False,0
8902-ZEOVF,1,13,188,20.05,2,0.2515908857232788,0,False,0
6778-EICRF,1,9,96,74.8,4,0.23738143104905637,0,False,0
2662-NNTDK,1,16,195,24.8,0,0.14774305667255805,0,False,0
4132-KALRO,1,27,8,100.85,0,0.353144595012427,1,False,0
3902-FOIGH,1,50,36,101.35,8,0.571970836757349,0,True,1
6772-KSATR,1,83,4,81.7,10,0.5788501659819615,0,False,1
7112-OPOTK,1,67,66,68.25,8,0.5857753832688717,0,False,1
2874-YXVVA,1,21,102,105.1,0,0.7025979099729639,2,False,0
1245-HARPS,1,7,42,20.4,0,0.3357918826887692,0,False,0
4210-QFJMF,1,39,16,79.15,9,0.6568385239733704,0,True,1
4323-ELYYB,1,20,39,20.0,1,0.3141845171537305,0,False,0
4293-ETKAP,1,24,130,79.4,1,0.3794108164045469,2,False,0
6064-PUPMC,1,29,92,57.2,2,0.26166503546112285,1,False,0
6504-VBLFL,1,27,220,58.6,6,0.6895232350557037,0,False,0
6322-PJJDJ,1,26,98,94.8,3,0.662059140536025,0,False,0
0330-BGYZE,1,13,240,102.5,3,0.19345901234619484,0,False,0
1085-LDWAM,1,27,207,20.35,0,0.37220464320525726,0,False,0
7586-ZATGZ,1,26,120,84.9,4,0.8054850875869823,0,False,0
7197-VOJMM,1,7,268,69.2,1,0.3116452337059832,2,False,0
3318-OSATS,1,79,70,95.45,10,0.632553035990875,0,True,1
5828-AVIPD,1,74,57,100.95,5,0.8422775211440259,1,False,1
1843-TLSGD,1,21,26,20.85,2,0.18931171884232614,0,False,0
9626-VFRGG,1,27,123,88.5,4,0.18494054947205488,0,False,0
7075-BNDVQ,1,6,12,35.0,2,0.17264149985895466,0,False,0
9143-CANJF,1,5,96,55.15,2,0.6525367058633591,1,False,0
7284-BUYEC,1,23,20,50.95,2,0.3391856919622901,0,False,0
2041-JIJCI,1,28,10,64.0,5,0.6727011350850783,0,False,0
1086-LXKFY,1,65,4,69.1,7,0.2955951131014352,0,False,1
4900-MSOMT,1,21,216,80.2,0,0.20468822938191786,2,False,0
2229-VWQJH,1,15,72,49.3,3,0.11192726274186471,0,False,0
9194-GFVOI,1,26,84,84.35,0,0.17609075309237593,1,False,0
1336-EZFZY,1,16,8,20.05,1,0.2752909681391278,0,False,0
4282-MSACW,1,19,204,117.2,2,0.34387980471531665,2,False,0
1403-LKLIK,1,9,132,20.1,2,0.33315849352989924,0,False,0
2636-ALXXZ,1,81,4,69.6,10,0.5997926993719327,0,False,1
7774-OJSXI,1,84,62,103.45,10,0.428463129832623,0,True,1
7786-WBJYI,1,82,8,77.95,13,0.3551680119988124,0,False,1
0136-IFMYD,1,26,207,109.95,2,0.5091181707862293,1,False,0
5144-TVGLP,1,19,114,94.75,2,0.613055294846949,0,False,0
9643-AVVWI,1,7,6,80.0,0,0.512205791616574,1,False,0
0253-ZTEOB,1,4,144,79.65,2,0.740619088136425,1,False,0
2706-QZIHY,1,3,30,25.2,1,0.2090009293562549,0,False,0
6061-PQHMK,1,24,50,19.9,0,0.16074808534045376,0,False,0
9885-CSMWE,1,47,4,78.45,11,0.7454077048506549,0,True,1
6137-MFAJN,1,20,96,44.8,5,0.6700902362444814,0,False,0
9122-UMROB,1,11,3,20.3,1,0.15003647551624044,0,False,0
4232-JGKIY,1,1,4,19.2,1,0.7058019166942978,0,False,0
2402-TAIRZ,1,6,148,80.05,2,0.6594917148822756,0,False,0
9659-ZTWSM,1,26,198,107.35,2,0.18212277132624854,1,False,0
9139-TWBAS,1,11,78,47.85,6,0.15592751374055208,0,False,0
6685-GBWJZ,1,27,189,70.8,0,0.12257555859564404,2,False,0
5016-ETTFF,1,71,20,29.5,6,0.258370637521062,0,True,1
3866-MDTUB,1,50,8,70.75,10,0.653673139690973,0,False,1
2195-VVRJF,1,7,36,59.1,4,0.17523696850009632,0,False,0
3913-RDSJZ,1,6,128,25.55,0,0.2381913314891282,0,False,0
8058-JMEQO,1,78,18,84.45,11,0.5836342725801021,0,False,1
4203-QGNZA,1,2,56,20.25,1,0.22126024719808832,0,False,0
5043-TRZWM,1,27,4,75.55,2,0.4844029849609502,0,False,0
0697-ZMSWS,1,85,16,85.65,9,0.7191298398974024,0,True,1
7657-DYEPJ,1,38,76,70.15,5,0.30297156850017065,2,False,1
9494-BDNNC,1,15,198,95.3,5,0.5495219726516776,0,False,0
1640-PLFMP,1,18,4,70.25,2,0.6753064738255148,0,False,0
5366-OBVMR,1,27,36,50.3,2,0.1548788888299133,1,False,0
8276-MQBYC,1,89,153,97.8,7,0.4870898687986686,0,False,1
7593-XFKDI,1,77,3,46.3,9,0.3827864743437678,0,True,1
4573-JKNAE,1,3,24,19.35,2,0.19270508852076815,0,False,0
0337-CNPZE,1,62,164,106.3,11,0.8740535311175822,0,False,1
9817-APLHW,1,7,36,25.0,0,0.6286554789025252,0,False,0
8380-MQINP,1,1,220,20.3,0,0.3940128798446415,0,False,0
0840-DFEZH,1,25,28,75.35,4,0.7222197556740807,0,False,0
1513-XNPPH,1,89,36,89.4,4,0.6096686618433775,1,True,1
8690-ZVLCL,1,6,136,88.0,1,0.3556686000926448,1,False,0
6015-VVHHE,1,50,15,83.15,12,0.1443635567583905,0,False,1
1125-SNVCK,1,3,147,43.8,3,0.30765928173229423,0,False,0
0384-LPITE,1,19,160,62.05,6,0.2501222348270093,0,False,0
4616-EWBNJ,1,2,32,20.1,0,0.3123175024433452,0,False,0
6347-DCUIK,1,63,40,74.15,5,0.3294968598004595,0,False,1
1335-HQMKX,1,12,216,101.35,3,0.7325665407597304,0,False,0
2545-EBUPK,1,29,4,84.05,4,0.8036035697343085,0,False,0
6923-AQONU,1,10,46,20.9,0,0.35416735646489317,0,False,0
2172-EJXVF,1,5,142,105.9,2,0.7212068695450132,0,False,0
0897-FEGMU,1,78,22,99.5,12,0.8563249233018347,0,False,1
7663-RGWBC,1,44,2,44.15,8,0.315874076063676,0,False,1
1120-BMWUB,1,46,48,53.9,3,0.3516912794254968,2,False,1
9124-LHCJQ,1,89,3,85.45,10,0.39675740585938,0,True,1
4536-PLEQY,1,6,36,85.05,4,0.13492442263976528,0,False,0
7029-IJEJK,1,29,216,44.1,1,0.21117390930562246,2,False,0
8871-JLMHM,1,10,136,90.2,2,0.34196410621187956,2,False,0
2235-ZGKPT,1,48,8,50.85,8,0.1258910414188774,0,False,1
3891-PUQOD,1,34,3,59.2,6,0.6694630420176719,0,False,1
5447-VYTKW,1,4,54,53.45,2,0.35751938767843927,1,False,0
3623-FQBOX,1,22,84,19.95,1,0.10569737896244974,0,False,0
0689-NKYLF,1,30,26,83.2,8,0.7462043092380961,0,True,1
8659-HDIYE,1,17,128,74.65,2,0.3934434471713809,1,False,0
3658-KIBGF,1,66,4,54.9,5,0.5291029193150837,0,True,1
3474-BAFSJ,1,6,171,57.5,1,0.33003735741701534,2,False,0
5519-YLDGW,1,42,63,103.9,13,0.4992109967656482,0,False,1
3865-ZFZIB,1,17,38,19.65,1,0.3318592811581525,0,False,0
1855-AGAWH,1,3,124,93.8,5,0.6308695322311741,0,False,0
7109-CQYUZ,1,10,156,89.25,0,0.3580819235584637,1,False,0
1370-GGAWX,1,5,138,94.15,5,0.507959872078,0,False,0
4680-KUTAJ,1,14,33,55.6,2,0.7592940214570485,0,False,0
5307-UVGNB,1,26,106,48.7,3,0.33583575232475527,0,False,0
4946-EDSEW,1,80,44,19.25,6,0.1607476795756983,0,True,1
2883-ILGWO,1,21,114,104.9,1,0.3454861832709465,2,False,0
2516-VQRRV,1,64,6,75.45,10,0.38739565028256084,0,True,1
7580-UGXNC,1,53,8,54.85,10,0.28482357997618934,0,False,1
3642-BYHDO,1,6,142,19.9,1,0.3354551250371652,0,False,0
9629-NHXFW,1,12,3,19.4,1,0.25977515780789373,0,False,0
2696-RZVZW,1,26,204,25.05,2,0.2794310082986893,0,False,0
5766-FTRTS,1,8,144,84.45,1,0.10400573035770377,2,False,0
0396-HUJBP,1,5,6,19.3,0,0.25728618005080817,0,False,0
5178-LMXOP,1,87,3,95.1,11,0.598344686173912,0,False,1
8879-ZKJOF,1,27,164,79.85,1,0.301014263729616,2,False,0
6285-FTQBF,1,16,216,25.55,2,0.1508171826498066,0,False,0
8185-UPYBR,1,65,12,75.5,8,0.6020740793695024,0,False,1
4585-HETAI,1,40,16,73.75,8,0.7283966141565063,0,True,1
7526-BEZQB,1,81,24,96.05,11,0.5168941609624109,0,True,1
1474-JUWSM,1,3,174,68.4,1,0.5685437816153991,1,False,0
3530-CRZSB,1,20,28,20.65,1,0.17514706569666869,0,False,0
8498-XXGWA,1,15,260,55.15,5,0.263555231086526,0,False,0
9617-INGJY,1,13,4,70.6,5,0.39606126434648314,0,False,0
0621-TSSMU,1,24,224,19.95,2,0.355611369303488,0,False,0
7234-KMNRQ,1,16,8,19.0,0,0.18084230198847706,0,False,0
7636-PEPNS,1,23,174,44.1,2,0.2105835431735328,0,False,0
4683-WYDOU,1,11,186,107.6,1,0.3755900747493519,2,False,0
9052-DHNKM,1,21,104,61.55,3,0.7146766504649313,0,False,0
6794-HKIAJ,1,2,186,90.7,4,0.148158411534596,0,False,0
5578-NKCXI,1,22,116,99.25,4,0.3487813395263601,0,False,0
1642-HMARX,1,27,204,91.7,1,0.5416651629467502,2,False,0
3096-WPXBT,1,6,122,100.7,6,0.2631409477954809,0,False,0
8434-PNQZX,1,26,84,78.45,1,0.10152951678705945,1,False,0
5950-AAAGJ,1,26,54,84.3,6,0.3995770572688466,0,False,0
4299-OPXEJ,1,27,112,19.55,2,0.32832894089453457,0,False,0
4951-UKAAQ,1,76,8,88.95,5,0.6171368790928626,0,True,1
9618-LFJRU,1,14,8,20.45,0,0.30513846824171814,0,False,0
6693-DJWTY,1,25,70,55.6,4,0.18799220884704398,0,False,0
0744-GKNGE,1,11,256,86.8,1,0.12683674419580498,1,False,0
6447-EGDIV,1,8,93,20.95,1,0.22759298691013913,0,False,0
1167-OYZJF,1,8,268,20.05,0,0.2841156587330936,0,False,0
2108-YKQTY,1,37,8,50.7,8,0.1269332374633235,0,False,1
4806-DXQCE,1,21,210,113.65,1,0.6496317943918737,1,False,0
4918-QLLIW,1,54,6,53.4,8,0.254459269733653,0,True,1
7056-IMHCC,1,38,159,101.9,7,0.5932798819619168,0,False,1
4854-SSLTN,1,21,8,59.5,2,0.17339369155913914,1,False,0
5294-DMSFH,1,8,87,87.8,3,0.1061924449737599,0,False,0
4837-PZTIC,1,19,94,41.9,0,0.1974572520176815,2,False,0
1625-JAIIY,1,32,204,83.0,7,0.6793529387292958,0,True,1
0603-OLQDC,1,21,36,69.85,4,0.29072231640412804,0,False,0
3272-VUHPV,1,24,32,56.3,2,0.37905155868257545,1,False,0
4176-FXYBO,1,20,108,109.55,3,0.46849013870651784,0,False,0
1063-DHQJF,1,8,207,92.15,1,0.306200088630502,2,False,0
8663-UPDGF,1,26,104,69.5,4,0.12922027281198095,0,False,0
6719-FGEDO,1,14,216,97.0,0,0.15718652666644514,1,False,0
1837-YQUCE,1,18,140,58.35,1,0.25274035347087753,1,False,0
2947-DOMLJ,1,87,3,50.6,9,0.31251327374793186,0,False,1
4112-LUEIZ,1,84,30,89.5,10,0.8550015888677354,0,False,1
0369-ZGOVK,1,16,84,70.4,4,0.32317102959390953,0,False,0
4510-HIMLV,1,39,3,69.8,8,0.5486533391948928,0,False,1
9919-KNPOO,1,15,42,94.3,3,0.6485025142972354,0,False,0
8749-JMNKX,1,65,204,93.8,10,0.34739731111009203,0,True,1
7872-BAAZR,1,10,212,19.55,2,0.2576600432167414,0,False,0
9391-LMANN,1,29,159,95.95,4,0.7492107978632201,0,False,0
2430-USGXP,1,69,48,101.05,9,0.5322604443541635,0,True,1
8174-TBVCF,1,16,140,94.8,1,0.3455973851872912,2,False,0
1698-XFZCI,1,4,122,107.75,6,0.6819590457233813,0,False,0
1877-HKBQX,1,20,22,54.6,0,0.29513493452134826,1,False,0
4450-DLLMH,1,13,4,71.3,3,0.30804456832554994,0,False,0
0428-AXXLJ,1,22,50,19.5,0,0.1918747049131786,0,False,0
2746-DIJLO,1,5,123,56.3,3,0.39862734994405236,0,False,0
5955-ERIHD,1,45,72,94.7,8,0.4608026519326063,0,True,1
0917-EZOLA,1,61,288,104.15,10,0.147108725550596,0,False,1
3508-VLHCZ,1,23,213,90.55,0,0.3676575115753187,2,False,0
4086-ATNFV,1,9,136,60.8,4,0.13575396293346156,0,False,0
0468-YRPXN,1,8,58,98.8,2,0.21438587942379062,2,False,0
5996-NRVXR,1,29,80,98.15,0,0.3199426635688605,2,False,0
3739-YBWAB,1,16,144,35.35,5,0.33744755825072154,0,False,0
7047-FWEYA,1,6,92,103.15,2,0.6908527185278099,2,False,0
2000-MPKCA,1,28,116,107.75,6,0.7432984885426162,0,False,0
9762-YAQAA,1,16,156,81.4,5,0.35335971523592724,0,False,0
5949-EBSQK,1,47,12,61.45,5,0.3848128017083232,1,False,1
5473-KHBPS,1,14,208,95.7,5,0.2661063076822343,0,False,0
0100-DUVFC,1,21,280,104.8,6,0.6472036029602457,0,False,0
5397-TUPSH,1,1,260,70.95,3,0.32848394339995096,0,False,0
8950-MTZNV,1,25,4,44.95,3,0.14906247592646701,0,False,0
0326-VDYXE,1,9,210,97.65,5,0.5774824606310617,0,False,0
6773-LQTVT,1,25,87,35.65,3,0.3355992595368308,0,False,0
7274-RTAPZ,1,89,2,90.55,11,0.803279049247364,0,False,1
0436-TWFFZ,1,24,134,85.25,2,0.23273408348991265,2,False,0
8566-YPRGL,1,13,4,19.5,2,0.14834003603443555,0,False,0
0311-UNPFF,1,79,52,88.8,11,0.2491062928260588,0,False,1
6609-MXJHJ,1,29,90,25.1,0,0.21799535558602345,0,False,0
2669-OIDSD,1,19,96,100.05,1,0.21174218192754873,2,False,0
8400-WZICQ,1,17,110,55.7,2,0.6559029458635375,0,False,0
3834-XUIFC,1,49,14,85.2,6,0.15242071441309185,0,False,1
9576-SYUHJ,1,28,148,91.15,5,0.613156101181318,0,False,0
0410-IPFTY,1,28,62,83.85,3,0.3606030517320191,0,False,0
2831-EBWRN,1,8,12,45.9,6,0.8002680188261044,0,False,0
9430-NKQLY,1,23,216,25.1,0,0.11667654003663674,0,False,0
8414-MYSHR,1,75,15,91.4,9,0.7244812942913054,0,False,1
0247-SLUJI,1,5,3,19.7,0,0.12738859537206348,0,False,0
9402-ORRAH,1,10,30,91.5,3,0.8308802678693151,0,False,0
6483-OATDN,1,7,32,51.3,2,0.1733921922649016,0,False,0
1293-HHSHJ,1,10,105,21.1,1,0.3797863077140241,0,False,0
4840-ORQXB,1,4,168,104.75,2,0.8423677015360147,0,False,0
7599-FKVXZ,1,61,168,106.15,4,0.2654093304091899,1,True,1
3982-DQLUS,1,27,260,85.75,5,0.6649492239402861,0,False,0
8610-ZIKJJ,1,26,6,20.3,0,0.3573840042071952,0,False,0
3756-VNWDH,1,14,195,100.75,4,0.6058688944586583,0,False,0
7801-KICAO,1,2,72,74.15,2,0.5242429104102775,0,False,0
7673-LPRNY,1,25,69,78.55,4,0.5644324232193056,0,False,0
8229-TNIQA,1,70,12,45.3,13,0.27930906935385613,0,True,1
6060-QBMGV,1,21,140,19.85,2,0.19429756736575426,0,False,0
7339-POGZN,1,27,16,50.7,2,0.7998948005048053,0,False,0
2828-SLQPF,1,1,38,45.0,4,0.15853391058794933,0,False,0
4465-VDKIQ,1,23,36,77.8,4,0.8154097881216537,0,False,0
2921-XWDJH,1,10,152,83.45,4,0.4897210964984848,0,False,0
6221-AVQYL,1,37,4,73.25,8,0.20603396868985585,0,False,1
2558-BUOZZ,1,20,141,94.8,5,0.17312875006181616,0,False,0
9257-AZMTZ,1,25,104,20.1,1,0.39305078458907605,0,False,0
0003-MKNFE,1,22,36,59.9,5,0.10771917393323686,0,False,0
0975-UYDTX,1,29,78,90.1,2,0.316500857710168,1,False,0
7743-EXURX,1,52,24,51.05,8,0.5211894752073942,0,True,1
4682-BLBUC,1,6,132,70.95,0,0.8202791831049943,2,False,0
0975-VOOVL,1,29,9,29.2,2,0.19336731987555517,0,False,0
5968-VXZLG,1,26,4,46.6,3,0.15618527350344497,0,False,0
5569-KGJHX,1,51,18,85.35,9,0.3079119554269788,0,False,1
4988-IQIGL,1,51,3,75.35,7,0.5368090294479471,0,True,1
5201-FRKKS,1,2,100,74.3,5,0.2456640609935247,0,False,0
9799-CAYJJ,1,26,6,69.3,5,0.4599004958032752,0,False,0
7730-IUTDZ,1,51,86,75.2,8,0.8075965635559877,0,True,1
0426-TIRNE,1,57,3,20.9,8,0.22205086151616185,0,True,1
5443-SCMKX,1,23,116,94.3,2,0.4434092937307047,0,False,0
8295-KMENE,1,2,177,76.45,0,0.32247851403729466,2,False,0
6738-ISCBM,1,12,176,54.0,4,0.5467112948665032,0,False,0
9821-BESNZ,1,22,198,104.25,1,0.5890087194717057,2,False,0
3678-MNGZX,1,5,272,19.95,0,0.2822455509070154,0,False,0
1335-NTIUC,1,20,36,24.95,5,0.7006749628291912,0,False,0
2916-BQZLN,1,7,57,84.75,6,0.5635923202226606,0,False,0
4558-CGYCZ,1,24,16,19.75,0,0.29600390791908093,0,False,0
2368-GAKKQ,1,16,280,113.65,2,0.21423057441858,2,False,0
8710-YGLWG,1,20,2,44.9,2,0.22024430410789284,0,False,0
3199-XGZCY,1,1,16,75.25,4,0.5800629108841439,0,False,0
3785-KTYSH,1,1,212,24.6,2,0.1701353836147016,0,False,0
6814-ZPWFQ,1,17,153,25.0,0,0.23835497168573744,0,False,0
4063-EIKNQ,1,27,44,20.95,0,0.3060538505202505,0,False,0
6993-YCOBK,1,1,180,110.6,1,0.6818067813600148,2,False,0
5206-HPJKM,1,21,34,55.5,4,0.1127525281993268,0,False,0
7587-RZNME,1,42,9,43.3,9,0.5562028254500555,0,False,1
0748-RDGGM,1,51,280,109.5,9,0.20543806382593288,1,False,1
8393-JMVMB,1,9,4,19.45,1,0.20641634106689014,0,False,0
5019-GQVCR,1,15,172,84.85,4,0.5351616601074775,0,False,0
6036-TTFYU,1,3,64,19.6,0,0.23487116548517897,0,False,0
2550-AEVRU,1,14,228,53.45,4,0.8015592997831706,0,False,0
0969-RGKCU,1,23,111,19.8,0,0.114601605414587,0,False,0
0378-CJKPV,1,11,288,112.1,2,0.3252772517119692,2,False,0
4706-AXVKM,1,48,22,84.8,8,0.3865315608890376,0,True,1
5889-JTMUL,1,52,200,95.05,10,0.44215223754922883,0,True,1
9026-RNUJS,1,58,15,50.35,10,0.5329478432290724,0,False,1
3746-EUBYR,1,59,4,74.6,7,0.26304633470358774,0,False,1
2332-EFBJY,1,68,64,19.7,5,0.16541484596502065,0,False,1
2880-FPNAE,1,13,6,74.2,3,0.7245488144678189,0,False,0
1703-MGIAB,1,1,68,69.0,2,0.19364029448783293,2,False,0
4311-QTTAI,1,24,48,19.35,2,0.18808758469537545,0,False,0
9474-PHLYD,1,66,60,59.45,10,0.5713868971972026,0,False,1
4318-RAJVY,1,3,20,19.8,1,0.18103785645648274,0,False,0
2165-VOEGB,1,37,184,105.2,4,0.16530115657205768,1,False,1
3612-YUNGG,1,28,192,109.2,0,0.20297229014274276,1,False,0
2254-DLXRI,1,4,2,79.15,3,0.14429699590729006,0,False,0
5062-CJJKH,1,16,75,53.65,5,0.2783945999267485,0,False,0
9028-LIHRP,1,8,284,100.2,1,0.17162246304770284,1,False,0
2219-MVUSO,1,30,16,45.15,7,0.34952525942445284,0,False,1
1053-MXTTK,1,27,216,108.65,0,0.1853673840212836,1,False,0
1530-ZTDOZ,1,17,98,40.65,4,0.1632608798378981,0,False,0
1301-LOPVR,1,19,58,55.35,2,0.11702540858183044,2,False,0
0853-TWRVK,1,22,216,105.6,1,0.3219720070065232,2,False,0
8914-RBTSB,1,33,62,93.8,7,0.7452329993556839,0,True,1
6212-ATMLK,1,16,150,95.7,6,0.5043738060089438,0,False,0
8200-LGKSR,1,15,142,83.2,2,0.6375699911513475,1,False,0
1568-BEKZM,1,25,140,90.05,1,0.3996157216179528,1,False,0
0670-ANMUU,1,2,142,97.65,2,0.3418086180350739,1,False,0
6897-RWMUB,1,11,244,68.05,1,0.20496084573027679,2,False,0
0963-ZBDRN,1,72,128,96.2,6,0.5887890911636197,2,False,1
7594-RQHXR,1,54,3,79.6,6,0.7142866012766268,0,False,1
6999-CHVCF,1,26,136,102.1,5,0.11091686962025694,0,False,0
6134-KWTBV,1,19,186,23.4,1,0.33360310276387195,0,False,0
1077-HUUJM,1,4,28,71.05,5,0.6828420860488662,0,False,0
6331-EWIEB,1,68,80,85.25,9,0.672840761684417,0,True,1
0895-LNKRC,1,5,24,19.45,2,0.3537691410641882,0,False,0
2045-BMBTJ,1,3,132,59.45,6,0.26042172846676437,0,False,0
8417-GSODA,1,13,84,92.2,5,0.11956253182354104,0,False,0
5171-EPLKN,1,10,54,19.85,1,0.17782188707406443,0,False,0
4452-QIIEB,1,11,21,43.9,4,0.23853185082575384,0,False,0
5998-VVEJY,1,42,52,80.5,6,0.4907309174455379,1,True,1
1624-NALOJ,1,38,20,89.8,8,0.6158115885762167,0,True,1
6741-EGCBI,1,7,60,90.5,4,0.13617044850502044,0,False,0
7820-ZYGNY,1,9,252,90.45,3,0.16015245564527458,0,False,0
4317-VTEOA,1,51,3,50.75,9,0.7535582295365042,0,True,1
9677-AVKED,1,18,106,84.6,1,0.7521334314173598,1,False,0
1670-SVOWZ,1,55,42,89.65,6,0.26507600321400604,2,True,1
2227-JRSJX,1,7,84,99.15,2,0.2858945830395295,2,False,0
9847-HNVGP,1,27,51,19.95,2,0.33922934407792915,0,False,0
6696-YDAYZ,1,7,64,20.5,2,0.30884184886122684,0,False,0
8980-WQFWL,1,3,140,62.1,4,0.5747818670225691,0,False,0
1730-ZMAME,1,12,128,79.5,5,0.6236610255023428,0,False,0
6506-EYCNH,1,7,84,19.55,0,0.26053495567252016,0,False,0
4634-JLRJT,1,17,3,20.35,2,0.20791359764401243,0,False,0
9501-UKKNL,1,26,118,51.7,2,0.5895355418755064,2,False,0
2560-QTSBS,1,1,144,23.3,1,0.32083400321841193,0,False,0
7541-YLXCL,1,86,108,65.4,5,0.15965392152380736,1,True,1
4795-WRNVT,1,16,120,65.1,4,0.17814577861054126,0,False,0
6080-TCMYC,1,15,120,81.2,5,0.6335611585402434,0,False,0
0260-ZDLGK,1,45,27,72.9,7,0.14853376914279026,2,True,1
7860-UXCRM,1,9,252,74.5,1,0.35486548689859987,2,False,0
6357-JJPQT,1,7,12,80.5,4,0.6230277001591618,0,False,0
2292-XQWSV,1,4,160,60.3,1,0.35042443899764164,2,False,0
9552-TGUZV,1,20,24,75.0,4,0.2481187940527328,0,False,0
5913-INRQV,1,18,136,90.15,0,0.25586891203622064,1,False,0
8722-NGNBH,1,48,20,40.0,4,0.2848433890403093,1,True,1
6210-KBBPI,1,66,18,99.45,10,0.21127586317921063,0,True,1
9643-YBLUR,1,28,18,69.05,2,0.2489752284493311,0,False,0
8734-FNWVH,1,13,124,59.7,3,0.26407453872030456,0,False,0
9447-YPTBX,1,1,200,19.85,0,0.38606273085317533,0,False,0
0133-BMFZO,1,33,8,86.25,7,0.7709738018681753,1,False,1
6128-CZOMY,1,49,3,45.65,9,0.6282722376450092,0,False,1
9540-JYROE,1,39,16,70.1,9,0.11238474003775514,0,False,1
9026-LHEVG,1,16,18,40.75,5,0.6989210875760156,0,False,0
2260-USTRB,1,83,4,70.2,9,0.11475959999346322,0,False,1
3656-TKRVZ,1,64,12,55.35,8,0.5297854572710909,0,False,1
7011-CVEUC,1,25,75,95.7,0,0.14777901905324287,2,False,0
6185-TASNN,1,23,2,46.3,3,0.619062241492595,0,False,0
7925-PNRGI,1,25,90,81.3,2,0.2304988335553627,2,False,0
8623-TMRBY,1,50,153,84.2,9,0.7058392917979679,0,True,1
1552-CZCLL,1,26,220,20.0,1,0.39768645789165213,0,False,0
3038-PQIUY,1,19,152,66.15,4,0.21556982641362601,0,False,0
1501-SGHBW,1,68,4,45.85,10,0.1728259289559282,0,False,1
9313-CDOGY,1,5,76,19.6,0,0.7098376056050011,0,False,0
8148-BPLZQ,1,19,102,49.8,3,0.6283374379189813,0,False,0
2623-DRYAM,1,22,140,101.75,6,0.8091705995161959,0,False,0
9987-LUTYD,1,24,39,55.15,1,0.17777629061367078,2,False,0
3208-YPIOE,1,33,78,75.25,9,0.842904528889162,0,True,1
4488-KQFDT,1,13,122,103.95,2,0.5360477684030758,0,False,0
2612-RANWT,1,86,24,100.15,13,0.3438058022091255,0,True,1
5693-PIPCS,1,5,164,99.65,0,0.29448409751373106,2,False,0
0491-KAPQG,1,21,63,73.7,5,0.7316354233594493,0,False,0
1925-LFCZZ,1,4,165,50.05,5,0.28762808587260547,0,False,0
8039-EQPIM,1,4,276,60.25,0,0.2743653938325552,2,False,0
6900-PXRMS,1,36,104,105.75,7,0.6605105964262707,0,True,1
8707-RMEZH,1,4,276,87.3,2,0.3359396596433635,0,False,0
3346-BRMIS,1,58,54,48.35,11,0.798271294470654,0,True,1
3209-ZPKFI,1,21,94,54.25,2,0.5629077423965273,0,False,0
6479-VDGRK,1,18,288,85.3,1,0.1602661275640331,1,False,0
9373-WSLOY,1,18,132,50.0,2,0.565314271796434,2,False,0
2933-FILNV,1,66,8,24.4,7,0.2110237609130801,0,False,1
3569-JFODW,1,9,144,90.95,2,0.3538555068514152,2,False,0
9819-FBNSV,1,18,74,72.25,3,0.12095722859106599,0,False,0
9544-PYPSJ,1,22,248,96.1,5,0.2615560229390056,0,False,0
1591-XWLGB,1,2,142,19.85,0,0.3084365908693194,0,False,0
0396-UKGAI,1,21,92,55.3,1,0.35105590993631763,1,False,0
3243-ZHOHY,1,4,32,20.1,0,0.27502909659264896,0,False,0
5186-EJEGL,1,12,27,69.5,0,0.15589600305788584,1,False,0
7527-QNRUS,1,7,51,25.15,0,0.3893608774654673,0,False,0
9986-BONCE,1,59,8,20.95,8,0.12839545312061137,0,True,1
2722-JMONI,1,47,3,49.55,11,0.7980891814712716,0,True,1
2203-GHNWN,1,29,72,79.65,6,0.1259677671529926,0,False,0
3878-AVSOQ,1,22,3,71.25,6,0.5382580042761023,0,False,0
3258-SYSWS,1,26,288,113.8,1,0.3694646781084835,1,False,0
5296-PSYVW,1,21,144,24.55,0,0.7326835169085023,0,False,0
6319-QSUSR,1,17,22,19.7,2,0.20965248136959502,0,False,0
4083-EUGRJ,1,78,18,20.25,7,0.2916173069968612,0,True,1
7579-OOPEC,1,75,6,50.15,9,0.23717416651320833,0,True,1
0512-FLFDW,1,19,240,100.5,3,0.11996132826889411,0,False,0
1771-OADNZ,1,51,58,95.9,9,0.6235972162961887,0,True,1
0487-CRLZF,1,14,147,74.45,1,0.3289767171208461,2,False,0
2107-FBPTK,1,17,120,104.1,3,0.796858723883867,0,False,0
9451-WLYRI,1,5,212,19.05,0,0.262191203983384,0,False,0
8219-VYBVI,1,2,78,25.0,0,0.3019413853004368,0,False,0
1991-VOPLL,1,20,18,19.05,0,0.2314151255124604,0,False,0
9738-QLWTP,1,16,117,81.9,1,0.5809281448718595,2,False,0
1016-DJTSV,1,14,16,69.7,3,0.5869357155748058,0,False,0
9419-IPPBE,1,14,153,90.15,4,0.8682881164902426,0,False,0
0174-QRVVY,1,27,284,25.35,2,0.14925138551325662,0,False,0
5699-BNCAS,1,1,284,24.65,0,0.1745499452861637,0,False,0
2900-PHPLN,1,3,280,19.55,1,0.2818572374133197,0,False,0
0612-RTZZA,1,74,4,25.25,12,0.5715004792776834,0,True,1
8106-GWQOK,1,7,76,60.0,2,0.3675593534957282,1,False,0
8751-EDEKA,1,26,56,89.9,5,0.11417091155897878,0,False,0
6878-GGDWG,1,15,96,19.4,2,0.3265936879794719,0,False,0
4039-PIMHX,1,19,147,49.8,4,0.21211841414479,0,False,0
8450-LUGUK,1,20,111,24.1,1,0.11534967208343834,0,False,0
3604-WLABM,1,2,30,54.25,0,0.8347349043483483,2,False,0
0795-GMVQO,1,19,201,109.9,4,0.2921380704041366,0,False,0
2259-OUUSZ,1,9,28,35.5,2,0.10265761274444155,2,False,0
1142-IHLOO,1,19,204,87.55,3,0.18025985451538398,0,False,0
6410-LEFEN,1,88,36,45.15,8,0.5124981023002355,0,True,1
4633-MKHYU,1,5,27,88.4,2,0.19677344466978136,0,False,0
6257-RJOHI,1,18,16,50.8,1,0.24950260870889263,2,False,0
1545-JFUML,1,16,284,99.0,3,0.580385740431568,0,False,0
3194-ORPIK,1,40,200,84.4,7,0.21902620533794748,0,False,1
7826-VVKWT,1,12,96,96.55,4,0.6540424379251029,0,False,0
1353-GHZOS,1,29,44,59.75,2,0.25132279848701666,0,False,0
2587-EKXTS,1,7,132,111.5,6,0.4579998498697203,0,False,0
5442-BXVND,1,14,99,24.25,0,0.2935605280094844,0,False,0
8816-VXNZD,1,62,2,75.1,7,0.775511523793244,0,True,1
9378-FXTIZ,1,46,216,70.15,10,0.18376593991754486,0,True,1
1723-HKXJQ,1,35,168,101.75,10,0.569869848549522,0,True,1
7825-GKXMW,1,33,4,45.8,9,0.4705061900868451,0,True,1
9753-OYLBX,1,17,3,20.5,1,0.27620312539183345,0,False,0
2364-UFROM,1,26,90,70.4,0,0.6507896087828433,2,False,0
6656-JWRQX,1,10,3,30.55,2,0.259995427033166,1,False,0
6473-ULUHT,1,10,48,84.9,2,0.7711080844208339,1,False,0
1240-KNSEZ,1,44,3,20.1,6,0.25946323330645604,0,False,1
0836-SEYLU,1,35,18,40.65,3,0.31653721899090725,2,False,1
4433-JCGCG,1,76,138,101.0,8,0.4520100487223403,0,True,1
3716-BDVDB,1,43,4,69.1,8,0.4977622807407993,0,False,1
7688-AWMDX,1,10,213,54.5,0,0.18263398447839152,1,False,0
2842-BCQGE,1,9,86,75.35,5,0.2727926517574025,0,False,0
7244-QWYHG,1,17,200,44.45,1,0.1992439685071222,2,False,0
5899-MQZZL,1,38,26,75.0,11,0.29231992806101503,0,True,1
6849-OYAMU,1,55,76,100.0,3,0.30702692176051094,1,False,1
5312-UXESG,1,4,123,98.05,3,0.11010695115322115,0,False,0
9488-HGMJH,1,34,2,71.15,8,0.6444767654528443,0,False,1
6038-GCYEC,1,86,96,54.15,8,0.1350362086836524,0,True,1
2150-WLKUW,1,25,120,63.9,5,0.2395405905566702,0,False,0
7159-FVYPK,1,29,12,69.15,4,0.3179729712306791,0,False,0
7032-LMBHI,1,29,74,64.65,3,0.31100349878354383,0,False,0
1150-WFARN,1,32,134,108.75,3,0.18994676349923834,1,True,1
6088-BXMRG,1,14,64,98.85,5,0.4840543786775839,0,False,0
3144-AUDBS,1,72,12,49.15,7,0.6055107639021485,2,True,1
4821-SJHJV,1,15,96,89.6,4,0.65610312508873,0,False,0
7346-MEDWM,1,6,236,83.25,4,0.8194399547600378,0,False,0
1137-DGOWI,1,24,90,70.25,0,0.20347512139419338,2,False,0
5616-PRTNT,1,74,40,19.4,5,0.7245674126210633,0,False,1
3812-LRZIR,1,29,108,24.5,0,0.7016635079472118,0,False,0
4818-QIUFN,1,46,40,79.15,11,0.6865567837840066,0,True,1
9483-GCPWE,1,29,27,20.1,2,0.17622538968187174,0,False,0
4227-OJHAL,1,4,204,73.0,5,0.331250690357879,0,False,0
9220-CXRSC,1,18,207,61.4,0,0.16881335426909616,2,False,0
4993-JCRGJ,1,18,104,84.3,0,0.2563739169887429,2,False,0
9537-JALFH,1,25,276,19.9,0,0.13320681232596698,0,False,0
6698-OXETB,1,17,22,20.4,2,0.21577964636482888,0,False,0
2103-ZRXFN,1,12,4,50.75,4,0.12344647709653504,0,False,0
3724-BSCVH,1,7,40,20.45,0,0.18503187780581726,0,False,0
4877-TSOFF,1,16,165,75.75,1,0.2995881214571639,2,False,0
9209-NWPGU,1,11,88,65.4,0,0.7600989478806216,1,False,0
6961-VCPMC,1,34,138,80.4,11,0.6376349522509301,0,False,1
7306-YDSOI,1,3,138,59.75,3,0.24199638716480176,0,False,0
5288-AHOUP,1,19,22,78.5,5,0.5848640548994579,0,False,0
6688-UZPWD,1,49,44,102.0,12,0.4593910457508563,0,False,1
0655-YDGFJ,1,10,87,48.95,3,0.28302071085925234,0,False,0
8468-EHYJA,1,6,228,99.65,2,0.7543759056840947,0,False,0
6823-SIDFQ,1,13,112,18.25,2,0.1441658450309355,0,False,0
1097-FSPVW,1,10,168,54.55,3,0.3271373717742404,0,False,0
2839-RFSQE,1,65,4,20.65,4,0.3100484907386474,0,False,1
8328-SKJNO,1,26,69,40.65,2,0.159202864248287,1,False,0
7010-ZMVBF,1,20,54,20.45,2,0.294684287535371,0,False,0
5201-CBWYG,1,26,248,24.8,1,0.2181015038090568,0,False,0
0968-GSIKN,1,68,2,70.8,8,0.30434132574832895,0,False,1
1965-DDBWU,1,68,48,89.05,6,0.24882905567075628,1,False,1
9057-SIHCH,1,79,9,96.6,8,0.4218745251390723,0,False,1
6352-GIGGQ,1,6,268,88.8,2,0.3360900964413379,1,False,0
3635-QQRQD,1,13,124,20.05,0,0.26667997741572513,0,False,0
6771-XWBDM,1,53,228,104.5,8,0.3174383868576198,0,True,1
2897-DOVND,1,23,6,69.8,6,0.5025478319122568,0,False,0
3082-YVEKW,1,14,46,77.15,1,0.31638174178093026,2,False,0
0191-EQUUH,1,1,100,35.05,2,0.22409985655494455,2,False,0
7134-HBPBS,1,28,216,108.1,2,0.3397801132077171,2,False,0
3489-HHPFY,1,20,8,84.05,3,0.6741404714768383,0,False,0
2926-JEJJC,1,5,32,20.2,0,0.2064706375809401,0,False,0
8601-QACRS,1,89,20,50.6,12,0.16057508567418385,0,False,1
4950-BDEUX,1,12,70,49.2,4,0.812517903909276,0,False,0
5789-LDFXO,1,2,72,24.6,0,0.6720171349586544,0,False,0
0508-OOLTO,1,12,6,71.65,4,0.7600246601655748,0,False,0
2984-TBYKU,1,5,216,104.9,1,0.21204660110362955,1,False,0
9822-WMWVG,1,22,123,106.5,0,0.6757077728037525,1,False,0
2391-SOORI,1,53,8,49.35,7,0.6221323689207675,0,False,1
9040-KZVWO,1,13,104,75.5,4,0.2912745127862346,0,False,0
2645-QTLMB,1,65,21,94.25,13,0.6307701001180164,0,True,1
4806-HIPDW,1,50,2,68.95,11,0.4490475445936295,0,True,1
1548-ARAGG,1,1,16,58.5,0,0.26489321319948134,1,False,0
6339-RZCBJ,1,3,96,78.9,1,0.252738901118327,2,False,0
4424-TKOPW,1,73,4,93.85,7,0.5841563068353908,0,True,1
4415-WNGVR,1,12,36,79.2,1,0.6296681164265225,2,False,0
2522-AHJXR,1,29,180,109.45,2,0.2556436229953652,1,False,0
0412-UCCNP,1,3,220,59.2,2,0.5470039393998372,2,False,0
1816-FLZDK,1,26,4,29.15,2,0.18794764960556434,2,False,0
7096-UCLNH,1,25,3,20.05,1,0.32148177239995374,0,False,0
8443-ZRDBZ,1,64,8,76.05,9,0.5558270244477141,0,True,1
9136-ALYBR,1,84,3,24.45,9,0.19388892355113463,0,True,1
4615-PIVVU,1,26,168,66.5,1,0.29611334384013854,2,False,0
8885-QSQBX,1,2,2,49.55,5,0.16263189049931276,0,False,0
7479-NITWS,1,85,14,89.35,9,0.2716817905856747,0,True,1
8617-ENBDS,1,14,6,73.6,4,0.19064924249456475,0,False,0
9385-NXKDA,1,4,216,82.65,5,0.35299038200506316,0,False,0
0430-IHCDJ,1,25,45,49.0,3,0.6189048719587149,0,False,0
2959-MJHIC,1,83,16,80.35,9,0.6307502387574211,0,False,1
6674-KVJHG,1,13,22,25.2,1,0.6061358742496517,0,False,0
1814-DKOLC,1,7,10,25.45,1,0.14069815390166782,0,False,0
4201-JMNGR,1,54,3,55.8,11,0.6976343350219776,0,True,1
9351-HXDMR,1,3,288,110.9,0,0.3040084753817981,1,False,0
3537-HPKQT,1,23,220,77.75,2,0.3311526714084748,0,False,0
2129-ALKBS,1,23,80,26.2,0,0.5638751560139932,0,False,0
5821-MMEIL,1,9,171,19.9,0,0.35050102415648254,0,False,0
5960-WPXQM,1,74,2,79.05,11,0.5968567862354566,0,True,1
0684-AOSIH,1,65,3,95.0,9,0.5491839014004138,0,True,1
8260-NGFNY,1,85,4,25.2,8,0.16720877469755474,0,True,1
1309-XGFSN,1,9,104,80.85,6,0.6863605335233169,0,False,0
1866-RZZQS,1,49,82,98.4,11,0.8468709415500209,0,True,1
6968-URWQU,1,12,86,56.35,5,0.12855567772558263,0,False,0
4742-TXUEX,1,15,188,19.3,0,0.3592644373291636,0,False,0
9631-XEYKE,1,2,6,50.4,4,0.3397209487535493,0,False,0
8631-NBHFZ,1,86,264,79.4,7,0.20696831799552567,2,True,1
1335-MXCSE,1,13,165,55.25,2,0.3067830413189969,1,False,0
8873-TMKGR,1,14,116,19.1,2,0.15608540314046,0,False,0
8800-JOOCF,1,5,36,84.05,4,0.6922027221696918,0,False,0
1469-LBJQJ,1,26,264,105.2,6,0.7215401975933482,0,False,0
4958-XCBDQ,1,56,140,101.4,11,0.7060680573653755,0,True,1
8337-UPOAQ,1,36,20,89.8,10,0.8462372794452926,0,False,1
0064-YIJGF,1,10,108,75.75,5,0.14177035039027047,0,False,0
2386-OWURY,1,24,116,95.3,2,0.806327121733416,1,False,0
1725-IQNIY,1,47,162,109.75,3,0.10716592195668034,2,False,1
0310-VQXAM,1,25,27,19.85,2,0.3259601212980389,0,False,0
6598-RFFVI,1,85,4,19.3,4,0.2720092230236104,0,False,1
3453-RTHJQ,1,5,18,69.1,3,0.7204735498065279,0,False,0
6712-OAWRH,1,49,104,91.25,10,0.5371896898964709,0,False,1
6278-FEPBZ,1,6,18,20.25,1,0.35933233776764895,0,False,0
4280-DLSHD,1,22,16,54.75,4,0.19394470724194401,0,False,0
1508-DFXCU,1,23,24,81.45,3,0.5709079990653382,0,False,0
8614-VGMMV,1,36,45,49.1,6,0.635350489254463,0,False,1
7868-BGSZA,1,13,129,80.2,6,0.765819282164203,0,False,0
2800-QQUSO,1,3,168,100.3,2,0.7045858873258863,2,False,0
2930-UOTMB,1,55,124,65.25,9,0.261125597756244,2,True,1
7973-DZRKH,1,25,132,90.95,2,0.3494966255226566,2,False,0
5914-DVBWJ,1,85,72,85.45,6,0.8371475132770505,2,False,1
7698-YFGEZ,1,21,3,20.0,0,0.1485214313705333,0,False,0
2533-QVMSK,1,86,244,94.1,8,0.7144384279927138,2,False,1
9773-PEQBZ,1,11,30,79.85,5,0.5707089092365148,0,False,0
8644-XLFBW,1,87,4,71.65,7,0.788655624072389,0,True,1
0650-BWOZN,1,26,54,73.55,2,0.8338101405162246,0,False,0
8625-AZYZY,1,47,72,104.65,7,0.726101816342178,0,False,1
7785-RDVIG,1,10,12,19.3,2,0.31145755011399007,0,False,0
9602-WCXPI,1,12,200,20.15,1,0.24006319181273694,0,False,0
2903-YYTBW,1,17,3,44.55,4,0.674455749048462,0,False,0
3620-MWJNE,1,4,4,54.45,0,0.218567369174083,1,False,0
8573-JGCZW,1,2,68,19.65,0,0.11986383658262828,0,False,0
6837-HAEVO,1,11,207,105.0,5,0.7131304997318182,0,False,0
6701-YVNQG,1,7,288,88.7,2,0.23508269701704057,2,False,0
9306-CPCBC,1,48,12,74.25,6,0.8759001791183971,0,True,1
4304-XUMGI,1,26,200,75.15,4,0.3637772617485181,0,False,0
9504-YAZWB,1,18,212,20.25,0,0.3485831163376044,0,False,0
8819-ZBYNA,1,21,232,109.1,2,0.2764926654492481,1,False,0
6174-NRBTZ,1,4,92,30.75,3,0.13046676578519217,0,False,0
9481-IEBZY,1,8,144,112.9,0,0.19717343486546085,2,False,0
1833-VGRUM,1,70,2,74.2,10,0.6968247545990967,0,False,1
6137-NICCO,1,14,18,94.05,3,0.10403674252440133,0,False,0
9065-ZCPQX,1,12,144,78.85,1,0.11278927410054929,1,False,0
6402-EJMWF,1,22,8,55.3,5,0.3032990146601734,0,False,0
3620-EHIMZ,1,21,156,19.35,2,0.36646085545055396,0,False,0
6870-ECSHE,1,27,4,20.45,1,0.35654893879696103,0,False,0
8747-UDCOI,1,18,260,19.35,0,0.15044358294322363,0,False,0
8374-XGEJJ,1,36,86,101.0,11,0.8380779138887908,0,False,1
2656-TABEH,1,51,8,100.2,9,0.6686775879112479,0,False,1
6946-LMSQS,1,84,50,89.05,11,0.666130063138467,0,False,1
4626-OZDTJ,1,8,204,78.65,2,0.1912123602212245,1,False,0
9169-BSVIN,1,2,48,74.75,5,0.31479903270514553,0,False,0
2325-ZUSFD,1,53,228,70.1,6,0.31293168327516774,0,True,1
8194-PEEBY,1,15,96,19.9,0,0.27839965768393604,0,False,0
6872-HXFNF,1,9,192,58.35,1,0.2071865209777131,2,False,0
3932-CMDTD,1,87,16,105.65,5,0.6747399366866358,2,True,1
7714-YXSMB,1,20,104,100.5,6,0.3812553813940808,0,False,0
8387-UGUSU,1,8,60,20.05,2,0.360966527508099,0,False,0
1080-BWSYE,1,25,256,25.65,0,0.17289375826391742,0,False,0
4039-HEUNW,1,51,108,96.5,10,0.694826452365315,0,False,1
1194-HVAIF,1,5,54,95.0,4,0.20272430568823646,0,False,0
0812-WUPTB,1,46,2,70.85,12,0.31224386506288404,0,True,1
3594-UVONA,1,63,140,85.95,4,0.34944710130130197,1,True,1
0004-TLHLJ,1,35,16,73.9,7,0.6253365878232164,0,True,1
1767-TGTKO,1,19,32,45.45,4,0.8122728017147679,0,False,0
8439-LTUGF,1,23,20,20.0,0,0.30319873998987057,0,False,0
8805-JNRAZ,1,27,4,49.2,2,0.16553436147306122,0,False,0
5089-IFSDP,1,30,232,109.45,7,0.21132838339222804,0,False,1
6418-HNFED,1,26,102,83.25,0,0.13138205741696468,1,False,0
0206-OYVOC,1,27,138,19.25,2,0.27912069550888263,0,False,0
7291-CDTMJ,1,19,4,19.65,1,0.15075745683778724,0,False,0
7128-GGCNO,1,18,184,72.8,6,0.3079269814489125,0,False,0
0237-YFUTL,1,10,150,109.65,1,0.3211740229673965,2,False,0
7691-KGKGP,1,29,159,65.0,2,0.24380044549702953,2,False,0
6710-HSJRD,1,7,122,114.1,2,0.5672434276048046,1,False,0
3675-EQOZA,1,28,15,20.65,2,0.2832619569914654,0,False,0
0840-DCNZE,1,9,188,86.95,0,0.21166157563714433,1,False,0
1732-FEKLD,1,1,108,94.75,5,0.3848942413642139,0,False,0
9862-KJTYK,1,19,57,25.35,4,0.25396171201061246,0,False,0
0479-HMSWA,1,5,52,105.45,0,0.4622560477356304,1,False,0
5854-KSRBJ,1,19,140,25.4,2,0.29081472495915384,0,False,0
0365-BZUWY,1,1,34,102.55,3,0.7609865434042109,0,False,0
4817-VYYWS,1,51,60,100.2,7,0.5914187105441374,0,True,1
5701-SVCWR,1,16,3,24.0,1,0.23471720930331594,0,False,0
3129-AAQOU,1,23,76,25.6,1,0.3229590859713465,0,False,0
4922-CVPDX,1,7,104,73.5,2,0.10614808461666425,0,False,0
1396-QWFBJ,1,69,63,74.05,9,0.10869093882921312,0,True,1
1357-BIJKI,1,12,200,98.25,3,0.7337283242566428,0,False,0
1099-BTKWT,1,8,136,54.4,4,0.763144110823619,0,False,0
5299-SJCZT,1,88,6,101.55,12,0.3537608311959165,0,True,1
2018-PZKMU,1,10,18,103.1,0,0.6113439009284943,1,False,0
7340-KEFQE,1,28,153,34.2,2,0.2169329995136517,2,False,0
4570-QHXHL,1,21,18,43.75,4,0.5993783324620361,0,False,0
2403-BCASL,1,78,82,111.95,4,0.6579807554213046,2,True,1
7392-YYPYJ,1,17,66,100.65,4,0.790655388569732,0,False,0
2898-LSJGD,1,36,42,55.95,6,0.6623753381614217,0,False,1
2223-GDSHL,1,5,142,116.05,1,0.20396417693075344,1,False,0
7359-PTSXY,1,49,4,45.75,9,0.671782263996257,0,True,1
9470-RTWDV,1,15,78,82.0,0,0.260393998528481,2,False,0
2176-OSJUV,1,13,142,65.15,1,0.12939285267394285,2,False,0
9348-YVOMK,1,28,8,44.8,4,0.14589848624568696,0,False,0
8104-OSKWT,1,1,24,79.8,5,0.7397564716395949,0,False,0
4521-YEEHE,1,11,36,88.85,2,0.886471666340864,2,False,0
4090-KPJIP,1,23,12,74.95,5,0.6448668042372332,0,False,0
3786-WOVKF,1,1,288,106.85,3,0.21601049846704765,0,False,0
4503-BDXBD,1,69,44,74.95,7,0.5183377674503649,0,True,1
6086-ESGRL,1,50,4,80.15,12,0.1707139252181265,0,False,1
2592-HODOV,1,18,39,19.3,1,0.2273889537327664,0,False,0
3886-CERTZ,1,51,144,109.25,5,0.6770954939940443,2,True,1
7995-ZHHNZ,1,26,168,56.1,4,0.3104274563771545,0,False,0
3824-RHKVR,1,16,34,19.7,0,0.26135483245125046,0,False,0
5816-SCGFC,1,13,21,51.3,4,0.34668913848797317,0,False,0
5989-AXPUC,1,7,136,118.6,0,0.31735747531570585,2,False,0
4979-HPRFL,1,1,112,24.15,0,0.13843018358814416,0,False,0
8590-OHDIW,1,26,152,20.3,0,0.13701668967301564,0,False,0
8015-IHCGW,1,16,288,115.5,1,0.6826491416728238,1,False,0
2332-TODQS,1,1,144,25.05,2,0.34585337183431075,0,False,0
9278-VZKCD,1,17,104,109.1,4,0.5664270521594277,0,False,0
8008-OTEZX,1,6,140,19.65,2,0.13910924043219178,0,False,0
2773-OVBPK,1,2,268,111.3,2,0.36957288720574166,2,False,0
5999-LCXAO,1,17,4,29.9,5,0.16921016721277904,0,False,0
5206-XZZQI,1,6,159,80.6,0,0.11066043238889642,1,False,0
4803-LBYPN,1,14,68,20.8,0,0.3772718574962207,0,False,0
5759-RCVCB,1,37,12,35.2,12,0.3426806862169034,0,True,1
6372-RFVNS,1,73,2,78.8,9,0.7814310486094389,0,True,1
2139-FQHLM,1,10,57,89.95,1,0.11020910720561053,1,False,0
8261-GWDBQ,1,24,120,116.05,1,0.2585293535178128,2,False,0
1093-YSWCA,1,18,44,19.55,1,0.2960908465251314,0,False,0
8938-UMKPI,1,64,94,106.4,10,0.663462324101501,0,False,1
0991-BRRFB,1,35,36,49.4,8,0.6296790572380176,0,True,1
3882-IYOIJ,1,8,180,115.25,0,0.3860047900244671,2,False,0
8749-TZYEC,1,28,216,24.8,0,0.17343431829195238,0,False,0
1755-FZQEC,1,10,78,19.9,1,0.12092047520854671,0,False,0
3115-JPJDD,1,17,118,81.25,5,0.19982987350259496,0,False,0
5600-KTXFM,1,23,4,69.95,4,0.29854146109201385,0,False,0
3871-IKPYH,1,79,3,69.1,7,0.6608557164169748,0,False,1
6319-IEJWJ,1,72,60,90.2,6,0.7184117888377397,0,False,1
9025-AOMKI,1,48,12,93.55,9,0.1332021482868202,0,True,1
6339-TBELP,1,14,213,86.4,2,0.36552683638848105,2,False,0
7964-YESJC,1,22,96,66.3,5,0.18425011087686594,0,False,0
6173-GOLSU,1,22,201,94.65,5,0.162973332298968,0,False,0
5275-SQEIZ,1,85,3,80.85,9,0.2843372430812802,0,False,1
7716-YTYHG,1,41,144,82.05,10,0.16355472233015006,0,False,1
9938-ZREHM,1,7,148,72.1,0,0.2524115478565072,1,False,0
7950-XWOVN,1,12,44,34.7,6,0.22210890896361218,0,False,0
4390-KYULV,1,53,12,20.55,6,0.16961027878855525,0,False,1
4647-MUZON,1,14,36,95.95,5,0.18761788975050342,0,False,0
9702-AIUJO,1,22,100,44.8,4,0.22822216940825893,0,False,0
8849-PRIQJ,1,19,268,109.4,0,0.6462658320181993,2,False,0
8851-RAGOV,1,23,50,71.05,2,0.2144727353114769,1,False,0
1304-NECVQ,1,66,4,78.55,9,0.6917786830130588,0,True,1
5396-IZEPB,1,7,18,19.7,0,0.15051397380770037,0,False,0
1729-VLAZJ,1,8,40,40.25,0,0.2882855761997274,1,False,0
8285-ABVLB,1,18,210,19.85,0,0.3034473326943505,0,False,0
0701-TJSEF,1,25,36,68.25,1,0.3406261138530235,1,False,0
5712-VBOXD,1,13,16,20.15,0,0.3541981525928978,0,False,0
6629-LADHQ,1,21,4,50.95,4,0.14759966304013444,0,False,0
8945-GRKHX,1,77,2,78.65,10,0.5302893801939832,0,True,1
1559-DTODC,1,10,57,25.15,4,0.28443130394398275,0,False,0
4797-MIWUM,1,21,21,20.25,1,0.3270749651748894,0,False,0
6959-UWKHF,1,47,3,42.9,9,0.5260275135104308,0,False,1
8720-RQSBJ,1,27,3,44.0,5,0.7436876965025558,0,False,0
4537-CIBHB,1,9,36,20.25,0,0.33167182918353133,0,False,0
3815-SLMEF,1,49,9,34.25,9,0.3302509324721363,1,True,1
5154-VEKBL,1,35,36,58.5,6,0.2961460498341237,1,False,1
4324-AHJKS,1,2,10,55.8,3,0.1236363087800095,0,False,0
4355-CVPVS,1,25,168,88.9,6,0.1151931580827172,0,False,0
4495-LHSSK,1,13,36,57.65,3,0.21653359301482422,0,False,0
5655-JSMZM,1,45,98,96.2,10,0.6016744328118269,0,True,1
5915-ANOEI,1,19,280,79.15,2,0.37124329955642577,2,False,0
9861-PDSZP,1,26,216,108.05,1,0.10604339942641727,2,False,0
4505-EXZHB,1,32,24,74.4,9,0.5497789486806137,0,False,1
7225-CBZPL,1,3,34,94.8,3,0.5704258897421244,0,False,0
6704-UTUKK,1,6,87,45.9,4,0.7251465298982706,0,False,0
4587-VVTOX,1,72,12,105.3,10,0.5803436762181982,0,False,1
2019-HDCZY,1,10,126,102.6,5,0.6803251902293596,0,False,0
4652-NNHNY,1,67,48,73.85,6,0.36806654233240044,0,True,1
8788-DOXSU,1,27,177,61.35,3,0.23648369524350968,0,False,0
7404-JLKQG,1,6,9,57.55,4,0.5561002626843964,0,False,0
7421-ZLUPA,1,23,32,29.25,4,0.32904898756343737,0,False,0
8972-HJWNV,1,84,28,84.55,10,0.8405745968103124,0,True,1
3274-NSDWE,1,17,136,19.6,2,0.11496650796596974,0,False,0
2632-IVXVF,1,19,204,111.75,0,0.17285478809124216,2,False,0
3692-JHONH,1,3,104,106.5,3,0.7874548025214994,0,False,0
8915-NNTRC,1,18,144,107.7,2,0.21284657156389358,2,False,0
5914-GXMDA,1,7,64,19.3,1,0.2417954195393257,0,False,0
7463-IFMQU,1,9,144,20.05,0,0.34695272274346467,0,False,0
2920-RNCEZ,1,20,2,69.95,2,0.12838586152274276,0,False,0
2541-YGPKE,1,12,126,63.7,2,0.3031852973395913,1,False,0
8515-OCTJS,1,59,100,24.75,7,0.16449531602529976,0,False,1
5382-TEMLV,1,3,135,50.9,3,0.11879542932295495,0,False,0
3441-CGZJH,1,11,129,60.4,0,0.2987493536773185,1,False,0
9592-ERDKV,1,25,111,79.25,3,0.1364236758919367,0,False,0
2860-RANUS,1,48,80,85.8,9,0.324102177640755,0,True,1
5261-QSHQM,1,61,16,24.45,10,0.541865726104598,0,False,1
4778-IZARL,1,1,252,110.1,1,0.11455360610735563,1,False,0
0432-CAJZV,1,27,9,90.7,4,0.12978923949774568,0,False,0
7008-LZVOZ,1,28,264,25.3,0,0.3523810746237721,0,False,0
8868-WOZGU,1,75,56,105.7,6,0.6103255149852962,0,False,1
1200-TUZHR,1,18,32,85.2,4,0.6534200217213924,0,False,0
9365-CSLBQ,1,12,213,24.35,0,0.247359645913758,0,False,0
1334-FJSVR,1,30,3,24.25,9,0.6741684930386718,0,True,1
5884-FBCTL,1,9,144,25.1,1,0.11113067359392911,0,False,0
7130-CTCUS,1,2,64,54.55,6,0.36945655403515953,0,False,0
6242-FEGFD,1,5,264,96.6,1,0.3875444094461191,2,False,0
7625-XCQRH,1,50,22,76.5,8,0.6823365472727783,0,True,1
6194-HBGQN,1,16,153,81.15,1,0.22378867075463704,1,False,0
7634-WSWDB,1,16,24,38.5,6,0.6900468931918036,0,False,0
6986-IXNDM,1,24,56,92.9,3,0.612787544221179,0,False,0
1731-TVIUK,1,33,16,93.5,5,0.8112014615670613,2,True,1
2987-BJXIK,1,22,280,84.7,2,0.10850108334681642,0,False,0
9769-TSBZE,1,4,280,66.0,2,0.6959633188377312,2,False,0
0406-BPDVR,1,87,216,101.5,7,0.38572871343170845,0,True,1
0618-XWMSS,1,60,84,74.9,10,0.1758413976192018,0,True,1
1395-WSWXR,1,26,72,20.75,0,0.17984644613572945,0,False,0
6023-GSSXW,1,14,207,61.45,6,0.2890368966137883,0,False,0
6752-APNJL,1,29,126,54.5,2,0.37785726499629013,0,False,0
5276-KQWHG,1,34,4,69.6,7,0.5365990626454917,0,True,1
0420-HLGXF,1,16,117,99.75,2,0.717572859890929,0,False,0
7446-KQISO,1,22,90,109.75,2,0.2989011232344642,1,False,0
9823-EALYC,1,15,216,80.85,2,0.3979141942783163,2,False,0
0582-AVCLN,1,28,152,20.3,0,0.3209376539357893,0,False,0
5803-NQJZO,1,10,288,67.8,1,0.3003401622151917,2,False,0
2565-JSLRY,1,49,4,24.05,4,0.3444709515879899,0,False,1
2607-DHDAK,1,11,144,19.8,1,0.15254209578708777,0,False,0
1073-XXCZD,1,16,165,25.7,0,0.38379568391000496,0,False,0
0743-HRVFF,1,10,153,56.15,2,0.5290512947989652,2,False,0
4006-HKYHO,1,17,126,86.7,1,0.10770111096893627,1,False,0
3727-JEZTU,1,19,2,20.4,2,0.30935705235932265,0,False,0
8143-ETQTI,1,2,46,19.65,1,0.15537862783865009,0,False,0
6689-KXGBO,1,38,2,50.55,11,0.6422649961532394,0,False,1
9667-TKTVZ,1,23,4,54.35,1,0.33851169339471326,2,False,0
3657-COGMW,1,2,208,108.1,4,0.17100977219661795,0,False,0
8570-KLJYJ,1,6,108,54.45,6,0.1260160991725634,0,False,0
7754-IXRMC,1,19,2,45.35,5,0.25024628988363995,0,False,0
9473-CBZOP,1,8,112,59.0,3,0.3670655531704873,0,False,0
2969-WGHQO,1,26,14,69.45,2,0.7682005452762354,0,False,0
6615-NGGZJ,1,73,56,100.55,11,0.45210854413081086,0,False,1
4334-HOWRP,1,3,144,64.95,2,0.3894349793555586,2,False,0
4255-DDUOU,1,40,3,20.5,5,0.17918475861621042,0,False,1
5863-OOKCL,1,14,20,18.85,1,0.20481735310691218,0,False,0
1686-STUHN,1,25,84,19.8,2,0.1447150729216394,0,False,0
1329-VHWNP,1,16,21,25.05,4,0.21334088966279383,0,False,0
2984-MIIZL,1,73,12,74.8,10,0.29069233189590404,0,False,1
0266-GMEAO,1,21,144,114.3,1,0.25182347803535055,1,False,0
5590-YRFJT,1,50,60,24.45,10,0.7283639927743755,0,False,1
5574-NXZIU,1,22,189,109.2,0,0.29239024337704655,2,False,0
0019-GFNTW,1,26,224,45.05,0,0.1790633414347913,1,False,0
4256-ZWTZI,1,18,15,51.0,0,0.26723140948504986,2,False,0
8309-PPCED,1,9,216,110.45,0,0.1192573377664629,1,False,0
4098-NAUKP,1,6,136,84.65,5,0.6371771198837994,0,False,0
5196-WPYOW,1,23,134,60.05,2,0.21689914886214057,2,False,0
4608-LCIMN,1,21,32,44.65,4,0.1295195476167483,0,False,0
1485-YDHMM,1,25,104,93.25,1,0.19223918589723452,1,False,0
4054-CUMIA,1,1,54,20.25,2,0.36942609778029556,0,False,0
0603-TPMIB,1,21,177,25.45,0,0.27581138422905677,0,False,0
2525-GVKQU,1,27,180,20.6,2,0.3709794546829154,0,False,0
8161-QYMTT,1,10,14,94.1,2,0.670083125966021,0,False,0
9581-GVBXT,1,27,177,34.8,5,0.3936725798170264,0,False,0
5862-BRIXZ,1,6,138,60.75,0,0.20800571604945714,2,False,0
5404-GGUKR,1,23,20,51.35,6,0.8070284905064472,0,False,0
3308-JSGML,1,12,236,64.05,0,0.19162092504401707,1,False,0
2126-GSEGL,1,4,280,84.8,0,0.13179716453498763,1,False,0
3677-TNKIO,1,63,28,71.0,12,0.3499169790206862,0,True,1
0440-QEXBZ,1,13,132,50.15,6,0.32877445806104794,0,False,0
2434-EEVDB,1,17,192,94.6,2,0.3461887101454911,0,False,0
6762-QVYJO,1,27,174,59.75,2,0.18990835950568363,1,False,0
6199-IWKGC,1,8,184,100.25,0,0.6289797738769836,2,False,0
2675-DHUTR,1,26,174,98.9,4,0.6614528890514615,0,False,0
8152-VETUR,1,20,216,97.7,5,0.10339346087844539,0,False,0
9667-EQRXU,1,86,90,40.3,8,0.7642693283611464,0,False,1
7446-YPODE,1,12,33,60.25,5,0.25705764611679793,0,False,0
9522-BNTHX,1,7,102,56.25,2,0.8647372059457294,0,False,0
4676-WLUHT,1,12,108,46.2,6,0.21551070847112405,0,False,0
3329-WDIOK,1,46,9,50.6,8,0.7874981940828498,0,False,1
7980-MHFLQ,1,24,144,24.9,1,0.2845171790417679,0,False,0
2873-ZLIWT,1,73,120,84.85,8,0.5952289833763308,1,False,1
3415-TAILE,1,40,4,65.7,8,0.1908428809539242,0,False,1
0757-WCUUZ,1,23,162,63.35,4,0.3475829023818223,0,False,0
1629-DQQVB,1,5,42,50.1,2,0.348638423911337,0,False,0
1915-IOFGU,1,56,3,70.5,9,0.5988603283837218,0,True,1
3045-XETSH,1,64,30,94.85,7,0.6752070671978506,0,False,1
0374-AACSZ,1,11,4,50.15,6,0.6454155421984655,0,False,0
7239-HZZCX,1,49,3,19.75,8,0.32189778834000293,0,True,1
4872-VXRIL,1,3,112,64.65,2,0.3982570470155875,1,False,0
9140-CZQZZ,1,27,272,79.6,1,0.1787488941292335,1,False,0
3423-HHXAO,1,17,56,19.5,2,0.29021573715391935,0,False,0
9938-TKDGL,1,2,204,99.55,0,0.6386190314340466,2,False,0
0531-ZZJWQ,1,24,110,74.0,4,0.665362200217057,0,False,0
6537-QLGEX,1,1,32,38.9,3,0.7004088748448878,0,False,0
2688-BHGOG,1,7,36,79.55,4,0.6158433648712853,0,False,0
7683-CBDKJ,1,76,28,65.45,9,0.6075184007490589,0,False,1
0946-CLJTI,1,68,174,98.7,9,0.7529430164860138,0,False,1
3160-TYXLT,1,19,159,46.3,4,0.2665074565609704,0,False,0
1325-USMEC,1,28,210,99.35,4,0.2348202841426201,0,False,0
0916-QOFDP,1,28,42,95.8,5,0.5547714310533531,0,False,0
0628-CNQRM,1,89,66,67.5,4,0.12785581951137537,2,False,1
5606-AMZBO,1,23,40,78.15,4,0.1836206678873661,0,False,0
6199-IPCAO,1,25,87,26.1,2,0.31567127900426567,0,False,0
7665-TOALD,1,84,3,69.6,11,0.5296059121491739,0,False,1
0112-QWPNC,1,52,196,84.35,7,0.7489725338724293,2,True,1
0324-BRPCJ,1,32,272,100.2,11,0.5103885522660048,0,False,1
2777-PHDEI,1,33,4,78.05,7,0.5875514531079232,0,True,1
5640-CAXOA,1,3,60,40.35,2,0.10339174926807682,1,False,0
2235-EZAIK,1,2,144,79.2,1,0.3019853351647196,1,False,0
3847-BAERP,1,7,30,20.9,2,0.17933635674652604,0,False,0
1196-AMORA,1,67,21,73.6,10,0.8787261652695204,0,True,1
4282-YMKNA,1,44,27,74.75,10,0.5958476323014732,0,True,1
1453-RZFON,1,26,2,49.9,4,0.20908541165980338,0,False,0
8263-OKETD,1,5,60,68.9,1,0.24084694943431292,1,False,0
0670-KDOMA,1,20,3,20.25,0,0.1957422246376579,0,False,0
2476-YGEFM,1,13,58,76.0,6,0.3452329665631487,0,False,0
8687-BAFGU,1,21,4,74.0,2,0.7311149724572303,2,False,0
0641-EVBOJ,1,29,6,82.3,2,0.10331082376249286,1,False,0
0829-XXPLX,1,20,60,89.4,4,0.29639848856841483,0,False,0
9974-JFBHQ,1,29,128,99.15,2,0.3058264839696947,2,False,0
5356-RHIPP,1,65,4,20.2,9,0.38842746297942443,0,True,1
6624-JDRDS,1,20,24,29.45,3,0.21111975918039605,0,False,0
0608-JDVEC,1,18,200,19.8,2,0.5898934533514661,0,False,0
9780-FKVVF,1,25,24,59.15,4,0.2561743208626552,0,False,0
1919-RTPQD,1,2,28,44.75,4,0.6437528625477602,0,False,0
5214-NLTIT,1,25,288,90.8,4,0.33751943968121734,0,False,0
3345-PBBFH,1,26,24,49.55,6,0.37119263237066213,0,False,0
5055-BRMNE,1,6,201,106.7,2,0.126012408290929,1,False,0
9189-JWSHV,1,44,48,93.55,9,0.6733649678878991,0,True,1
2190-PHBHR,1,25,216,94.45,4,0.37269126346644754,0,False,0
2650-GYRYL,1,3,132,19.45,0,0.37724076347930724,0,False,0
0746-JTRFU,1,62,6,25.05,10,0.7073547183777733,0,True,1
5208-FVQKB,1,1,140,67.95,0,0.32262476827122344,1,False,0
7184-LRUUR,1,19,88,65.25,3,0.10446903250072688,0,False,0
6627-CFOSN,1,5,177,99.45,6,0.3760574867469486,0,False,0
3982-JGSFD,1,13,108,20.35,2,0.20545156414263302,0,False,0
1574-DYCWE,1,19,102,19.95,0,0.1123365689852177,0,False,0
7247-XOZPB,1,12,212,77.4,0,0.2238937930319554,2,False,0
2466-FCCPT,1,16,40,19.7,1,0.3198557899811648,0,False,0
6211-WWLTF,1,25,252,99.7,5,0.2325865604875289,0,False,0
4826-TZEVA,1,25,160,74.8,4,0.32740332684164974,0,False,0
6016-NXBNJ,1,19,105,19.15,0,0.25282282807337075,0,False,0
9138-EFSMO,1,3,52,78.95,5,0.18982814443808563,0,False,0
0576-WNXXC,1,65,54,95.55,7,0.5835034953213797,0,True,1
4632-XJMEX,1,5,106,62.85,0,0.2263309886061077,2,False,0
8910-LEDAG,1,2,136,71.55,2,0.11074103551418056,0,False,0
3452-GWUIN,1,22,38,94.95,2,0.5626420261218947,0,False,0
2716-GFZOR,1,7,172,86.1,5,0.12058602902938731,0,False,0
3724-UCSHY,1,13,12,19.55,2,0.3631014123222397,0,False,0
8626-XHBIE,1,25,112,24.8,0,0.2726443095542538,0,False,0
4628-CTTLA,1,88,171,39.3,8,0.6838812060514483,0,True,1
3192-LNKRK,1,22,68,84.05,6,0.1866591971330831,0,False,0
4439-YRNVD,1,3,30,36.25,1,0.6561490898439507,2,False,0
2876-VBBBL,1,54,3,20.25,8,0.31237157475202204,0,True,1
6834-NXDCA,1,69,52,23.9,9,0.689384786778201,0,True,1
2208-UGTGR,1,20,112,98.6,3,0.5878799611675029,0,False,0
3005-TYFRD,1,5,110,103.65,5,0.17159241493050126,0,False,0
8670-MEFCP,1,24,72,92.9,0,0.38397273594106307,2,False,0
3079-BCHLN,1,8,141,19.9,0,0.19125322765946434,0,False,0
7777-UNYHB,1,22,24,20.1,0,0.10774945309581452,0,False,0
5597-GLBUC,1,51,4,85.45,10,0.4995167461279493,0,True,1
7278-CKDNC,1,8,96,80.5,2,0.7787013786480069,0,False,0
2748-MYRVK,1,86,126,99.9,8,0.32714670536965157,0,False,1
8450-UYIBU,1,18,105,39.85,4,0.6772220808247451,0,False,0
2969-VAPYH,1,20,268,60.5,1,0.14596023293333188,2,False,0
4822-YCXMX,1,80,100,84.8,12,0.647255664073976,0,False,1
7181-OQCUT,1,16,63,103.85,5,0.19956659656613962,0,False,0
8474-UMLNT,1,18,52,67.8,2,0.21219050436915282,1,False,0
9821-POOTN,1,48,105,75.2,11,0.4924453876581146,0,True,1
3836-FZSDJ,1,12,284,24.85,2,0.11885737381283754,0,False,0
9142-XMYJH,1,13,87,19.35,1,0.3373477830526601,0,False,0
6559-ILWKJ,1,49,284,49.35,10,0.7818959167342796,0,True,1
0187-QSXOE,1,10,14,89.0,6,0.7258411353342648,0,False,0
7733-UDMTP,1,7,228,55.0,3,0.5541199322156257,0,False,0
2649-HWLYB,1,25,260,76.15,1,0.39549599173153105,2,False,0
5214-CHIWJ,1,14,54,20.3,1,0.3887574728213816,0,False,0
4229-CZMLL,1,88,12,74.9,7,0.6174605854673619,0,False,1
6904-JLBGY,1,16,144,117.35,0,0.21609307706037736,2,False,0
2465-BLLEU,1,15,2,19.75,0,0.3258128238912279,0,False,0
1685-VAYJF,1,12,33,45.2,4,0.3329810385933327,0,False,0
8874-EJNSR,1,9,117,25.2,2,0.37320974087206715,0,False,0
6917-YACBP,1,8,236,89.75,3,0.7259542591748194,0,False,0
5049-MUBWG,1,18,104,75.0,2,0.24253629307396213,2,False,0
4223-WOZCM,1,23,8,49.95,3,0.2132954648963958,0,False,0
0769-MURVM,1,18,216,65.7,2,0.2257535654191067,1,False,0
9253-VIFJQ,1,13,260,67.05,4,0.35512154531720275,0,False,0
7030-FZTFM,1,28,288,110.9,2,0.3940026530822184,2,False,0
9741-YLNTD,1,27,18,87.95,0,0.11557275547598951,2,False,0
5917-RYRMG,1,18,128,19.8,0,0.2740733989121322,0,False,0
5120-ZBLAI,1,15,150,75.7,4,0.2560161916183026,0,False,0
1194-BHJYC,1,4,183,62.15,1,0.21284268245441512,1,False,0
3663-MITLP,1,59,30,101.25,10,0.6673720318234924,0,False,1
0906-QVPMS,1,5,144,115.15,0,0.2727229050684763,2,False,0
9025-ZRPVR,1,62,27,18.95,4,0.1939348186700584,0,True,1
1905-OEILC,1,16,3,19.5,2,0.2332312115011301,0,False,0
7858-GTZSP,1,9,24,86.55,4,0.6505969466758122,0,False,0
3285-UCQVC,1,54,148,28.6,6,0.22902568231483353,1,False,1
6248-BSHKG,1,24,244,20.4,2,0.1213797371031864,0,False,0
4685-TFLLS,1,18,72,19.8,0,0.13357474486507653,0,False,0
3470-BTGQO,1,17,63,45.65,5,0.28710750499108295,0,False,0
1209-VFFOC,1,18,136,56.4,2,0.30522051321893157,1,False,0
8224-DWCKX,1,7,48,73.3,5,0.2909861245800894,0,False,0
5482-PLVPE,1,88,4,24.35,8,0.7101100850277009,0,True,1
4553-DVPZG,1,26,124,101.35,4,0.7291513598321849,0,False,0
4902-OHLSK,1,59,87,98.65,7,0.6778589754074344,1,True,1
6917-IAYHD,1,28,4,33.6,2,0.22555287381137307,1,False,0
0495-ZBNGW,1,33,10,79.9,9,0.16526294107638262,0,True,1
8620-RJPZN,1,16,3,20.7,1,0.6612164666061201,0,False,0
7572-KPVKK,1,3,186,104.05,1,0.7684699149226765,2,False,0
2642-MAWLJ,1,26,108,20.25,0,0.35686250033727007,0,False,0
2357-COQEK,1,37,112,103.3,4,0.6857278272938375,1,True,1
7103-ZGVNT,1,29,276,73.7,0,0.26290393143072033,1,False,0
3737-GCSPV,1,70,33,96.2,4,0.2805635078680104,2,True,1
2027-WKXMW,1,21,252,108.75,1,0.6655615753917183,1,False,0
7137-NAXML,1,14,92,20.15,1,0.39148825339888904,0,False,0
2428-ZMCTB,1,15,20,19.75,0,0.3448274356766682,0,False,0
2961-VNFKL,1,17,213,25.95,0,0.3343831646203447,0,False,0
1768-HNVGJ,1,1,135,70.05,1,0.7113754022606563,2,False,0
6963-KQYQB,1,25,280,24.05,0,0.19954283727086242,0,False,0
5934-RMPOV,1,21,66,84.75,3,0.42806814373508256,0,False,0
1207-BLKSA,1,17,156,23.05,1,0.11302900730791597,0,False,0
4088-YLDSU,1,77,165,104.15,7,0.5460769375241099,1,True,1
8316-BBQAY,1,25,260,59.95,2,0.39414303003331763,1,False,0
1166-PQLGG,1,11,288,19.55,1,0.13434470154036715,0,False,0
3146-JTQHR,1,17,40,19.6,1,0.14263565589274244,0,False,0
4291-YZODP,1,26,14,20.05,1,0.24524499623743004,0,False,0
4395-PZMSN,1,14,15,85.55,6,0.6439905299117497,0,False,0
6427-FEFIG,1,29,48,78.6,4,0.3759921301855208,0,False,0
0017-IUDMW,1,20,288,116.8,1,0.12205981950187693,1,False,0
8706-HRADD,1,19,42,43.55,1,0.3871717495470096,2,False,0
9955-QOPOY,1,21,207,60.8,2,0.16491707150230267,1,False,0
4385-ZKVNW,1,7,132,54.9,2,0.39104614279145,1,False,0
5446-DKWYW,1,24,244,65.2,6,0.5846836729902436,0,False,0
2034-CGRHZ,1,66,96,102.95,7,0.29560382377930905,0,True,1
5797-APWZC,1,32,2,90.6,11,0.5278542117623753,0,False,1
3683-QKIUE,1,73,24,50.8,5,0.2835471853298786,2,True,1
4228-ZGYUW,1,62,8,90.05,10,0.6807716698940863,0,True,1
9031-ZVQPT,1,1,216,108.2,1,0.5941952999074156,1,False,0
2990-IAJSV,1,7,216,92.0,1,0.1102685275545112,1,False,0
8107-KNCIM,1,8,42,75.1,6,0.700546006939659,0,False,0
9027-YFHQJ,1,18,21,25.05,1,0.23726713146784464,0,False,0
5176-LDKUH,1,9,144,75.15,4,0.7669076668482067,0,False,0
4644-OBGFZ,1,1,110,19.5,0,0.31896928504500066,0,False,0
7926-IJOOU,1,29,3,19.3,1,0.21189049239021562,0,False,0
6480-YAGIY,1,22,90,112.2,0,0.14525260139755897,1,False,0
4029-HPFVY,1,17,9,70.3,4,0.3934455199150636,0,False,0
7602-DBTOU,1,19,142,19.6,2,0.27534887712951617,0,False,0
5345-BMKWB,1,27,16,20.25,1,0.15770698701054997,0,False,0
3519-ZKXGG,1,74,6,75.85,9,0.6601288372899369,0,False,1
5457-COLHT,1,3,276,80.65,2,0.12761455294910137,1,False,0
6416-TVAIH,1,76,2,68.5,7,0.675781451469784,0,True,1
5451-YHYPW,1,5,144,115.75,1,0.1270412041766017,1,False,0
5108-ADXWO,1,41,33,73.5,8,0.6030254854125563,0,True,1
7998-WNZEM,1,20,142,80.6,2,0.12742924162821262,1,False,0
3066-RRJIO,1,41,2,69.95,8,0.13113616505483974,0,True,1
4664-NJCMS,1,4,132,59.55,1,0.25715024609775483,2,False,0
0307-BCOPK,1,10,48,19.05,0,0.3060969407678177,0,False,0
7629-WFGLW,1,10,224,95.65,2,0.742861369949904,1,False,0
2542-HYGIQ,1,24,4,19.95,0,0.30851658688062805,0,False,0
6715-OFDBP,1,48,20,70.05,8,0.6681862959922973,0,True,1
5016-LIPDW,1,11,114,19.4,1,0.267186336114116,0,False,0
6481-LXPWL,1,27,224,36.1,6,0.37829922232846924,0,False,0
1567-DSCIC,1,58,32,94.0,10,0.5292294036311542,0,True,1
2150-UWTFY,1,51,66,61.15,9,0.1757213107084371,0,False,1
6124-ACRHJ,1,29,3,19.75,2,0.25579580666827617,0,False,0
9362-MWODR,1,29,120,64.1,0,0.18920056355262943,1,False,0
9975-GPKZU,1,17,138,19.75,1,0.17854511558856279,0,False,0
9625-RZFUK,1,16,252,19.7,0,0.33364099037597894,0,False,0
5153-LXKDT,1,7,204,110.2,4,0.712728426182111,0,False,0
5161-UBZXI,1,16,138,106.35,1,0.25069500482468554,1,False,0
1020-JPQOW,1,3,224,90.55,0,0.6636120326104002,1,False,0
7919-ZODZZ,1,26,30,65.9,3,0.15612682785917237,0,False,0
0565-JUPYD,1,16,252,104.5,1,0.2642929039107544,2,False,0
6867-ACCZI,1,8,72,52.5,2,0.2908599828116998,1,False,0
5939-XAIXZ,1,12,76,56.1,3,0.24719925034503162,0,False,0
9054-FOWNV,1,3,66,88.75,6,0.4808155707052402,0,False,0
2683-BPJSO,1,57,58,84.45,8,0.767409208872122,0,True,1
2157-MXBJS,1,33,39,75.3,9,0.35172345315684983,0,False,1
8207-VVMYB,1,18,280,26.0,0,0.2905678764944377,0,False,0
9732-EQMWY,1,11,196,99.4,2,0.5281811121262685,0,False,0
9360-AHGNL,1,74,86,109.55,5,0.1223657319545629,1,False,1
1087-UDSIH,1,32,12,19.6,7,0.1904811724523437,0,False,1
5269-NRGDP,1,17,84,73.15,0,0.6022242014391984,1,False,0
6195-MELTI,1,9,228,54.65,1,0.3517657031358802,1,False,0
5485-WUYWF,1,31,8,66.4,7,0.3109181320210628,0,True,1
2121-JAFOM,1,24,144,115.55,2,0.2691065983001888,2,False,0
8818-DOPVL,1,27,184,104.45,5,0.8656274673190515,0,False,0
2632-UCGVD,1,56,264,100.05,7,0.13302804993102135,1,True,1
5445-PZWGX,1,84,124,102.0,7,0.7456131468427809,1,True,1
1227-UDMZR,1,2,216,91.15,1,0.1439896620799525,2,False,0
5198-HQAEN,1,9,70,89.7,0,0.5826354638851751,2,False,0
9170-CCKOU,1,37,68,90.2,9,0.13987135221140967,0,True,1
2167-FQSTQ,1,21,216,92.4,2,0.8210008046294371,1,False,0
2819-GWENI,1,29,84,19.9,0,0.23213001539741174,0,False,0
1043-YCUTE,1,35,168,25.15,8,0.11469870886685059,0,False,1
3814-MLAXC,1,51,62,79.85,3,0.2750903944764501,1,False,1
3572-UUHRS,1,20,135,18.85,2,0.15991421983976936,0,False,0
2692-PFYTJ,1,6,3,25.75,2,0.10205092307793007,0,False,0
1226-UDFZR,1,46,6,49.6,12,0.3275157383332029,0,True,1
5955-EPOAZ,1,1,24,20.95,0,0.14645892367595925,0,False,0
6821-JPCDC,1,23,96,97.05,4,0.746278034815237,0,False,0
8815-LMFLX,1,1,50,25.4,2,0.2778399606359718,0,False,0
9135-HSWOC,1,5,256,19.7,0,0.12609874676219207,0,False,0
8582-KRHPJ,1,6,150,35.0,4,0.16534732860164886,0,False,0
5811-IWXYM,1,13,208,101.25,6,0.28325339117795323,0,False,0
7044-YAACC,1,2,16,70.2,6,0.6663669985180659,0,False,0
8189-XRIKE,1,15,96,90.95,5,0.6418906230000094,0,False,0
1506-YJTYT,1,15,135,73.85,1,0.33985361397891106,1,False,0
4123-DVHPH,1,13,18,88.05,6,0.6534875933257598,0,False,0
6425-YQLLO,1,58,198,105.95,7,0.3093960411949188,2,True,1
5442-UTCVD,1,74,12,91.85,8,0.8250415656167692,0,False,1
2228-BZDEE,1,14,216,20.1,0,0.15980820747336888,0,False,0
7734-DBOAI,1,64,3,40.1,7,0.4770221286029518,2,True,1
2789-CZANW,1,22,128,110.3,2,0.3398048548760292,1,False,0
2091-RFFBA,1,43,124,73.9,7,0.6108628278308876,0,False,1
2114-MGINA,1,64,42,89.8,7,0.25365472393373445,0,False,1
7596-LDUXP,1,26,24,85.15,5,0.32318564461586374,0,False,0
3740-RLMVT,1,24,134,60.95,2,0.21877970778830436,1,False,0
4489-SNOJF,1,49,140,72.25,5,0.4899966120678125,2,False,1
2192-OZITF,1,29,180,73.55,0,0.30383716053618753,1,False,0
5651-CPDND,1,10,20,46.0,3,0.34514781605438727,0,False,0
2186-QZEYA,1,17,58,58.55,5,0.10383918507426076,0,False,0
1131-ALZWV,1,14,48,24.6,2,0.2687656348593235,0,False,0
7729-XBTWX,1,8,198,19.75,2,0.24082152771926912,0,False,0
9134-WYRVP,1,4,204,86.35,4,0.17787880195818728,0,False,0
3284-SVCRO,1,26,90,25.5,1,0.14830857013597848,0,False,0
9732-OUYRN,1,16,196,19.0,2,0.1564111933873331,0,False,0
0559-CKHUS,1,24,116,19.55,0,0.31749195526741336,0,False,0
2931-SVLTV,1,13,160,110.1,2,0.26085854024308597,1,False,0
6899-PPEEA,1,89,74,96.55,8,0.7385091759018863,0,True,1
7504-UWHNB,1,27,75,69.75,4,0.6513678134885472,0,False,0
2582-FFFZR,1,25,44,50.6,2,0.8844162661706336,0,False,0
8908-NMQTX,1,27,288,65.6,1,0.2545328678015121,1,False,0
2187-LZGPL,1,50,14,40.1,10,0.1438079132946993,0,True,1
1431-AIDJQ,1,18,66,82.1,2,0.14445371280978797,1,False,0
6288-LBEAR,1,14,92,79.1,1,0.28257039714704735,1,False,0
4597-NUCQV,1,71,96,101.25,7,0.8422697385436966,0,True,1
9019-QVLZD,1,72,2,79.55,11,0.6795308032603038,0,False,1
8413-YNHNV,1,26,138,90.65,0,0.29668820279068,2,False,0
5808-TOTXO,1,9,6,20.55,0,0.15163241874647165,0,False,0
4369-NYSCF,1,28,112,75.75,2,0.13250200173128168,1,False,0
6333-YDVLT,1,3,195,110.0,1,0.10007440711254327,2,False,0
5324-KTGCG,1,8,142,20.85,0,0.5722053544033762,0,False,0
5599-HVLTW,1,20,42,80.35,6,0.3299099822450152,0,False,0
7394-LWLYN,1,22,8,70.15,3,0.766245544315259,0,False,0
3707-LRWZD,1,46,96,84.05,8,0.6138638666369371,0,False,1
6873-UDNLD,1,22,160,67.45,4,0.6470096317134779,0,False,0
2700-LUEVA,1,19,3,20.75,2,0.15965462968239433,0,False,0
1455-ESIQH,1,80,4,89.1,11,0.5840184455328103,0,True,1
0958-YHXGP,1,28,14,69.9,4,0.16724742831766082,0,False,0
1101-SSWAG,1,3,45,51.1,4,0.5561503269149469,0,False,0
2979-SXESE,1,84,51,94.4,9,0.6208757717283888,0,True,1
4013-TLDHQ,1,70,76,78.25,9,0.5447284652945646,0,False,1
5743-KHMNA,1,17,284,25.55,0,0.22164091461648705,0,False,0
4194-FJARJ,1,16,162,60.0,0,0.19283992416794876,1,False,0
5325-UWTWJ,1,7,124,90.55,2,0.2544175856931601,2,False,0
3969-GYXEL,1,4,22,76.4,2,0.546397096158909,0,False,0
9208-OLGAQ,1,23,54,84.95,6,0.8820850663090632,0,False,0
3244-CQPHU,1,19,144,110.1,2,0.3422051362993795,1,False,0
2674-MLXMN,1,12,213,99.65,2,0.37929320378287656,0,False,0
9708-HPXWZ,1,15,10,45.4,0,0.267228083863811,1,False,0
6992-TKNYO,1,11,114,69.0,0,0.30350188861639227,2,False,0
4468-YDOVK,1,5,20,48.65,2,0.15000291253035833,2,False,0
3754-DXMRT,1,69,6,44.15,12,0.8250550695116292,0,True,1
5792-JALQC,1,15,104,59.85,3,0.17079133334958202,0,False,0
7130-VTEWQ,1,48,24,75.75,8,0.5916130301057587,0,False,1
2200-DSAAL,1,18,136,80.65,3,0.6103839824430927,0,False,0
4302-ZYFEL,1,11,138,20.55,0,0.24166907488058964,0,False,0
9351-LZYGF,1,26,84,66.4,1,0.18603677788880513,2,False,0
4366-CTOUZ,1,12,200,100.2,1,0.39601815179085664,1,False,0
6121-VZNQB,1,74,3,19.1,5,0.17495029060474393,0,False,1
7903-CMPEY,1,41,2,80.3,11,0.7992546024629771,0,True,1
1518-OMDIK,1,15,132,44.55,3,0.19493163073939834,0,False,0
6671-NGWON,1,20,14,20.35,1,0.3247380556937237,0,False,0
0595-ITUDF,1,4,192,91.8,2,0.6823766891052994,0,False,0
6996-KNSML,1,55,4,74.9,9,0.7566588269845944,0,True,1
1955-IBMMB,1,18,118,20.2,0,0.22504748303623043,0,False,0
0096-BXERS,1,6,12,50.35,5,0.7315181661627549,0,False,0
3806-YAZOV,1,23,6,18.8,0,0.22218350506505757,0,False,0
7998-ZLXWN,1,27,45,20.45,2,0.264430070298196,0,False,0
6253-WRFHY,1,26,52,64.75,3,0.6188284758683543,0,False,0
9133-AYJZG,1,19,92,98.7,5,0.18020656601113721,0,False,0
2675-OTVVJ,1,11,124,89.45,5,0.6051782831274151,0,False,0
8680-CGLTP,1,28,58,58.75,0,0.48090246169909595,1,False,0
8430-TWCBX,1,24,196,20.7,2,0.3556476980184353,0,False,0
5018-GWURO,1,2,112,85.6,5,0.32679494329019043,0,False,0
6741-QRLUP,1,27,189,80.3,2,0.15505913599087673,2,False,0
4737-HOBAX,1,8,252,79.8,2,0.20861453500256763,1,False,0
0537-QYZZN,1,29,48,79.85,5,0.5999350105257001,0,False,0
3340-QBBFM,1,11,144,54.1,0,0.20031360760002642,2,False,0
1704-NRWYE,1,76,36,80.85,8,0.6434480544312244,0,False,1
2592-SEIFQ,1,49,9,24.75,9,0.6937913712047515,0,False,1
8200-KLNYW,1,23,84,80.9,2,0.3301476190423587,2,False,0
3372-CDXFJ,1,18,39,24.5,1,0.371239015280306,0,False,0
4781-ZXYGU,1,14,4,20.15,0,0.2785453767701138,0,False,0
7632-YUTXB,1,22,100,20.05,0,0.28436029870841634,0,False,0
2718-YSKCS,1,10,284,19.6,1,0.31658023589416984,0,False,0
9896-UYMIE,1,3,264,114.3,2,0.3043697783952032,1,False,0
0853-NWIFK,1,9,180,100.3,4,0.7997905219231612,0,False,0
8212-CRQXP,1,3,88,80.0,3,0.3310594617533635,0,False,0
6980-CDGFC,1,11,201,20.85,0,0.13613758494364256,0,False,0
7691-XVTZH,1,12,204,89.95,6,0.3785075846343361,0,False,0
7481-ATQQS,1,76,98,90.85,9,0.3049297870903608,0,True,1
2277-VWCNI,1,3,16,48.75,3,0.13814377774790615,0,False,0
1088-CNNKB,1,21,189,80.0,2,0.33159212071477984,2,False,0
8642-GVWRF,1,49,8,79.7,7,0.2075237589217614,0,True,1
1930-BZLHI,1,14,84,20.35,2,0.34179337361095097,0,False,0
3400-ESFUW,1,62,165,57.55,6,0.38662178289706517,1,False,1
5868-YTYKS,1,28,4,20.25,1,0.17657261083267894,0,False,0
3525-DVKFN,1,11,51,19.4,2,0.3572233138254728,0,False,0
1482-OXZSY,1,7,90,100.4,6,0.33206841104318163,0,False,0
0377-JBKKT,1,25,44,57.95,0,0.3013554700601402,1,False,0
5778-BVOFB,1,21,18,59.5,0,0.2154761633682741,2,False,0
3373-YZZYM,1,10,2,19.2,1,0.132958628633338,0,False,0
2057-ZBLPD,1,31,42,86.5,10,0.6277567059856431,0,True,1
0228-MAUWC,1,15,76,59.55,2,0.4380794065863032,1,False,0
5502-RLUYV,1,70,276,103.95,12,0.7353622356046097,0,True,1
0023-HGHWL,1,39,2,25.1,7,0.7903936754503632,0,True,1
7663-YJHSN,1,22,216,103.95,1,0.39929144032028896,1,False,0
4915-BFSXL,1,21,210,68.95,2,0.1594026134479327,0,False,0
3086-RUCRN,1,28,198,103.1,2,0.16235741270410675,1,False,0
5215-LNLDJ,1,20,21,24.7,4,0.664950195032354,0,False,0
7576-JMYWV,1,12,184,110.2,0,0.6655970786624471,2,False,0
9039-RBEEE,1,43,117,48.95,5,0.3747413788095646,2,False,1
0257-KXZGU,1,23,96,62.45,2,0.33069887127436437,0,False,0
1307-ATKGB,1,13,48,89.55,4,0.6810819158258699,0,False,0
8417-FMLZI,1,83,18,83.55,9,0.13058611259639705,0,True,1
3714-XPXBW,1,4,148,78.9,1,0.11076266955222702,2,False,0
1850-AKQEP,1,28,24,20.35,2,0.19502884589795844,0,False,0
2824-DXNKN,1,14,216,71.45,5,0.1651895082546861,0,False,0
5227-JSCFE,1,8,284,46.35,2,0.313692665778554,2,False,0
0848-ZGQIJ,1,9,32,94.65,3,0.23522011724981515,0,False,0
3621-CHYVB,1,25,228,49.9,0,0.25694391238867575,2,False,0
8042-RNLKO,1,19,132,25.45,1,0.34412244486156973,0,False,0
1792-UXAFY,1,56,51,89.15,10,0.6432801408043505,0,False,1
5372-FBKBN,1,5,42,20.75,2,0.26347789624161977,0,False,0
0420-TXVSG,1,21,132,66.1,4,0.3526960799224067,0,False,0
6217-TOWGS,1,26,34,75.4,3,0.22940074279225386,0,False,0
0515-YPMCW,1,67,3,70.45,8,0.12493801237407971,0,True,1
0378-XSZPU,1,32,116,60.3,7,0.2565115628778948,0,True,1
1045-LTCYT,1,8,16,21.05,2,0.2738085052698543,0,False,0
1544-JJMYL,1,19,81,69.35,0,0.2535390412938979,2,False,0
4636-JGAAI,1,17,136,88.85,4,0.17741485516543526,0,False,0
6874-SGLHU,1,17,120,97.0,5,0.1671070204756384,0,False,0
5951-AOFIH,1,11,132,66.4,5,0.21092691157955248,0,False,0
4729-XKASR,1,70,3,24.75,9,0.6233769674045845,0,False,1
3059-NGMXB,1,6,42,69.2,6,0.2998071037821505,0,False,0
8652-YHIYU,1,22,64,79.5,1,0.2844024703838933,1,False,0
5278-PNYOX,1,14,98,100.65,2,0.28971868470363515,2,False,0
5449-FIBXJ,1,30,76,103.3,5,0.5024985459139997,2,False,1
3486-HOOGQ,1,12,210,79.7,1,0.17395870426116522,1,False,0
5061-PBXFW,1,4,64,61.4,2,0.3362170777356251,2,False,0
8630-FJLIB,1,12,36,69.8,3,0.6477171403012815,0,False,0
3891-NLXJB,1,13,111,40.55,2,0.3625539547502624,1,False,0
4749-OJKQU,1,2,8,75.65,4,0.5272574765911391,0,False,0
0577-WHMEV,1,2,64,90.7,4,0.6375782195712865,0,False,0
5453-AXEPF,1,15,51,80.5,5,0.3216333117791241,0,False,0
3639-XJHKQ,1,23,57,60.6,4,0.7930665500947885,0,False,0
3716-LRGXK,1,29,180,101.15,4,0.3968895438537088,0,False,0
2263-SFSQZ,1,17,153,24.95,0,0.3997526237434842,0,False,0
9950-MTGYX,1,7,56,20.3,1,0.367157944919442,0,False,0
3397-AVTKU,1,28,129,60.0,5,0.6958330135698534,0,False,0
4825-FUREZ,1,14,126,20.25,2,0.45917120072600937,0,False,0
9837-BMCLM,1,57,6,78.5,9,0.7842982567445795,0,True,1
2672-OJQZP,1,17,3,44.75,3,0.17157985484108237,0,False,0
0137-UDEUO,1,83,6,19.85,3,0.11715014419307312,0,False,1
3134-DSHVC,1,6,126,98.0,3,0.3091553286835409,0,False,0
6161-UUUTA,1,47,9,79.9,6,0.63492158084708,0,False,1
7821-DPRQE,1,24,272,107.7,2,0.6901109250168572,1,False,0
6543-XRMYR,1,64,90,99.7,7,0.6151603205343302,0,False,1
2001-EWBQU,1,27,240,104.7,6,0.5787199822087643,0,False,0
4925-LMHOK,1,84,30,58.6,7,0.38048428809872425,2,False,1
1608-GMEWB,1,24,180,93.9,4,0.31888328979308267,0,False,0
6695-AMZUF,1,5,210,86.45,0,0.2514052700498008,2,False,0
1455-UGQVH,1,67,30,98.5,10,0.5892623989547014,0,False,1
8410-BGQXN,1,24,16,19.4,1,0.378305079503907,0,False,0
8280-MQRQN,1,59,3,50.45,8,0.21813475668090326,0,True,1
1619-YWUBB,1,2,272,24.95,1,0.13055311464582708,0,False,0
7611-YKYTC,1,8,44,75.0,4,0.19774787251092144,0,False,0
2037-SGXHH,1,63,152,94.65,7,0.5770473771745475,0,True,1
3178-FESZO,1,61,4,100.25,10,0.1818891609581465,0,False,1
0365-GXEZS,1,11,72,78.2,2,0.6488210398444604,1,False,0
0082-OQIQY,1,22,116,94.2,0,0.5668821929184567,1,False,0
6087-MVHJH,1,57,32,88.45,8,0.6204008754677224,0,True,1
4603-JANFB,1,73,2,69.85,9,0.47082445655768457,0,True,1
3018-TFTSU,1,44,24,81.7,5,0.3754468250269418,0,True,1
3606-SBKRY,1,18,124,50.05,5,0.6659619242456196,0,False,0
4806-KEXQR,1,52,8,79.9,8,0.6602165793228039,0,True,1
0667-NSRGI,1,12,144,69.55,0,0.210075373750132,2,False,0
7083-YNSKY,1,40,30,25.4,8,0.24801495142270755,0,True,1
6893-ODYYE,1,11,200,90.1,1,0.3019390100688115,2,False,0
8242-JSVBO,1,28,21,44.65,6,0.27465396695313105,0,False,0
2479-BRAMR,1,87,164,83.75,10,0.3798094373688825,0,False,1
9541-ZPSEA,1,28,204,80.35,3,0.28772464797169284,0,False,0
2665-NPTGL,1,7,104,98.1,5,0.3732375938814825,0,False,0
1139-WUOAH,1,23,228,53.35,0,0.10162904774936961,1,False,0
4693-VWVBO,1,21,9,19.55,0,0.6796975651849427,0,False,0
7434-SHXLS,1,89,2,20.9,9,0.31643757638981335,0,True,1
6937-GCDGQ,1,11,57,48.95,5,0.1516580362336258,0,False,0
0988-JRWWP,1,22,9,54.2,5,0.6006180027297534,0,False,0
5075-JSDKI,1,10,177,24.45,0,0.5701202170335244,0,False,0
7908-QCBCA,1,63,3,69.4,10,0.13748144660516287,0,False,1
8644-XYTSV,1,20,126,40.15,4,0.33561048073361377,0,False,0
6711-FLDFB,1,57,28,74.9,8,0.8284211558626724,0,True,1
3873-WOSBC,1,10,268,25.6,0,0.19028469659652453,0,False,0
7465-ZZRVX,1,28,2,70.35,4,0.47323410778889763,0,False,0
7975-JMZNT,1,27,132,91.7,0,0.39665423777007236,1,False,0
7251-XFOIL,1,18,183,89.2,4,0.17521866377329748,0,False,0
4116-IQRFR,1,14,8,24.1,1,0.12026759539520353,0,False,0
3714-JTVOV,1,30,84,74.15,8,0.19898948781506676,0,False,1
8259-DZLIZ,1,28,192,53.85,4,0.39070097865228803,0,False,0
0442-ZXKVS,1,24,216,115.6,1,0.33787828382559854,2,False,0
7853-WNZSY,1,8,4,19.75,0,0.24409992394304306,0,False,0
3120-FAZKD,1,10,108,24.05,0,0.1915991265177041,0,False,0
8606-OEGQZ,1,22,72,25.3,2,0.22699182956424063,0,False,0
0225-ZORZP,1,13,12,84.3,4,0.5035446369267773,0,False,0
4702-IOQDC,1,89,2,70.1,10,0.6279047975327334,0,False,1
9489-JMTTN,1,8,216,89.75,2,0.12989328146555296,1,False,0
0575-CUQOV,1,4,120,97.95,4,0.6681948482990063,0,False,0
0967-BMLBD,1,27,22,20.0,0,0.26975351585877094,0,False,0
6178-KFNHS,1,72,24,78.3,6,0.5996153482091678,0,False,1
2830-LEWOA,1,5,183,103.9,2,0.3939635877932295,2,False,0
5006-MXVRN,1,1,117,20.7,0,0.19064171130666602,0,False,0
1264-BYWMS,1,56,165,96.8,7,0.43816773770270373,0,False,1
9658-WYUFB,1,40,51,94.4,9,0.8226341809918671,0,False,1
8327-WKMIE,1,8,74,20.15,2,0.14558578121540358,0,False,0
6917-FIJHC,1,7,288,26.0,0,0.10748654086734656,0,False,0
5329-KRDTM,1,15,144,77.35,2,0.24840720387786921,1,False,0
7797-EJMDP,1,26,24,66.05,0,0.13897509573927203,2,False,0
3530-VWVGU,1,25,88,19.9,1,0.39472691990616426,0,False,0
2013-SGDXK,1,63,2,84.3,11,0.593221215150263,0,False,1
6368-NWMCE,1,2,152,68.15,2,0.1153592032565896,2,False,0
3633-CDBUW,1,7,51,80.85,2,0.8446332732703319,1,False,0
0707-HOVVN,1,8,280,75.5,1,0.17192550881140778,1,False,0
8580-QVLOC,1,41,288,92.45,5,0.37347902601518335,2,False,1
3956-MGXOG,1,7,84,80.6,3,0.5706135614679171,0,False,0
9274-UARKJ,1,7,60,83.2,4,0.12093479540812173,0,False,0
4077-HWUYD,1,28,144,87.55,1,0.10317753971246069,1,False,0
2012-NWRPA,1,33,44,99.55,9,0.5833010802191791,0,False,1
8808-ELEHO,1,78,16,81.25,9,0.6654194424031986,0,True,1
0103-CSITQ,1,18,228,109.4,1,0.10030483327782097,2,False,0
3506-LCJDC,1,79,4,19.95,7,0.2743321607631683,0,False,1
8671-KKKOS,1,4,138,45.55,5,0.690508834939312,0,False,0
7305-ZWMAJ,1,10,90,20.7,1,0.21704605880872346,0,False,0
9518-XXBXE,1,18,20,75.3,3,0.6488107638094807,0,False,0
3934-HXCFZ,1,53,69,99.25,7,0.6543636393706505,0,False,1
6578-KRMAW,1,16,96,93.4,2,0.16903678659044316,0,False,0
4860-IJUDE,1,25,39,73.75,3,0.14044662584694118,0,False,0
7666-WKRON,1,40,117,80.45,8,0.678960554612942,1,False,1
9688-YGXVR,1,6,132,88.15,3,0.21716649490916576,0,False,0
0423-UDIJQ,1,28,18,49.2,1,0.12307910506629756,1,False,0
1945-XISKS,1,5,134,19.65,1,0.16909682636989945,0,False,0
4910-AQFFX,1,56,27,79.35,10,0.19298288446024506,0,False,1
2154-KVJFF,1,75,45,79.75,9,0.6728278236394756,0,False,1
5360-LJCNJ,1,15,142,105.15,2,0.10667664835880475,0,False,0
2607-FBDFF,1,10,4,49.0,2,0.24347484654343432,2,False,0
9647-ERGBE,1,56,60,100.05,9,0.5782697573252851,0,True,1
3428-XZMAZ,1,71,4,69.35,9,0.8222930733050399,0,False,1
1100-DDVRV,1,19,51,49.8,2,0.15402250368898346,0,False,0
0378-TOVMS,1,79,9,85.8,5,0.6603208451684827,1,True,1
4355-HBJHH,1,35,134,79.7,10,0.5113755636632504,0,False,1
6728-WYQBC,1,11,3,20.95,1,0.2645266162515523,0,False,0
9058-CBREO,1,44,4,50.55,13,0.2665189697541368,0,False,1
9029-FEGVJ,1,3,128,79.3,5,0.12260401895753568,0,False,0
7216-KAOID,1,23,82,19.5,2,0.23693538825916954,0,False,0
0318-QUUOB,1,71,4,80.55,12,0.6684069900752605,0,True,1
6145-NNPNO,1,23,2,44.15,3,0.19574100224264396,0,False,0
5520-FVEWJ,1,87,24,84.5,10,0.5247629067180106,0,False,1
5339-TJFEK,1,7,248,105.5,4,0.4924464942704711,0,False,0
5572-ZDXHY,1,71,88,84.3,8,0.10178232156240093,0,True,1
2074-GUHPQ,1,2,68,92.7,2,0.100544885346692,2,False,0
4625-XMOYM,1,10,288,26.25,1,0.2769361632371783,0,False,0
5827-MWCZK,1,19,224,96.95,2,0.18743917334220628,2,False,0
1385-TQOZW,1,26,36,20.45,2,0.15036659673496014,0,False,0
5914-XRFQB,1,9,288,115.8,1,0.3054205616536899,2,False,0
4329-YPDDQ,1,16,60,108.2,2,0.2586713708438337,2,False,0
4804-NCPET,1,19,38,20.2,0,0.3744874830643754,0,False,0
3750-CKVKH,1,89,4,67.75,11,0.7993073162148991,0,False,1
5944-UGLLK,1,9,212,54.9,1,0.3180187573299902,1,False,0
8063-GBATB,1,78,54,85.25,9,0.5075543495022432,0,False,1
7787-BNTZM,1,13,24,20.15,0,0.2998266216876288,0,False,0
2252-ISRNH,1,10,27,90.35,3,0.7174455520744879,0,False,0
9415-TPKRV,1,25,16,55.75,3,0.6479131022830078,0,False,0
5322-TEUJK,1,20,142,114.6,1,0.1789398171272228,1,False,0
4547-KQRTM,1,81,30,80.05,7,0.2920892510991254,0,True,1
4877-EVATK,1,46,3,20.0,6,0.28548353748476196,0,True,1
1866-DIOQZ,1,25,213,66.8,2,0.2155930149434478,2,False,0
8375-KVTHK,1,19,136,100.3,2,0.7077234982050036,1,False,0
2697-NQBPF,1,7,68,105.35,1,0.567562328919834,1,False,0
3709-OIJEA,1,23,78,85.2,0,0.7536947786187033,2,False,0
7639-SUPCW,1,33,66,48.8,8,0.28180467526379993,0,True,1
1386-ZIKUV,1,16,21,18.95,2,0.16318732217622636,0,False,0
0599-XNYDO,1,27,60,69.8,4,0.3454640858559608,0,False,0
6377-WHAOX,1,8,180,106.15,4,0.7857151489357721,0,False,0
6855-VLGOS,1,10,288,20.55,2,0.5410640929745953,0,False,0
8999-XXGNS,1,4,216,105.75,5,0.12278832527116106,0,False,0
8746-OQQRW,1,19,16,25.25,0,0.2810726390624649,0,False,0
3181-MIZBN,1,19,32,19.75,2,0.6348319638309434,0,False,0
0471-ARVMX,1,28,124,104.85,3,0.5305785788440445,0,False,0
7766-CLTIC,1,21,40,60.95,0,0.32830249901310915,1,False,0
5650-YLIBA,1,27,93,81.15,3,0.706368390792443,0,False,0
0825-CPPQH,1,15,142,19.1,2,0.24329911581285904,0,False,0
9084-OAYKL,1,14,174,20.8,1,0.10184652363243249,0,False,0
6122-LJADA,1,1,210,90.15,0,0.27888014036151343,1,False,0
2400-XIWIO,1,16,284,90.1,1,0.658546632813601,1,False,0
7524-VRLPL,1,10,138,74.1,2,0.348405491798598,1,False,0
1069-XAIEM,1,61,2,85.05,10,0.52735885795021,0,True,1
7569-NMZYQ,1,22,288,118.75,0,0.2572982900556793,1,False,0
5201-USSQZ,1,3,78,85.9,2,0.23413945011680967,1,False,0
2105-PHWON,1,5,99,95.0,1,0.29933213834878925,2,False,0
1494-EJZDW,1,9,20,20.15,1,0.11918291911094941,0,False,0
4884-TVUQF,1,18,228,101.3,2,0.36520387950985744,2,False,0
8003-EWNDZ,1,11,40,21.2,0,0.7104849876730415,0,False,0
1897-RCFUM,1,16,117,24.2,2,0.363113633490997,0,False,0
9256-JTBNZ,1,2,33,20.3,0,0.2020711395589414,0,False,0
4658-HCOHW,1,73,84,102.8,4,0.6075592060042712,2,True,1
2211-RMNHO,1,22,136,85.3,1,0.38701754479282335,2,False,0
2432-TFSMK,1,6,54,89.6,6,0.38301375721293396,0,False,0
3440-JPSCL,1,33,24,99.95,7,0.3832308264313652,2,False,1
4929-ROART,1,27,72,56.25,4,0.1128840521550795,0,False,0
1834-ABKHQ,1,8,208,50.95,5,0.22090480029235685,0,False,0
1741-WTPON,1,12,112,115.85,2,0.11823437723432967,2,False,0
3932-IJWDZ,1,29,135,103.65,0,0.19284310398252474,1,False,0
1240-HCBOH,1,27,201,26.1,0,0.1523734285281487,0,False,0
3594-KADLU,1,2,9,35.1,0,0.28604122723356873,2,False,0
8065-BVEPF,1,9,130,99.1,6,0.3342238453796189,0,False,0
3796-ENZGF,1,15,189,67.25,0,0.25400408957902043,1,False,0
1734-ZMNTZ,1,2,33,25.0,2,0.3386419219893648,0,False,0
2853-CWQFQ,1,29,3,59.55,1,0.10384398898186936,1,False,0
0813-TAXXS,1,1,165,77.8,4,0.3461429093977587,0,False,0
2519-TWKFS,1,10,50,55.1,0,0.15350806740664197,2,False,0
2889-FPWRM,1,64,288,117.8,5,0.2382807704214322,1,True,1
0626-QXNGV,1,12,288,24.15,0,0.23277568477095054,0,False,0
6723-CEGQI,1,23,195,45.25,1,0.3619466587494541,2,False,0
6987-XQSJT,1,69,162,79.5,11,0.8403997137751699,0,True,1
4732-RRJZC,1,5,21,20.25,0,0.17653628996125964,0,False,0
9499-XPZXM,1,22,144,64.75,0,0.1202239517779603,2,False,0
4338-EYCER,1,28,63,54.6,3,0.295156534736454,0,False,0
3007-FDPEA,1,1,4,20.7,0,0.25085217602596255,0,False,0
6350-XFYGW,1,15,12,94.75,3,0.6184794903443686,0,False,0
4290-BSXUX,1,66,9,79.65,6,0.11388106383099997,2,False,1
8513-OLYGY,1,12,288,115.8,1,0.3325929464853838,2,False,0
0311-QYWSS,1,8,18,49.45,5,0.551475142541221,0,False,0
8705-DWKTI,1,13,104,83.8,2,0.20048103427338315,0,False,0
8755-IWJHN,1,19,276,95.35,6,0.16850611376481217,0,False,0
0325-XBFAC,1,34,16,94.7,6,0.7871584355430956,0,True,1
4480-QQRHC,1,1,32,74.05,4,0.15061654496217555,0,False,0
0929-PECLO,1,11,126,89.6,3,0.3196957012054509,0,False,0
3680-CTHUH,1,20,240,116.6,0,0.17372418818156102,2,False,0
1202-KKGFU,1,1,24,54.2,2,0.22747588573249283,2,False,0
6112-KTHFQ,1,8,26,19.3,1,0.3988185631516369,0,False,0
1852-XEMDW,1,5,66,65.05,4,0.13017302327264715,0,False,0
2462-XIIJB,1,82,20,92.5,11,0.7768998380175693,0,False,1
4760-XOHVN,1,63,4,19.45,8,0.3838149688806637,0,True,1
1820-DJFPH,1,25,216,24.05,0,0.30946818847878377,0,False,0
9426-SXNHE,1,10,4,18.75,1,0.10298865692059705,0,False,0
9068-FHQHD,1,2,80,20.15,2,0.3462395752095342,0,False,0
1269-FOYWN,1,9,176,20.0,1,0.36468157828323433,0,False,0
9470-YFUYI,1,24,142,71.0,1,0.3942802470663802,2,False,0
7817-BOQPW,1,83,8,75.55,11,0.6626344849655823,0,False,1
7402-EYFXX,1,3,104,93.6,6,0.6601773721954274,0,False,0
1853-UDXBW,1,83,2,70.0,7,0.7948749744767962,0,True,1
9895-VFOXH,1,7,2,24.4,3,0.24553855358720195,0,False,0
5458-CQJTA,1,68,130,74.8,6,0.20590550485681394,1,True,1
1230-QAJDW,1,21,9,65.25,2,0.2879279479452164,1,False,0
5701-ZIKJE,1,22,52,50.55,1,0.3309497318925328,2,False,0
5219-YIPTK,1,46,66,104.4,7,0.7482262029574862,0,True,1
5032-MIYKT,1,18,3,70.7,5,0.3479735102938635,0,False,0
7396-VJUZB,1,25,8,45.25,4,0.15291249238002202,0,False,0
9717-QEBGU,1,3,8,70.3,5,0.5499936125728309,0,False,0
5172-RKOCB,1,28,216,108.95,2,0.193775743820269,2,False,0
6509-TSGWN,1,23,148,26.45,2,0.15823814190033955,0,False,0
3540-RZJYU,1,41,30,86.2,9,0.5448776403350655,0,False,1
3178-CIFOT,1,24,46,19.65,1,0.3843618618594,0,False,0
2091-MJTFX,1,46,60,51.2,6,0.26140248751214873,2,True,1
4530-NDRKU,1,14,126,19.05,2,0.5691644828786511,0,False,0
5985-TBABQ,1,22,96,74.75,3,0.20621818549091125,0,False,0
9800-ONTFE,1,11,66,75.8,5,0.2839227135151383,0,False,0
6743-HHQPF,1,16,126,25.1,6,0.20582402254392412,0,False,0
8455-HIRAQ,1,8,16,44.45,4,0.26150401687620073,0,False,0
6616-AALSR,1,7,130,104.3,5,0.1822479680358482,0,False,0
0883-EIBTI,1,81,4,19.5,9,0.20377938127005576,0,False,1
9415-ZNBSX,1,3,210,89.0,1,0.31171835765090794,1,False,0
4018-KJYUY,1,17,66,20.15,0,0.2753855054931663,0,False,0
0722-TROQR,1,84,8,74.9,8,0.4569267148804176,0,True,1
7571-YXDAD,1,87,4,74.9,9,0.3919547555518119,0,True,1
3884-UEBXB,1,8,201,36.15,3,0.11480107688766555,0,False,0
8780-RSYYU,1,22,100,19.2,1,0.12488187168449916,0,False,0
5537-UXXVS,1,5,40,19.25,2,0.31041581462234014,0,False,0
1791-PQHBB,1,27,4,61.2,2,0.312405441829247,0,False,0
8701-DGLVH,1,28,102,20.45,1,0.10568065996803157,0,False,0
8741-LQOBK,1,8,138,35.05,5,0.2928261698390794,0,False,0
3393-FMZPV,1,44,50,100.25,9,0.5731554762887343,0,False,1
8082-GHXOP,1,15,26,44.0,4,0.3882309981670081,0,False,0
6402-ZFPPI,1,40,50,102.8,8,0.3088427781498807,0,True,1
0980-FEXWF,1,17,52,50.35,4,0.15597343039628545,0,False,0
7486-KSRVI,1,80,86,100.0,5,0.5370427059294062,2,False,1
3011-WQKSZ,1,15,76,20.0,1,0.7512014768537989,0,False,0
8443-WVPSS,1,46,40,99.85,3,0.7714157035058262,1,False,1
3006-XIMLN,1,80,4,94.2,8,0.34937128896152164,0,True,1
8218-FFJDS,1,22,144,86.4,2,0.3709963447640685,2,False,0
1986-PHGZF,1,16,36,58.4,4,0.21776003321746198,0,False,0
9965-YOKZB,1,56,18,83.85,12,0.8364699804197564,0,False,1
0504-HHAPI,1,47,81,88.3,8,0.2627140105950202,0,True,1
9360-OMDZZ,1,1,72,94.1,3,0.5830960782837382,0,False,0
6305-YLBMM,1,80,207,104.05,3,0.30969119381733645,2,True,1
0345-XMMUG,1,17,184,108.9,0,0.13095848840339613,1,False,0
8024-XNAFQ,1,29,144,107.4,0,0.17961595171975378,1,False,0
3647-GMGDH,1,33,66,94.7,8,0.34502880562341653,0,False,1
2988-GBIVW,1,21,140,90.85,4,0.6548569213083677,0,False,0
2832-SCUCO,1,26,4,19.9,0,0.6948148683368769,0,False,0
7036-ZZKBD,1,21,124,66.4,1,0.12661112016487328,1,False,0
3791-LGQCY,1,77,224,100.65,8,0.19402384329401356,0,True,1
0265-PSUAE,1,10,48,100.7,4,0.206664967841211,0,False,0
0463-TXOAK,1,6,156,25.6,1,0.22681609681694626,0,False,0
0594-UFTUL,1,24,52,19.85,1,0.39604601546927454,0,False,0
9509-MPYOD,1,19,140,20.75,0,0.19319881422046054,0,False,0
9128-CPXKI,1,25,118,95.8,6,0.6077632323335622,0,False,0
0129-KPTWJ,1,13,144,94.65,3,0.7097933035899406,0,False,0
8166-ZZTFS,1,78,198,80.55,7,0.33123938158221,0,False,1
5855-EIBDE,1,20,147,106.65,1,0.25536069822574237,1,False,0
5365-LLFYV,1,25,8,45.85,5,0.2817212201861532,0,False,0
5956-YHHRX,1,15,63,104.35,3,0.7352259161487592,0,False,0
6008-NAIXK,1,14,108,55.45,5,0.5545095298994276,0,False,0
2956-GGUCQ,1,67,96,78.85,10,0.7801948661305067,0,False,1
1928-BXYIV,1,10,2,61.15,4,0.7138454509280138,0,False,0
5760-FXFVO,1,9,24,78.95,6,0.5664578411515298,0,False,0
6595-COKXZ,1,34,4,44.45,11,0.31852527672212305,0,True,1
0961-ZWLVI,1,9,98,109.2,2,0.328697531322624,0,False,0
5181-OABFK,1,3,168,61.3,5,0.35507393482469707,0,False,0
4007-NHVHI,1,11,168,96.85,3,0.5953720804110845,0,False,0
7816-VGHTO,1,12,18,40.55,0,0.3111108257931408,2,False,0
5871-DGTXZ,1,10,96,19.8,1,0.11000215915788508,0,False,0
7550-WIQVA,1,25,100,108.25,6,0.602607723883744,0,False,0
7544-ZVIKX,1,17,232,105.05,2,0.33282008813965114,1,False,0
0016-QLJIS,1,17,130,90.45,1,0.3439009011645279,2,False,0
7508-DQAKK,1,25,192,86.4,0,0.2777309356373694,2,False,0
5176-OLSKT,1,11,198,66.9,2,0.2745057922551692,0,False,0
9356-AXGMP,1,22,76,110.7,2,0.8179476314892676,1,False,0
3556-BVQGL,1,4,80,20.0,1,0.37182544662661055,0,False,0
0362-ZBZWJ,1,32,72,84.9,10,0.7233378419907408,0,True,1
8979-CAMGB,1,21,128,102.1,0,0.5700360266104205,1,False,0
4211-MMAZN,1,39,2,20.25,7,0.3516998153281865,0,True,1
7581-EBBOU,1,14,240,70.15,2,0.2024932437912259,1,False,0
4274-OWWYO,1,50,2,74.35,9,0.6111544100533554,0,True,1
5073-RZGBK,1,24,100,80.05,2,0.28438492004284943,2,False,0
1541-ETJZO,1,41,3,62.05,7,0.2734251775635069,2,True,1
2192-CKRLV,1,1,144,49.2,5,0.6458912430766081,0,False,0
3154-HMWUU,1,24,180,20.5,2,0.3579391732741477,0,False,0
6119-SPUDB,1,22,138,38.25,2,0.18166775062101037,1,False,0
6522-OIQSX,1,4,207,54.95,4,0.10397057958531404,0,False,0
7813-ZGGAW,1,29,124,96.6,0,0.19704061568266001,1,False,0
8748-HFWBO,1,12,57,19.9,0,0.10291178812063864,0,False,0
1052-QJIBV,1,24,142,19.9,2,0.26307736326905184,0,False,0
1319-YLZJG,1,3,24,84.6,4,0.6881149961027211,0,False,0
4106-HADHQ,1,76,117,80.0,6,0.3441828222571258,2,True,1
0723-FDLAY,1,20,132,85.25,1,0.3392756057472453,1,False,0
3050-RLLXC,1,6,112,81.25,1,0.23039154798959913,2,False,0
9298-WGMRW,1,11,216,115.5,1,0.16494558207574694,2,False,0
2369-UAPKZ,1,37,20,104.1,10,0.22672895978268914,0,False,1
3088-LHEFH,1,4,33,79.0,4,0.2923953197630888,0,False,0
2778-OCLGR,1,78,96,39.1,6,0.1570617944718722,0,True,1
6583-KQJLK,1,16,60,94.65,4,0.7787443637040532,0,False,0
8544-JNBOX,1,7,288,20.8,1,0.19916806313058216,0,False,0
6681-ZSEXG,1,22,168,59.5,5,0.37965309847522277,0,False,0
6139-ZZRBQ,1,29,256,20.05,1,0.2535611590823824,0,False,0
6116-RFVHN,1,11,136,100.45,6,0.8514854718306627,0,False,0
0637-KVDLV,1,30,6,76.5,9,0.7465169914686978,0,True,1
8884-FEEWR,1,1,140,20.6,0,0.2663805531336213,0,False,0
3125-RAHBV,1,26,66,20.3,1,0.3046390400455337,0,False,0
6633-MPWBS,1,66,10,49.2,6,0.8347326291151231,1,True,1
0373-AIVNJ,1,27,36,39.55,3,0.2933522513229209,0,False,0
8785-EPNCG,1,44,33,23.15,4,0.33917220615751076,0,False,1
1682-VCOIO,1,12,46,20.45,2,0.1571395493378539,0,False,0
5729-KLZAR,1,42,16,80.85,9,0.6765581980608043,0,False,1
2072-ZVJJX,1,27,272,25.25,1,0.16891684647619204,0,False,0
8849-AYPTR,1,23,99,91.25,3,0.8299124895046534,0,False,0
9518-IMLHK,1,7,62,72.45,1,0.12583856765712276,1,False,0
1582-RAFML,1,89,3,60.1,7,0.3387589592325184,2,True,1
3646-ITDGM,1,16,224,19.7,0,0.21671268994435652,0,False,0
8740-CRYFY,1,30,4,78.95,11,0.508042702941382,0,True,1
3569-VLDHH,1,8,264,75.1,2,0.6009680522688878,2,False,0
8224-KDLKN,1,9,288,25.0,2,0.1901506901601554,0,False,0
7594-LZNWR,1,9,68,69.15,5,0.2775856548347949,0,False,0
4001-TSBTV,1,2,116,91.55,3,0.7018837003319267,0,False,0
2962-XPMCQ,1,52,6,45.15,6,0.5403091130003311,0,False,1
8727-XDPUD,1,13,111,35.8,2,0.35867978332165473,0,False,0
1043-UXOVO,1,23,213,113.15,2,0.2220464274536707,2,False,0
1064-FBXNK,1,23,4,19.85,0,0.24120699754053365,0,False,0
3996-ZNWYK,1,4,213,19.8,1,0.3539885574257373,0,False,0
2878-DHMIN,1,25,70,19.9,2,0.6130702599185376,0,False,0
7762-ONLJY,1,24,18,19.7,0,0.21696794253332344,0,False,0
1678-FYZOW,1,60,9,79.4,10,0.6737324963321367,0,True,1
5795-BKOYE,1,17,138,59.1,2,0.24874769654700504,2,False,0
8627-EHGIP,1,40,88,53.95,11,0.1318361777078216,0,False,1
7402-PWYJJ,1,13,212,91.15,2,0.5631836840695863,1,False,0
5480-TBGPH,1,37,48,99.3,10,0.22492478672977478,0,False,1
0018-NYROU,1,18,10,68.95,2,0.4674922774910247,0,False,0
7501-VTYLJ,1,28,6,51.55,2,0.17649530771789057,0,False,0
7608-RGIRO,1,28,124,24.4,2,0.1603530261314691,0,False,0
0480-BIXDE,1,27,76,96.8,6,0.6495397698399438,0,False,0
5895-QSXOD,1,15,27,70.05,4,0.10334786716546318,0,False,0
9814-AOUDH,1,8,212,19.5,2,0.3027200350791912,0,False,0
6175-IRFIT,1,15,10,78.75,4,0.35667619213922086,0,False,0
8760-ZRHKE,1,1,284,69.2,5,0.6285935471920884,0,False,0
1622-HSHSF,1,20,4,19.55,2,0.34542345080860004,0,False,0
8854-CCVSQ,1,88,36,80.65,12,0.7383005535670899,0,True,1
6749-UTDVX,1,12,144,103.65,5,0.7290751278094405,0,False,0
5542-DHSXL,1,5,12,54.7,5,0.16570647919290024,0,False,0
9102-OXKFY,1,9,177,54.15,5,0.18388790430485924,0,False,0
0511-JTEOY,1,69,3,71.1,8,0.19531240111585532,0,True,1
5216-WASFJ,1,8,62,84.85,4,0.48360414788056333,0,False,0
7808-DVWEP,1,16,12,20.0,1,0.3739266314235701,0,False,0
7067-KSAZT,1,63,260,106.25,9,0.7185523288542545,0,True,1
2284-VFLKH,1,27,147,99.25,2,0.13233335485898656,2,False,0
0366-NQSHS,1,25,6,19.35,1,0.267008069665016,0,False,0
6532-YLWSI,1,45,106,20.8,6,0.24029238826115076,0,False,1
3807-BPOMJ,1,23,220,94.75,4,0.726377579076384,0,False,0
3892-NXAZG,1,21,216,114.05,1,0.2809052981615004,1,False,0
4948-WBBKL,1,13,72,74.9,2,0.13729654035379923,0,False,0
4182-BGSIQ,1,5,30,19.8,2,0.29802329348853873,0,False,0
9300-AGZNL,1,55,2,94.0,9,0.6046091905290156,0,True,1
0988-AADSA,1,26,288,80.85,2,0.2593670913921417,2,False,0
9972-NKTFD,1,11,56,54.65,0,0.22072187997196804,1,False,0
3717-LNXKW,1,22,114,91.7,6,0.3864762982159493,0,False,0
5734-EJKXG,1,5,183,118.6,0,0.7137139055363572,2,False,0
2207-RYYRL,1,13,208,24.55,1,0.27552549247597613,0,False,0
6729-FZWSY,1,28,268,19.45,1,0.10191334758028493,0,False,0
9695-IDRZR,1,11,102,116.15,0,0.22963697265093197,2,False,0
8144-DGHXP,1,25,162,80.6,2,0.6342197800113482,2,False,0
7814-LEEVE,1,19,3,20.3,0,0.1351882704308477,0,False,0
1112-CUNAO,1,52,60,89.85,10,0.5802679001567574,0,True,1
5175-AOBHI,1,43,12,46.0,8,0.15751756718579146,0,False,1
5174-RNGBH,1,85,36,66.25,6,0.20144289614464533,2,True,1
8631-WUXGY,1,7,138,99.8,3,0.5372683270045381,0,False,0
7270-BDIOA,1,56,44,90.0,7,0.5970185869200895,2,True,1
9565-JSNFM,1,83,76,70.45,8,0.23642705504177816,0,True,1
5906-DVAPM,1,13,165,75.0,1,0.36945697631073415,1,False,0
6654-QGBZZ,1,7,2,19.9,1,0.24717448648025822,0,False,0
8348-JLBUG,1,5,256,80.3,5,0.23592324061236528,0,False,0
0607-DAAHE,1,68,106,19.75,3,0.33627081789144675,0,True,1
5641-DMBFJ,1,18,116,84.3,0,0.5129353689262067,2,False,0
9200-NLNPD,1,22,224,54.05,1,0.12852062476745685,2,False,0
2664-XJZNO,1,8,144,104.9,2,0.16287178610100375,2,False,0
9732-KPKBW,1,59,2,53.95,5,0.8101208819286896,2,False,1
3339-EAQNV,1,20,216,97.25,5,0.3031143775280855,0,False,0
0921-OHLVP,1,27,88,83.05,4,0.47460924776550184,0,False,0
3389-YGYAI,1,50,32,105.5,8,0.7674637428999675,0,False,1
9560-ARGQJ,1,48,48,81.0,13,0.8793511488318058,0,False,1
8350-NYMVI,1,17,117,41.1,2,0.11348648680040685,2,False,0
1600-DILPE,1,10,24,45.0,2,0.2849254287753507,0,False,0
0536-ESJEP,1,12,108,74.55,2,0.21374937093487362,0,False,0
4654-GGUII,1,16,36,40.2,2,0.2503094377040517,1,False,0
6478-HRRCZ,1,14,96,70.5,1,0.25845364479360633,2,False,0
8510-BBWMU,1,27,164,19.75,1,0.3313138292402062,0,False,0
6857-TKDJV,1,16,134,24.65,0,0.2671037559318817,0,False,0
2360-RDGRO,1,8,195,104.25,5,0.6087562353559232,0,False,0
0584-BJQGZ,1,23,100,78.35,1,0.19987355313154287,2,False,0
5134-IKDAY,1,61,3,69.8,9,0.45034319748590934,0,True,1
1360-XFJMR,1,10,134,109.7,1,0.3048197000265497,1,False,0
3070-DVEYC,1,39,21,73.75,10,0.1001446421435355,0,False,1
5730-RIITO,1,17,129,33.45,4,0.1986151508471108,0,False,0
9058-MJLZC,1,27,72,94.6,3,0.4794795104334557,0,False,0
5707-ORNDZ,1,83,27,54.55,10,0.7026355122066686,0,False,1
0902-XKXPN,1,18,276,20.2,2,0.1933804081191477,0,False,0
5177-RVZNU,1,20,74,20.3,2,0.31126512392567773,0,False,0
0056-EPFBG,1,16,80,39.4,0,0.17806181517593095,1,False,0
8993-IZEUX,1,17,21,69.15,4,0.26822510367623875,0,False,0
8696-JKZNU,1,43,111,76.25,7,0.6541006485423744,0,True,1
5380-AFSSK,1,79,10,93.9,7,0.34031725160065684,0,True,1
8190-ZTQFB,1,24,82,51.35,5,0.6285964968335929,0,False,0
0931-MHTEM,1,24,216,100.05,5,0.3591628233794689,0,False,0
2055-PDADH,1,81,12,70.4,11,0.5144005047016378,0,True,1
7515-LODFU,1,6,138,20.3,1,0.28145090656169497,0,False,0
0440-UEDAI,1,6,212,94.45,1,0.10294209806024918,1,False,0
1337-BOZWO,1,21,54,46.4,4,0.3141802970030424,0,False,0
0868-VJRDR,1,29,192,104.05,0,0.17047672054846252,2,False,0
8714-EUHJO,1,59,62,91.15,11,0.6373370747999314,0,False,1
6344-SFJVH,1,4,80,24.9,6,0.21413125428205115,0,False,0
3950-VPYJB,1,26,171,59.6,2,0.35392672550796755,1,False,0
8041-TMEID,1,12,126,108.5,3,0.1306278282678863,0,False,0
7321-ZNSLA,1,28,52,40.55,1,0.3000690860050788,1,False,0
6941-KXRRV,1,12,144,58.95,2,0.3943770487582612,0,False,0
3721-CNEYS,1,47,8,70.95,10,0.6050156164482798,0,True,1
8727-JQFHV,1,17,228,20.75,0,0.3897682596285449,0,False,0
9475-NNDGC,1,15,284,113.15,0,0.10552141868306189,1,False,0
1355-KUSBG,1,9,14,48.8,3,0.6786974287705121,0,False,0
3688-FTHLT,1,7,48,63.05,4,0.38837332589773277,0,False,0
0899-LIIBW,1,10,68,100.85,5,0.8766141016813603,0,False,0
2568-OIADY,1,47,111,99.5,7,0.6609427815386492,0,True,1
1384-RCUXW,1,12,48,80.55,4,0.3600872518750632,0,False,0
5825-XJOCM,1,25,96,64.4,5,0.13670186290888153,0,False,0
6848-YLDFR,1,7,116,75.2,1,0.22761530158427845,1,False,0
8125-QPFJD,1,18,216,84.9,0,0.19239249285490795,1,False,0
2320-YKQBO,1,15,21,19.3,2,0.2185531151821236,0,False,0
1193-RTSLK,1,78,114,83.9,11,0.3105942556793177,0,True,1
2302-ANTDP,1,44,192,117.45,4,0.4824600477339618,2,False,1
5923-GXUOC,1,86,30,104.4,10,0.7944643645807175,0,False,1
4973-RLZVI,1,11,60,74.65,1,0.2905201477110759,1,False,0
7869-ZYDST,1,20,62,59.05,5,0.36205527597167864,0,False,0
4501-UYKBC,1,3,92,69.1,2,0.3489086695716338,1,False,0
1215-EXRMO,1,2,150,20.55,0,0.329799263211642,0,False,0
2305-MRGLV,1,6,84,76.55,2,0.11176705933722482,1,False,0
8404-VIOMB,1,24,264,62.5,2,0.2549401229750621,2,False,0
5233-GEEAX,1,61,32,29.4,7,0.6209643993964149,0,True,1
2359-KLTEK,1,25,82,94.9,2,0.13388173474655207,0,False,0
5304-EFJLP,1,5,288,111.65,1,0.20289706192597096,2,False,0
2673-ZALNP,1,18,28,19.9,2,0.29344091119245475,0,False,0
9184-GALIL,1,16,76,20.45,2,0.16918792858664328,0,False,0
4393-RYCRE,1,8,132,106.05,4,0.6006979203370562,0,False,0
9746-MDMBK,1,25,188,113.45,2,0.22134827308859512,2,False,0
3162-ZJZFU,1,26,159,92.55,2,0.5505737652109937,1,False,0
8404-GFGCZ,1,20,8,65.6,4,0.6804370409283769,0,False,0
8875-AKBYH,1,22,40,84.35,5,0.7365764668121373,0,False,0
4432-ADRLB,1,34,8,44.65,7,0.38992435157410144,0,False,1
0533-UCAAU,1,10,114,71.1,4,0.18940156498944313,0,False,0
1394-SUIUH,1,24,88,85.15,0,0.5408368690073578,2,False,0
3521-MNKLV,1,25,48,49.7,4,0.22109128670482397,0,False,0
2533-TIBIX,1,12,60,30.2,4,0.37592317029573363,0,False,0
8993-PHFWD,1,40,12,25.25,9,0.692096159917799,0,True,1
1565-RHDJD,1,86,16,84.05,9,0.23282924326178764,0,True,1
7137-RYLPP,1,30,74,85.7,9,0.6033515531432001,0,False,1
3765-JXVKY,1,72,3,74.7,10,0.5484313345096247,0,False,1
5092-STPKP,1,20,48,56.35,0,0.13313520141261026,2,False,0
7330-WZLNC,1,38,20,90.8,8,0.6880896065972324,0,False,1
0114-PEGZZ,1,23,99,107.55,3,0.7255772796125717,0,False,0
3359-DSRKA,1,9,174,19.85,0,0.19675917185346134,0,False,0
8639-NHQEI,1,26,288,95.9,4,0.24190186832409272,0,False,0
7161-DFHUF,1,27,213,23.85,1,0.1892135180140949,0,False,0
3957-LXOLK,1,65,84,106.15,12,0.635819450798284,0,False,1
3720-DBRWL,1,16,204,83.85,0,0.35274980503192155,2,False,0
6635-MYYYZ,1,44,90,85.35,7,0.3697315877966426,1,True,1
8565-WUXZU,1,14,216,84.8,1,0.15216139642633625,1,False,0
5281-BUZGT,1,42,144,90.85,10,0.7048312748005539,0,True,1
4994-OBRSZ,1,8,42,76.1,1,0.38890140313917687,1,False,0
0562-FGDCR,1,27,216,74.55,2,0.29518351123938924,2,False,0
2436-QBZFP,1,20,66,39.2,4,0.5187254741877195,0,False,0
3420-YJLQT,1,19,6,79.55,4,0.6125628876254464,0,False,0
6040-CGACY,1,14,60,19.6,2,0.30652781569628024,0,False,0
6582-PLFUU,1,7,102,19.55,1,0.21911418995811838,0,False,0
8242-PDSGJ,1,5,140,39.15,0,0.1311972851643583,1,False,0
0264-CNITK,1,18,213,20.1,2,0.28199796025606705,0,False,0
0089-IIQKO,1,2,156,99.95,0,0.3406422401550181,2,False,0
7839-NUIAA,1,11,244,59.8,4,0.7366749677399326,0,False,0
6075-QMNRR,1,22,156,49.75,3,0.16691749208888262,0,False,0
5378-IKEEG,1,55,2,35.75,11,0.6401187600375096,0,False,1
5966-EMAZU,1,1,192,108.5,2,0.1084129600498221,2,False,0
0440-EKDCF,1,27,248,60.15,0,0.39094758392434337,1,False,0
4774-HHGGS,1,22,120,19.05,0,0.10376933845731416,0,False,0
2718-GAXQD,1,56,8,46.0,9,0.6226255181099722,0,False,1
2055-BFOCC,1,2,252,84.0,2,0.12292083189286968,2,False,0
8180-AKMJV,1,18,4,44.55,5,0.2862903884824207,0,False,0
4298-OYIFC,1,7,60,103.45,1,0.6747492846077915,2,False,0
5566-SOEZD,1,26,54,80.65,4,0.31988317939913813,0,False,0
9842-EFSYY,1,17,16,57.2,5,0.24591342000041563,0,False,0
2272-WUSPA,1,22,216,110.75,3,0.6669744605602426,0,False,0
4584-LBNMK,1,23,90,24.7,2,0.2045549047344376,0,False,0
3898-GUYTS,1,14,135,97.05,1,0.5814205467906376,1,False,0
0930-EHUZA,1,24,108,76.35,0,0.16144745580376446,1,False,0
6413-XKKPU,1,42,34,89.4,6,0.6976387596899061,0,True,1
9975-SKRNR,1,22,3,18.9,1,0.24902550056162867,0,False,0
3703-KBKZP,1,25,32,74.45,5,0.12102683548166787,0,False,0
1449-XQEMT,1,53,9,19.8,4,0.26318551529195644,0,False,1
2626-URJFX,1,73,8,50.9,8,0.5479174651569468,0,False,1
4973-MGTON,1,27,284,84.4,2,0.25351808425599653,1,False,0
3682-YEUWS,1,6,40,24.4,2,0.3894884340696668,0,False,0
1223-UNPKS,1,20,60,20.05,0,0.19220336611912064,0,False,0
2612-RRIDN,1,76,16,81.0,11,0.8005325044724495,0,False,1
4735-ASGMA,1,54,52,98.35,9,0.7404096098116086,0,True,1
3446-QDSZF,1,12,12,55.5,3,0.22145786002334192,0,False,0
3669-LVWZB,1,38,20,51.0,10,0.277987645233973,0,True,1
6892-EZDTG,1,50,16,91.65,8,0.7060532831424562,0,True,1
5117-IFGPS,1,27,87,84.3,3,0.5130159079192915,0,False,0
7379-FNIUJ,1,10,8,100.2,4,0.6274668210788288,0,False,0
1627-AFWVJ,1,3,116,19.4,1,0.3108479846945218,0,False,0
9725-SCPZG,1,41,3,90.85,7,0.7678721782494939,0,True,1
5884-GCYMI,1,66,4,69.4,13,0.28543785389788084,0,True,1
3217-FZDMN,1,71,32,94.45,11,0.21661604235885878,0,False,1
4486-EFAEB,1,12,52,20.4,0,0.676773501712818,0,False,0
0060-FUALY,1,27,236,94.75,6,0.694110066700264,0,False,0
7853-GVUDZ,1,83,3,20.15,6,0.28498425784019044,0,True,1
7480-QNVZJ,1,77,100,95.7,12,0.757701367517227,0,False,1
6954-OOYZZ,1,17,36,44.35,5,0.37314056162408593,0,False,0
7088-FBAWU,1,4,68,74.55,2,0.1540724993265062,0,False,0
8313-AFGBW,1,23,188,73.6,5,0.6001520686618993,0,False,0
3943-KDREE,1,64,52,74.95,9,0.29509171029026243,0,False,1
9239-ZBZZV,1,76,24,47.95,9,0.6449979956387432,0,False,1
3097-IDVPU,1,6,38,50.1,4,0.2956978508498378,0,False,0
4398-HSCJH,1,47,9,63.6,5,0.5968396890313218,2,False,1
2197-OMWGI,1,27,204,53.0,6,0.590102611193007,0,False,0
2303-PJYHN,1,9,6,19.85,0,0.1352961715779203,0,False,0
9795-VOWON,1,15,21,24.35,4,0.2870944720313593,0,False,0
1237-WIYYZ,1,2,54,19.55,2,0.15273569576948826,0,False,0
1987-AUELQ,1,4,213,25.05,1,0.30130647869139165,0,False,0
7852-LECYP,1,5,26,93.8,3,0.39012167296899436,0,False,0
4430-UZIPO,1,70,12,36.85,5,0.17692384824288865,2,True,1
4822-LPTYJ,1,8,144,103.75,4,0.14264569160488144,0,False,0
8165-CBKXO,1,8,198,56.75,3,0.10725257358428009,0,False,0
6527-PZFPV,1,22,96,20.8,0,0.21364815590360176,0,False,0
4855-SNKMY,1,42,4,44.1,10,0.5344202377811691,0,False,1
9593-CVZKR,1,21,168,24.45,0,0.24755782694318085,0,False,0
8595-SIZNC,1,8,66,25.6,2,0.2572918083978252,0,False,0
8008-HAWED,1,31,42,50.75,9,0.5820206520633993,0,False,1
7124-UGSUR,1,45,183,104.4,8,0.3249718666834428,0,True,1
1862-SKORY,1,38,120,39.3,10,0.7643691715690055,0,True,1
5236-XMZJY,1,21,126,59.65,6,0.16345692933798223,0,False,0
4827-DPADN,1,19,288,83.3,1,0.3508893320218379,2,False,0
2694-CIUMO,1,19,36,79.55,2,0.13935636992661346,2,False,0
5846-ABOBJ,1,15,213,24.45,1,0.1686106553630492,0,False,0
1439-LCGVL,1,6,104,19.2,0,0.26842470587013567,0,False,0
0909-SDHNU,1,16,14,29.8,6,0.19197444662668314,0,False,0
4647-XXZAM,1,8,18,45.5,5,0.11251323717665379,0,False,0
1502-XFCVR,1,65,232,106.45,8,0.5330906867339514,0,True,1
7740-KKCXF,1,18,204,30.05,3,0.3714610565790709,0,False,0
5360-XGYAZ,1,20,144,65.65,2,0.15226694857654632,1,False,0
9692-TUSXH,1,74,54,96.05,7,0.7559186736017298,0,False,1
7912-SYRQT,1,74,21,75.1,8,0.31668460180134445,0,True,1
3557-HTYWR,1,7,141,74.05,2,0.13186744481927262,1,False,0
4816-JBHOV,1,38,8,44.7,8,0.6849492528336016,0,True,1
8920-NAVAY,1,17,186,110.75,2,0.156806886741613,1,False,0
1699-TLDLZ,1,12,48,19.7,0,0.10694505435798135,0,False,0
5600-PDUJF,1,13,18,49.5,1,0.1519122025707689,1,False,0
8292-TYSPY,1,65,57,55.0,8,0.16047338249011872,1,True,1
0567-XRHCU,1,7,138,43.95,6,0.14979407419132854,0,False,0
1867-BDVFH,1,32,22,74.35,8,0.5991880585745815,0,True,1
2067-QYTCF,1,23,128,111.15,0,0.6294419497318614,1,False,0
2359-QWQUL,1,35,117,104.7,7,0.19679171251084193,1,True,1
9103-TCIHJ,1,73,45,55.7,10,0.37247480842243585,0,False,1
7407-SUJIZ,1,4,100,20.6,0,0.15616404040583115,0,False,0
9150-KPBJQ,1,21,24,19.65,0,0.2808587890289339,0,False,0
0052-DCKON,1,5,264,115.8,2,0.3701861152796928,2,False,0
3654-ARMGP,1,20,183,88.65,2,0.11415689531976488,2,False,0
9699-UBQFS,1,24,86,94.5,6,0.7368315208499181,0,False,0
9367-TCUYN,1,23,24,20.1,1,0.23520064375935615,0,False,0
1261-FWTTE,1,25,46,34.65,5,0.37863358242322276,0,False,0
3528-HFRIQ,1,7,213,52.3,5,0.29912943186230856,0,False,0
0708-SJDIS,1,10,68,65.0,0,0.20474842298561316,2,False,0
4140-WJAWW,1,89,20,19.85,7,0.31345636555244466,0,False,1
2073-QBVBI,1,29,164,35.45,2,0.27479620621415524,2,False,0
6928-ONTRW,1,7,144,19.7,0,0.2041509694104414,0,False,0
3320-VEOYC,1,1,56,95.6,3,0.7458993198292002,0,False,0
5231-FIQPA,1,7,82,19.85,1,0.3004509279419093,0,False,0
6617-WLBQC,1,26,46,81.85,4,0.10162488950274091,0,False,0
2599-CIPQE,1,24,284,109.3,0,0.3595403818032964,1,False,0
6653-CBBOM,1,83,4,70.3,10,0.6887547643112673,0,False,1
8774-GSBUN,1,9,288,25.4,1,0.29363428017619636,0,False,0
7326-RIGQZ,1,12,24,69.8,4,0.7125735707163374,0,False,0
1401-FTHFQ,1,3,46,20.0,0,0.36440861327017016,0,False,0
3247-ZVOUO,1,76,40,85.55,12,0.7767758115200742,0,True,1
0254-FNMCI,1,4,288,109.9,1,0.6875920061619046,1,False,0
1848-LBZHY,1,28,21,50.3,5,0.39407942503076443,0,False,0
6101-IMRMM,1,75,24,94.5,7,0.18419215601819533,0,False,1
8118-TJAFG,1,13,36,101.5,1,0.5301158904471157,1,False,0
5429-LWCMV,1,23,24,89.15,5,0.6693135190632941,0,False,0
7298-IZWLY,1,19,2,19.4,2,0.22720535014478188,0,False,0
9758-MFWGD,1,10,144,29.9,4,0.23628701472311356,0,False,0
3955-JBZZM,1,5,80,78.8,6,0.7513261830554017,0,False,0
1268-ASBGA,1,51,64,85.35,11,0.2845364909811518,0,False,1
8943-URTMR,1,46,8,79.65,10,0.21767928799945932,0,True,1
4815-TUMEQ,1,16,40,19.3,1,0.35886310718876646,0,False,0
4713-LZDRV,1,43,8,79.6,9,0.6471338239905575,0,False,1
9909-IDLEK,1,12,80,96.8,0,0.3669735037326004,1,False,0
4092-OFQZS,1,2,60,20.65,0,0.37394617153073373,0,False,0
1561-BWHIN,1,7,76,19.8,0,0.1501936227582563,0,False,0
4325-NFSKC,1,32,76,90.6,8,0.7115640606283589,0,False,1
9927-DSWDF,1,29,88,104.6,2,0.6310964248963566,2,False,0
9500-LTVBP,1,13,105,80.05,2,0.3509287163645438,1,False,0
7252-NTGSS,1,2,4,45.15,4,0.3198554738966516,0,False,0
8149-AIQCG,1,7,117,73.15,3,0.15962430625775592,0,False,0
1360-JYXKQ,1,15,108,99.1,1,0.8017917392923093,2,False,0
2955-PSXOE,1,81,4,20.2,8,0.3050437020977271,0,True,1
7762-URZQH,1,53,198,106.05,9,0.3845899309712745,0,False,1
0899-WZRSD,1,2,112,105.35,2,0.16057335165802256,2,False,0
3255-GRXMG,1,7,54,45.65,5,0.3609115283195903,0,False,0
4828-FAZPK,1,4,48,79.95,5,0.30042184612469064,0,False,0
6094-ZIVKX,1,11,136,54.45,5,0.2656859781347939,0,False,0
6925-BAYGL,1,29,212,25.1,1,0.34615386995831166,0,False,0
3262-EIDHV,1,2,288,84.7,1,0.289859166053713,1,False,0
7354-OIJLX,1,29,27,75.85,4,0.6953218599260981,0,False,0
1376-HHBDV,1,16,60,48.8,2,0.17610117527682728,0,False,0
6907-NZZIJ,1,30,144,99.15,8,0.6992710588902282,0,False,1
6133-OZILE,1,13,54,35.2,2,0.6333288820793729,1,False,0
4135-FRWKJ,1,5,110,76.25,0,0.6974534372589146,1,False,0
2911-UREFD,1,57,117,55.9,9,0.6470859168966069,0,True,1
3744-ZRRDZ,1,45,42,82.35,9,0.6824498698008212,0,True,1
5673-TIYIB,1,76,8,40.4,3,0.10717088937953927,1,False,1
6551-ZCOTS,1,28,132,24.9,0,0.33058159803835463,0,False,0
7191-ADRGF,1,19,132,54.3,4,0.1990943161275255,0,False,0
5018-LXQQG,1,7,120,66.3,1,0.1981636929117481,2,False,0
6892-BOGQE,1,6,284,20.9,1,0.3066053546424309,0,False,0
1602-IJQQE,1,41,8,75.35,11,0.4769039433671968,0,True,1
4628-WQCQQ,1,56,140,85.15,11,0.8092654213256552,0,True,1
1746-TGTWV,1,5,2,75.35,6,0.26141979737656507,0,False,0
5995-SNNEW,1,2,46,104.45,4,0.8712473896442399,0,False,0
8050-WYBND,1,9,66,49.45,4,0.12300065337683627,0,False,0
2821-WARNZ,1,11,98,19.45,1,0.20104761029371088,0,False,0
4879-GZLFH,1,24,168,92.15,4,0.58840803186943,0,False,0
1644-IRKSF,1,59,66,93.8,10,0.7759762650483963,0,False,1
8314-HTWVE,1,29,14,19.85,0,0.16388867737918414,0,False,0
9402-ROUMJ,1,26,201,100.25,2,0.21260375601477136,2,False,0
2507-QZPQS,1,7,60,95.7,2,0.6741306998590373,2,False,0
7159-NOKYQ,1,25,268,93.15,4,0.44896573305419585,0,False,0
5707-ZMDJP,1,7,212,69.7,0,0.32359720019759985,1,False,0
8779-YIQQA,1,19,42,19.8,1,0.31074553348824085,0,False,0
7136-IHZJA,1,6,160,71.35,2,0.13915152297823272,1,False,0
8966-OIQHG,1,11,88,20.75,1,0.30654720621057274,0,False,0
7074-STDCN,1,29,78,40.6,1,0.5933380355120278,2,False,0
3705-PSNGL,1,62,135,20.4,9,0.6527983722013488,0,True,1
8739-QOTTN,1,7,6,20.35,0,0.19334235851576587,0,False,0
1399-OUPJN,1,2,114,19.75,1,0.34989768260072873,0,False,0
0277-BKSQP,1,19,24,54.4,4,0.5278547696886585,0,False,0
6502-HCJTI,1,81,21,94.7,10,0.25383415882830235,0,True,1
2606-RMDHZ,1,86,18,30.5,9,0.3043449211909591,0,False,1
5774-XZTQC,1,6,28,20.45,2,0.13897050830105626,0,False,0
2676-SSLTO,1,17,147,66.15,2,0.3797061613648943,1,False,0
6266-QHOJZ,1,25,260,89.85,0,0.47869954469077924,1,False,0
7269-JISCY,1,5,165,45.05,2,0.19565047690096546,0,False,0
0363-SVHYR,1,29,284,86.85,2,0.29983472143277723,1,False,0
8547-NSBBO,1,28,70,96.75,0,0.12345749414084005,1,False,0
8258-GSTJK,1,42,6,77.0,9,0.5983467242191575,0,True,1
6861-OKBCE,1,36,33,20.1,7,0.37480898805572516,0,False,1
9940-RHLFB,1,65,4,75.3,8,0.502844705777864,0,True,1
6591-QGOYB,1,1,34,106.65,1,0.20857231803538084,2,False,0
9070-BCKQP,1,1,144,110.15,1,0.16970018725637734,2,False,0
6421-SZVEM,1,19,56,82.85,4,0.3456306246738803,0,False,0
1328-EUZHC,1,6,36,20.1,2,0.15028234705133992,0,False,0
2995-UPRYS,1,40,120,99.2,5,0.20398847063075712,2,False,1
8878-RYUKI,1,10,208,59.45,3,0.6660528403558557,0,False,0
9633-DENPU,1,28,94,58.6,4,0.22136632979979978,0,False,0
7811-JIVPF,1,11,69,49.7,5,0.11964079435212342,0,False,0
7113-HIPFI,1,1,132,65.85,0,0.38431620028452784,2,False,0
8541-QVFKM,1,1,16,73.5,5,0.5362407245225294,0,False,0
6686-YPGHK,1,37,94,85.5,11,0.23369536382943337,0,False,1
1383-EZRWL,1,74,14,20.05,5,0.15026360056100974,0,True,1
9258-CNWAC,1,20,213,113.65,2,0.359605071713777,2,False,0
5371-VYLSX,1,1,200,83.4,6,0.5861844947585697,0,False,0
6374-AFWOX,1,20,138,65.65,0,0.10594691301983869,1,False,0
4759-TRPLW,1,69,3,70.4,9,0.516134112477675,0,False,1
5317-FLPJF,1,18,198,61.35,2,0.3952179053598689,1,False,0
7621-VPNET,1,9,84,85.9,0,0.14405286184449856,2,False,0
6034-YMTOB,1,14,20,75.65,2,0.10936074639655824,2,False,0
8563-IIOXK,1,58,14,49.75,12,0.7339059154840573,0,False,1
4903-CNOZC,1,17,87,70.9,4,0.21149996394025244,0,False,0
4353-HYOJD,1,23,54,49.85,5,0.33849258976313545,0,False,0
8020-BWHYL,1,57,60,75.3,10,0.3195663291576176,0,True,1
7267-FRMJW,1,29,100,20.1,1,0.155625708429948,0,False,0
2982-VPSGI,1,44,22,94.0,7,0.6354192162218277,0,True,1
4188-FRABG,1,5,171,103.05,2,0.5266538230443569,2,False,0
8199-ZLLSA,1,52,134,118.35,6,0.23184346844034312,2,False,1
4128-ETESU,1,21,141,99.7,4,0.667258687749888,0,False,0
0620-DLSLK,1,17,52,81.9,4,0.22448763762633106,0,False,0
4625-EWPTF,1,33,16,30.45,12,0.5442737476039533,0,True,1
5980-NOPLP,1,55,176,96.1,11,0.5344449493505545,0,False,1
3850-OKINF,1,25,213,66.2,3,0.7624477392619436,0,False,0
6892-XPFPU,1,38,72,104.25,10,0.8366195902021792,0,False,1
8010-EZLOU,1,84,30,80.2,6,0.5092767523228011,0,False,1
1156-ZFYDO,1,22,2,19.75,1,0.51584843347747,0,False,0
3295-YVUSR,1,5,4,72.6,4,0.3935848639372663,0,False,0
8016-NCFVO,1,4,220,116.5,1,0.6941156617140696,2,False,0
4119-ZYPZY,1,4,213,106.8,0,0.7266498389511196,1,False,0
5549-ZGHFB,1,6,150,24.95,2,0.32248232421798373,0,False,0
7577-SWIFR,1,20,4,89.25,3,0.5782909830678198,0,False,0
0303-WMMRN,1,21,10,19.25,1,0.2739969170211733,0,False,0
6408-OTUBZ,1,13,132,104.55,1,0.36704870692227676,2,False,0
5204-HMGYF,1,22,196,87.2,1,0.10692054578135758,1,False,0
1078-TDCRN,1,5,9,30.75,4,0.66185983976383,0,False,0
3727-OVPRY,1,23,198,25.7,2,0.26542718672542165,0,False,0
3797-FKOGQ,1,25,33,86.2,3,0.6880415356568585,0,False,0
7622-NXQZR,1,26,84,30.1,2,0.1776095529766642,2,False,0
6196-HBOBZ,1,23,260,99.35,2,0.8483660714030249,0,False,0
3970-XGJDU,1,7,186,19.2,2,0.19269571056498547,0,False,0
7017-VFULY,1,20,8,20.1,0,0.22895907281887237,0,False,0
5562-YJQGT,1,1,4,20.35,0,0.16398626942934852,0,False,0
8807-OPMBM,1,14,220,25.65,2,0.3590773047356528,0,False,0
5439-WIKXB,1,24,123,94.55,3,0.618213095633698,0,False,0
9874-QLCLH,1,54,34,104.2,10,0.68132965494613,0,True,1
8294-UIMBA,1,17,120,94.4,0,0.23668401477116432,2,False,0
8109-YUOHE,1,21,68,56.1,3,0.3505256481450463,0,False,0
5840-NVDCG,1,14,64,68.25,2,0.17934656773295954,1,False,0
8092-NLTGF,1,16,144,24.75,0,0.13981904241136198,0,False,0
5928-QLDHB,1,14,36,76.25,5,0.7436209533868986,0,False,0
9840-EFJQB,1,16,3,74.35,4,0.6502464040537272,0,False,0
0696-UKTOX,1,24,46,54.15,1,0.650343284647735,2,False,0
4801-KFYKL,1,20,16,19.45,0,0.29884642556152435,0,False,0
3472-OAOOR,1,29,76,34.95,6,0.1285428486272535,0,False,0
6135-OZQVA,1,28,21,53.65,4,0.7621941526154119,0,False,0
8062-YBDOE,1,76,2,69.65,11,0.4951770732416688,0,False,1
2252-JHJGE,1,24,244,104.0,5,0.45019030477941224,0,False,0
4188-PCPIG,1,3,171,70.35,1,0.3728824540376068,2,False,0
6000-APYLU,1,40,36,80.8,9,0.5555930904652874,0,False,1
7105-BENQF,1,19,60,64.85,3,0.32902506147640737,0,False,0
7721-DVEKZ,1,1,2,19.65,0,0.12673507853455515,0,False,0
3566-VVORZ,1,2,24,45.9,4,0.117239463401825,0,False,0
9507-HSMMZ,1,15,216,20.0,1,0.24845566387631948,0,False,0
2480-SQIOB,1,22,8,44.8,3,0.6106222226566418,0,False,0
0947-IDHRQ,1,67,14,80.3,8,0.10147218775284479,0,True,1
7813-TKCVO,1,10,60,20.35,1,0.1549883934696601,0,False,0
0128-MKWSG,1,18,78,45.8,2,0.1656326546471374,2,False,0
3672-YITQD,1,89,144,84.1,11,0.5733523261113097,0,True,1
4350-ZTLPI,1,14,212,108.95,2,0.36326067311300536,1,False,0
9048-JVYVF,1,76,12,69.35,8,0.6592188815761172,1,False,1
0361-HJRDX,1,27,272,64.35,0,0.303829717143126,1,False,0
5727-MYATE,1,13,216,90.8,0,0.10551882779845989,2,False,0
3823-KYNQY,1,1,24,24.95,1,0.34417770336486037,0,False,0
8988-ECPJR,1,79,102,79.6,8,0.1720986832589252,0,True,1
7570-WELNY,1,26,272,84.7,5,0.1927117986731304,0,False,0
3021-VLNRJ,1,13,200,70.8,2,0.11357692959611157,1,False,0
3776-EKTKM,1,79,3,36.45,6,0.690824038108315,0,False,1
2080-CAZNM,1,25,123,104.4,2,0.7407456745299192,0,False,0
1028-FFNJK,1,14,120,101.5,0,0.6796029106087845,1,False,0
6907-FLBER,1,24,2,54.3,5,0.8588875740637882,0,False,0
3001-UNBTL,1,3,116,103.95,4,0.6643490566753634,0,False,0
5982-PSMKW,1,15,69,91.1,2,0.1185882828982978,2,False,0
3507-GASNP,1,19,240,19.95,0,0.19158158313454382,0,False,0
7096-ZNBZI,1,17,288,26.45,2,0.3731251922552382,0,False,0
1902-XBTFB,1,62,44,89.4,10,0.4998382594157304,0,True,1
1676-MQAOA,1,16,288,75.1,2,0.32974248538262785,2,False,0
0786-IVLAW,1,14,264,108.1,4,0.3719283937453801,0,False,0
7566-DSRLQ,1,12,288,110.15,1,0.7147035822943056,1,False,0
0643-OKLRP,1,63,141,80.35,11,0.7608405224145822,0,True,1
7245-JMTTQ,1,12,153,111.5,1,0.7801081150480578,1,False,0
6050-IJRHS,1,29,140,106.5,3,0.6783735752359719,0,False,0
6202-JVYEU,1,11,36,19.9,1,0.67115356041556,0,False,0
8591-TKMZH,1,17,177,111.1,2,0.11882666540051656,2,False,0
0734-OXWBT,1,8,6,70.7,0,0.33639023350433384,2,False,0
4282-ACRXS,1,17,152,24.85,4,0.7103058324261061,0,False,0
0365-TRTPY,1,21,74,91.2,4,0.25347593846596006,0,False,0
7349-ALMUX,1,25,74,65.6,0,0.2597531423367371,1,False,0
9381-NDKME,1,51,48,40.65,9,0.22098609524382032,0,False,1
6502-KUGLL,1,20,28,59.45,2,0.3570647832501578,1,False,0
1841-YSJGV,1,11,144,109.95,1,0.10444099118907403,2,False,0
2794-XIMMO,1,39,106,60.45,8,0.6522553950913965,1,False,1
8382-SHQEH,1,75,16,84.9,8,0.7197296639946084,0,True,1
3511-BFTJW,1,2,288,38.5,5,0.13096669765968022,0,False,0
7668-XCFYV,1,10,68,92.55,5,0.741880728597487,0,False,0
2983-ZANRP,1,59,4,73.55,7,0.3903034492105343,0,True,1
7845-URHJN,1,32,32,20.15,7,0.37893668954684623,0,True,1
3034-ZBEQN,1,59,96,34.7,10,0.2387638287915768,0,True,1
5018-HEKFO,1,6,40,24.5,2,0.2148910009096892,0,False,0
3976-NLDEZ,1,4,3,20.6,0,0.31178432095661124,0,False,0
2282-YGNOR,1,24,58,58.0,0,0.19560706538322753,2,False,0
5336-UFNZP,1,12,195,107.45,6,0.5222776761714546,0,False,0
6854-EXGSF,1,11,16,65.5,4,0.37042664900860944,0,False,0
1241-EZFMJ,1,23,122,25.45,1,0.2904568179795264,0,False,0
9233-PSYHO,1,23,135,100.15,6,0.16214634948738038,0,False,0
5376-PCKNB,1,27,216,104.45,5,0.10552256840448532,0,False,0
8044-BGWPI,1,26,36,21.15,2,0.8089860316716437,0,False,0
4060-LDNLU,1,25,14,96.2,4,0.6643457136831294,0,False,0
3589-PPVKW,1,13,27,44.4,4,0.22169427269449815,0,False,0
8327-LZKAS,1,42,129,107.55,7,0.5691877020462256,2,True,1
5887-IKKYO,1,6,232,94.35,0,0.294586371310105,1,False,0
1075-BGWOH,1,40,64,98.75,7,0.512743285980921,0,True,1
1755-RMCXH,1,6,6,20.3,0,0.14318401748508308,0,False,0
0302-JOIVN,1,57,24,101.15,8,0.6890412918452571,0,False,1
3858-XHYJO,1,22,120,105.75,3,0.2445531174676774,0,False,0
4299-SIMNS,1,9,27,81.15,5,0.5584169570572628,0,False,0
7025-IWFHT,1,24,164,89.55,2,0.834877765541369,2,False,0
6261-LHRTG,1,25,52,54.75,4,0.2453637647433057,0,False,0
7841-FCRQD,1,29,99,53.75,2,0.37016217392375894,1,False,0
2056-EVGZL,1,15,204,105.75,1,0.3525431858866498,2,False,0
8777-MBMTS,1,26,260,105.85,2,0.29533478478496067,1,False,0
7753-USQYQ,1,8,165,64.2,2,0.5097058854811113,2,False,0
5366-IJEQJ,1,85,60,88.7,7,0.7992070495156336,0,False,1
7661-CPURM,1,24,76,87.7,1,0.3716716088340224,2,False,0
6233-HXJMX,1,16,135,89.3,6,0.21251414035308785,0,False,0
5902-WBLSE,1,6,210,20.15,0,0.25784552789698256,0,False,0
1981-INRFU,1,41,8,79.75,10,0.6708141448162657,0,True,1
4971-PUYQO,1,40,54,94.55,9,0.10441490020221758,0,True,1
3239-TPHPZ,1,22,36,20.05,2,0.6433129063841301,0,False,0
5115-GZDEL,1,3,216,67.2,0,0.13880769201328938,1,False,0
3338-CVVEH,1,10,24,94.55,4,0.5524670794417184,0,False,0
8485-GJCDN,1,48,20,69.05,9,0.2442132434866785,0,False,1
2615-YVMYX,1,28,142,107.5,4,0.7838161402638621,0,False,0
2851-STERV,1,14,105,73.0,1,0.8068776640656521,1,False,0
4393-GEADV,1,4,140,114.75,1,0.38952052642901025,1,False,0
8486-AYEQH,1,26,124,76.05,3,0.6701175139383125,0,False,0
1527-SXDPN,1,47,156,96.25,7,0.2656026729143387,2,False,1
6029-WTIPC,1,55,148,101.1,12,0.7726496114188742,0,False,1
8634-CILSZ,1,35,276,104.7,8,0.3099020231199018,2,True,1
5419-JKZNQ,1,12,60,77.9,5,0.1548466320707018,0,False,0
2495-KZNFB,1,10,66,90.65,4,0.5571226821852829,0,False,0
1409-PHXTF,1,18,216,110.45,1,0.7862613559728229,1,False,0
4560-WQAQW,1,7,236,68.7,1,0.14383814298783484,1,False,0
9591-YVTEB,1,7,165,44.85,4,0.5639938765738706,0,False,0
9309-BZGNT,1,11,276,29.8,4,0.2201980125763174,0,False,0
4274-DRSQT,1,4,264,88.9,3,0.38196223982983113,0,False,0
2027-DNKIV,1,20,74,58.75,2,0.13414544248520402,2,False,0
8075-GXIUB,1,1,36,19.85,1,0.30188271000791844,0,False,0
2885-HIJDH,1,13,276,86.9,0,0.13963675717361973,1,False,0
5424-RLQLC,1,18,20,59.65,5,0.25735031067513614,0,False,0
6682-QJDGB,1,31,120,55.25,6,0.26096905397203984,0,True,1
6507-DTJZV,1,26,26,66.4,2,0.11278783196025836,0,False,0
8780-IXSTS,1,84,12,90.1,8,0.7087483746744381,0,True,1
7673-BQGKU,1,24,276,20.15,1,0.3419867890707555,0,False,0
6723-WSNTY,1,9,264,108.1,0,0.1908562604578768,2,False,0
9530-EHPOH,1,71,33,53.75,7,0.44852185711003334,0,True,1
2725-IWWBA,1,29,184,56.9,2,0.20368801390721464,2,False,0
0345-HKJVM,1,59,18,89.3,5,0.8234536845905381,0,False,1
1061-PNTHC,1,10,168,109.6,2,0.13980507905299,2,False,0
0394-YONDK,1,28,210,25.15,2,0.2047951294974328,0,False,0
6574-MCOEH,1,2,99,79.15,2,0.6878814359008992,1,False,0
7399-QHBJS,1,6,288,66.75,2,0.10986529503599692,2,False,0
3049-SOLAY,1,30,6,95.2,10,0.6469312564933496,0,True,1
0997-YTLNY,1,3,38,48.8,0,0.27869016807031544,1,False,0
3317-HRTNN,1,68,20,45.7,9,0.5496668640574484,0,False,1
9479-HYNYL,1,6,284,80.7,0,0.36115763210597784,2,False,0
3235-ETOOB,1,88,24,74.5,13,0.8634046559551682,0,False,1
9708-KFDBY,1,24,4,20.55,2,0.23246285963491717,0,False,0
8058-INTPH,1,53,2,79.65,13,0.6050060143845435,0,False,1
3642-GKTCT,1,15,244,115.1,1,0.28924248049330303,1,False,0
0774-RMNUW,1,13,284,59.7,0,0.299360489828437,2,False,0
1334-PDUKM,1,20,204,86.45,4,0.11897738332014539,0,False,0
0756-MPZRL,1,28,138,33.7,2,0.11610382907984786,1,False,0
2242-MFOTG,1,10,99,80.1,2,0.35967630227432623,0,False,0
2927-CVULT,1,6,159,104.05,2,0.16596161403780665,2,False,0
2144-BFDSO,1,15,100,108.75,3,0.2752316508831425,0,False,0
8745-PVESG,1,25,228,41.1,2,0.2874015443540826,2,False,0
7647-GYYKX,1,18,216,20.35,2,0.14933928322007223,0,False,0
5647-FXOTP,1,18,180,105.9,5,0.6549703114325562,0,False,0
5569-OUICF,1,57,56,101.3,7,0.3597836854893013,1,False,1
8821-XNHVZ,1,57,2,80.05,10,0.18561330439530938,0,True,1
2082-OJVTK,1,71,116,89.2,5,0.7102727310396969,0,True,1
9700-ISPUP,1,18,30,65.5,0,0.48571975327270867,2,False,0
9839-ETQOE,1,20,172,40.45,4,0.7434653725199329,0,False,0
6078-VESFR,1,9,52,70.45,3,0.292033348283108,0,False,0
9027-TMATR,1,24,86,78.8,1,0.6724320788940379,1,False,0
5940-NFXKV,1,89,38,83.65,8,0.5068930122134641,0,True,1
1941-HOSAM,1,8,4,90.1,3,0.6501787842015967,0,False,0
9110-HSGTV,1,20,207,82.45,1,0.37309131528106276,1,False,0
0704-VCUMB,1,2,183,20.25,2,0.23972232592772524,0,False,0
6171-ZTVYB,1,11,172,66.25,0,0.27831402530883864,2,False,0
8053-WWDRO,1,77,24,19.5,8,0.38075545983880665,0,False,1
9564-KCLHR,1,56,3,51.25,4,0.23994653209697267,2,True,1
1935-IMVBB,1,6,168,89.7,6,0.21648077151802264,0,False,0
2535-PBCGC,1,10,210,64.55,1,0.3679606333144363,2,False,0
2082-CEFLT,1,56,4,45.6,10,0.8135472403227049,0,False,1
1470-PSXNM,1,11,98,93.65,4,0.6406732747163144,0,False,0
1213-NGCUN,1,58,18,49.65,4,0.2775969047650621,1,False,1
2498-XLDZR,1,2,96,73.6,1,0.38911833184997147,2,False,0
9866-OCCKE,1,24,216,109.75,2,0.11664120854181889,2,False,0
5338-YHWYT,1,1,148,61.45,0,0.11194072585617515,1,False,0
7718-UPSKJ,1,19,138,106.4,1,0.25497415266069423,1,False,0
8731-WBBMB,1,2,52,81.9,2,0.18737204308797656,2,False,0
1448-CYWKC,1,21,174,105.2,3,0.2745549654802451,0,False,0
7901-IIDQV,1,20,96,54.6,1,0.31728860588007846,2,False,0
2690-DVRVK,1,29,10,20.55,0,0.462183431913869,0,False,0
5688-KZTSN,1,85,60,20.0,7,0.8403580091724461,0,False,1
1270-XKUCC,1,21,60,19.7,1,0.1830661003710868,0,False,0
0334-ZFJSR,1,24,165,66.05,2,0.21440424465405827,1,False,0
2894-QOJRX,1,63,100,34.0,8,0.2011110255892151,0,False,1
5747-PMBSQ,1,80,30,92.5,6,0.3519504574267597,2,False,1
5583-EJXRD,1,22,88,54.05,1,0.15119566004863025,1,False,0
4565-EVZMJ,1,20,94,58.9,2,0.10860196549349418,1,False,0
3143-JQEGI,1,54,39,88.35,8,0.8662069331004825,0,True,1
6386-SZZKH,1,58,98,107.95,8,0.3941897425663313,1,True,1
3327-YBAKM,1,1,192,96.9,1,0.17730784896405577,2,False,0
9441-QHEVC,1,24,3,19.1,1,0.1028057905312766,0,False,0
6705-LNMDD,1,14,60,50.0,1,0.2937751306580001,1,False,0
2580-ASVVY,1,4,74,45.4,2,0.7530323849380531,1,False,0
3370-GQEAL,1,5,120,85.45,4,0.7589723202583187,0,False,0
5032-USPKF,1,11,114,84.1,4,0.1895411532227681,0,False,0
2982-IHMFT,1,59,4,74.45,6,0.15685125336894623,0,False,1
3521-SYVOR,1,64,74,64.75,9,0.6480867038511112,0,False,1
4254-QPEDE,1,23,104,66.25,0,0.2691013196675288,2,False,0
6283-GITPX,1,13,284,76.9,0,0.3153210381119849,1,False,0
9526-JAWYF,1,68,78,89.8,6,0.8218674139880107,0,True,1
0771-CHWSK,1,24,132,74.6,3,0.2679235562439969,0,False,0
9788-HNGUT,1,13,216,116.95,2,0.14502257793813755,2,False,0
9495-REDIY,1,24,75,40.65,4,0.2794386830084929,0,False,0
5375-XLDOF,1,22,276,114.35,2,0.2122304702293774,1,False,0
1172-VIYBP,1,26,106,69.7,2,0.2358205085827311,0,False,0
5649-VUKMC,1,74,48,95.5,13,0.38784531726674987,0,True,1
6559-PDZLR,1,16,52,98.65,0,0.7471783789067056,1,False,0
8992-OBVDG,1,6,84,61.65,4,0.14489414766368275,0,False,0
4273-MBHYA,1,14,2,89.35,3,0.5365959037864211,0,False,0
4724-WXVWF,1,1,96,95.4,0,0.5678157638275414,2,False,0
5701-GUXDC,1,17,52,35.4,2,0.14064474829987902,0,False,0
1460-UZPRJ,1,11,180,19.95,1,0.31367023370050995,0,False,0
6082-GLJIX,1,19,54,19.25,2,0.28857072074167,0,False,0
5143-EGQFK,1,30,40,29.65,8,0.7284490361774772,1,True,1
4919-IKATY,1,79,20,84.5,9,0.6521945185163802,0,True,1
2495-TTHBQ,1,29,8,20.4,0,0.19666531924626346,0,False,0
0485-ZBSLN,1,5,130,24.75,0,0.1264026136655507,0,False,0
3810-PJUHR,1,17,210,25.35,0,0.18978089425905806,0,False,0
9050-QLROH,1,74,54,90.7,10,0.35151838688853576,0,False,1
0847-HGRML,1,22,186,20.0,2,0.3351026183761936,0,False,0
8232-CTLKO,1,7,264,59.75,3,0.7961730503266679,0,False,0
9227-YBAXE,1,10,195,82.5,1,0.2968201336393116,1,False,0
6168-WFVVF,1,39,12,70.3,10,0.6343477064768099,0,True,1
9860-LISIZ,1,29,102,20.35,0,0.188813344972861,0,False,0
0112-QAWRZ,1,11,48,90.8,4,0.12305807275406806,0,False,0
0877-SDMBN,1,70,108,103.95,10,0.2854055015458545,0,True,1
2786-GCDPI,1,20,200,104.95,0,0.5853278807209523,1,False,0
4043-MKDTV,1,10,213,105.25,1,0.7108998339341257,1,False,0
8065-YKXKD,1,87,20,74.75,8,0.5657060676631175,0,True,1
9637-EIHEQ,1,30,4,50.8,6,0.8193559683629483,1,True,1
9229-RQABD,1,14,72,23.75,1,0.2192836164590302,0,False,0
8313-KTIHG,1,12,12,61.3,0,0.5747842874284999,1,False,0
5320-BRKGK,1,15,232,75.8,2,0.36129591302517416,2,False,0
6284-KMNUF,1,10,112,98.0,3,0.6029000176744757,0,False,0
9689-PTNPG,1,74,4,80.25,7,0.8323023003550536,0,True,1
9465-RWMXL,1,70,128,78.9,6,0.4330595854598119,0,True,1
6229-UOLQL,1,19,112,52.0,1,0.30777799331967637,2,False,0
2362-IBOOY,1,33,144,84.75,8,0.5526217788279205,0,False,1
3137-LUPIX,1,24,8,64.4,0,0.14446973892548556,2,False,0
0843-WTBXE,1,40,212,85.45,6,0.31002250596087744,0,False,1
6143-JQKEA,1,26,40,45.8,4,0.18691700236405745,0,False,0
8676-OOQEJ,1,10,16,30.5,1,0.5251876779351249,2,False,0
5515-IDEJJ,1,50,2,19.9,9,0.3404578412888033,0,True,1
9701-CDXHR,1,17,204,69.15,2,0.38387405925210916,0,False,0
7450-NWRTR,1,41,48,99.45,9,0.6589964635659011,0,True,1
8124-NZVGJ,1,7,18,49.25,1,0.1951587868707056,1,False,0
2162-FRZAA,1,7,189,39.35,2,0.3142219918019231,2,False,0
5376-DEQCP,1,48,4,70.6,8,0.8255825191120294,0,True,1
5118-MUEYH,1,27,144,105.1,0,0.3997486900981878,2,False,0
9095-HFAFX,1,89,20,81.0,13,0.1820112169760798,0,True,1
5627-TVBPP,1,22,105,20.1,1,0.26698557662605615,0,False,0
2379-ENZGV,1,76,12,84.85,9,0.5605229853066845,0,True,1
3936-QQFLL,1,14,4,19.75,1,0.19925203152954923,0,False,0
2589-AYCRP,1,17,200,19.75,0,0.11349057136738086,0,False,0
4067-HLYQI,1,1,132,70.4,4,0.16325156285090517,0,False,0
5124-EOGYE,1,9,62,20.45,2,0.2519634930353778,0,False,0
5057-RKGLH,1,20,18,20.35,0,0.1491277368541129,0,False,0
0292-WEGCH,1,21,162,86.2,0,0.8344957917512039,2,False,0
8910-ICHIU,1,19,184,95.65,5,0.3130927034288944,0,False,0
4097-YODCF,1,4,68,103.8,2,0.5142532025714026,0,False,0
9715-WZCLW,1,28,142,97.2,2,0.7672233406808119,0,False,0
9786-YWNHU,1,8,252,63.55,2,0.39319629825864066,1,False,0
6407-GSJNL,1,13,153,24.95,1,0.2505584709301011,0,False,0
6005-OBZPH,1,44,78,89.15,6,0.5988730952048952,0,True,1
4049-ZPALD,1,9,192,99.0,6,0.17903933482001483,0,False,0
7932-WPTDS,1,81,3,24.8,7,0.5814286239015041,0,False,1
3733-UOCWF,1,22,122,85.55,0,0.2474828134207093,1,False,0
6833-JMZYP,1,18,60,94.0,2,0.11504200663082081,0,False,0
2722-VOJQL,1,37,256,105.65,5,0.25115115739825555,1,False,1
1310-QRITU,1,10,36,50.3,5,0.6559289976543217,0,False,0
8961-QDZZJ,1,11,114,95.0,6,0.6176205852083116,0,False,0
9715-SBVSU,1,7,28,61.4,5,0.22551523790333616,0,False,0
8490-BXHEO,1,9,72,80.55,4,0.19153427560129038,0,False,0
7173-TETGO,1,6,288,78.5,5,0.2345914718550019,0,False,0
7929-SKFGK,1,19,280,114.3,0,0.24221016677369575,1,False,0
2300-RQGOI,1,16,114,20.05,2,0.35010752847257165,0,False,0
3563-SVYLG,1,15,136,62.65,1,0.2997350030296811,1,False,0
5228-EXCET,1,86,26,80.85,9,0.6121573003992331,0,False,1
6435-VWCCY,1,16,130,92.7,4,0.37157258127272097,0,False,0
4998-IKFSE,1,5,120,100.45,3,0.7988468703998064,0,False,0
8630-QSGXK,1,16,102,75.2,0,0.12271506913248695,2,False,0
2455-USLMV,1,1,62,84.75,4,0.1461237487797671,0,False,0
7394-FKDNK,1,64,27,89.45,6,0.4740744192774181,0,True,1
9488-FVZCC,1,5,288,79.5,1,0.19565900793369367,2,False,0
6331-LWDTQ,1,30,20,72.15,10,0.23069398624095205,0,False,1
5995-WWKKG,1,19,148,19.8,0,0.6289962432166926,0,False,0
1597-FZREH,1,76,8,76.4,7,0.6871637202459321,1,True,1
7879-CGSFV,1,5,220,100.9,3,0.10538688573493449,0,False,0
9921-EZKBY,1,29,99,95.3,3,0.22848652172353706,0,False,0
7432-FFVAR,1,17,184,90.95,2,0.22329951210464902,1,False,0
7246-ZGQDF,1,26,4,54.5,2,0.7767618474547657,2,False,0
7000-WCEVQ,1,63,80,61.6,7,0.17231107528725786,0,True,1
0727-IWKVK,1,58,18,79.9,9,0.6192992522056908,0,False,1
5959-BELXA,1,53,96,96.15,7,0.1426780636551928,0,True,1
4456-RHSNB,1,29,38,49.6,4,0.2560428171783487,0,False,0
3512-IZIKN,1,71,210,65.3,5,0.21727114105163994,1,True,1
2481-SBOYW,1,2,183,25.0,1,0.32624260850919684,0,False,0
7109-MFBYV,1,15,104,45.45,5,0.6362470231806425,0,False,0
1833-TCXKK,1,20,180,107.75,4,0.13838852560070647,0,False,0
1832-PEUTS,1,28,124,89.1,3,0.21606273691631023,0,False,0
6141-OOXUQ,1,78,3,19.65,7,0.3649106851967666,0,False,1
8660-BUETV,1,11,12,44.75,5,0.22165796602631882,0,False,0
0580-PIQHM,1,25,164,101.6,3,0.35008831674254437,0,False,0
5696-CEIQJ,1,10,268,103.15,0,0.21145902575607434,2,False,0
7503-ZGUZJ,1,81,4,84.65,7,0.18441568717493645,0,True,1
1696-HXOWK,1,24,142,95.65,2,0.33245881897160373,0,False,0
3026-ATZYV,1,4,74,75.1,5,0.162770358301413,0,False,0
4012-YCFAI,1,5,240,61.35,0,0.16954921185094346,1,False,0
2506-TNFCO,1,60,4,69.55,12,0.5335140570345327,0,False,1
9970-QBCDA,1,13,24,19.7,0,0.15635371338459836,0,False,0
8718-PTMEZ,1,70,52,31.05,10,0.7118985407113918,0,False,1
9496-IVVRP,1,13,44,51.0,4,0.21987180961447114,0,False,0
2207-OBZNX,1,86,21,51.0,7,0.226188426079472,0,False,1
2657-VPXTA,1,29,30,88.85,4,0.7261681508051352,0,False,0
6551-VLJMV,1,27,102,20.05,1,0.2715731847277453,0,False,0
1221-GHZEP,1,24,186,65.1,1,0.15682870737863716,1,False,0
9289-LBQVU,1,2,256,70.15,1,0.28418325492281976,2,False,0
6142-VSJQO,1,86,3,44.35,12,0.2009663762407866,0,True,1
3458-IDMFK,1,1,75,20.75,1,0.32020322054173855,0,False,0
6933-FHBZC,1,26,52,56.05,2,0.26716133505589523,0,False,0
0221-NAUXK,1,19,30,19.95,1,0.26628058805143184,0,False,0
9770-KXGQU,1,9,159,98.6,2,0.305646096577862,0,False,0
6437-UKHMV,1,67,28,79.7,10,0.6148921327591608,0,True,1
6538-POCHL,1,3,99,79.0,3,0.22876988216844266,0,False,0
6726-NNFWD,1,25,213,89.45,4,0.2748693605298646,0,False,0
3002-WQZWT,1,7,116,74.2,5,0.6230548731008396,0,False,0
4277-UDIEF,1,29,72,81.0,1,0.233277242330126,1,False,0
1208-NBVFH,1,10,80,49.6,2,0.5189105406406176,0,False,0
4912-PIGUY,1,1,3,84.6,4,0.4944720734780729,0,False,0
1114-CENIM,1,33,108,55.0,8,0.30968722210143584,0,False,1
6060-DRTNL,1,57,10,84.85,8,0.10128434260804173,0,True,1
2725-TTRIQ,1,9,216,84.2,0,0.12858712666250155,1,False,0
3374-TTZTK,1,28,104,106.3,1,0.8377892240406288,1,False,0
8990-ZXLSU,1,15,36,69.05,5,0.5688486694104462,0,False,0
2275-RBYQS,1,15,3,45.4,4,0.2254362675624622,0,False,0
8473-VUVJN,1,76,4,73.65,11,0.712529259819571,0,False,1
6289-CPNLD,1,70,66,73.9,6,0.10003071175775408,2,True,1
5536-SLHPM,1,34,220,77.75,6,0.7297828235206225,0,True,1
4419-UJMUS,1,9,138,99.35,1,0.42215028222157697,2,False,0
7794-JASDG,1,26,2,50.75,2,0.15126071485720322,0,False,0
7609-YBPXG,1,22,108,87.1,2,0.10873106299972282,2,False,0
5519-TEEUH,1,9,132,20.15,1,0.2558560138703796,0,False,0
7856-GANIL,1,23,90,98.7,0,0.3829282930256507,1,False,0
0804-XBFBV,1,7,33,25.2,3,0.7224976947004438,0,False,0
2676-OXPPQ,1,24,12,55.7,4,0.2919245638794037,0,False,0
3703-TTEPD,1,23,63,65.35,5,0.1556465912720791,0,False,0
2799-TSLAG,1,12,195,25.3,1,0.3608791295580953,0,False,0
0196-VULGZ,1,80,18,84.35,10,0.6823485464274233,0,True,1
8837-VVWLQ,1,43,24,84.95,7,0.5448179263503633,0,False,1
2696-NARTR,1,86,44,73.85,6,0.8412917311618108,2,False,1
2208-NKVVH,1,6,129,24.25,0,0.36314540140955476,0,False,0
7614-QVWQL,1,88,98,51.8,10,0.3094678037289014,0,True,1
1976-CFOCS,1,76,3,46.0,10,0.5110409828151816,0,False,1
4631-OACRM,1,83,30,79.4,10,0.8627966000042886,0,False,1
7139-JZFVG,1,28,240,60.5,2,0.12280029668979589,0,False,0
4987-GQWPO,1,29,51,25.1,2,0.29634219644507015,0,False,0
3755-JBMNH,1,45,32,71.8,8,0.13315757656173888,0,True,1
1757-TCATG,1,1,140,20.05,0,0.3716240075862466,0,False,0
6345-ULYRW,1,51,176,88.4,11,0.20499330502671365,0,True,1
4776-XSKYQ,1,28,24,30.25,1,0.25345090671634174,2,False,0
8048-DSDFQ,1,6,3,20.2,2,0.15362847530920318,0,False,0
5753-QQWPW,1,5,112,59.9,2,0.6799282090799241,1,False,0
6010-DDPPW,1,2,140,25.15,1,0.38165197157169684,0,False,0
1809-DMJHQ,1,78,15,46.0,10,0.37048992118994706,0,True,1
6693-FRIRW,1,29,72,101.3,3,0.11916877606067078,0,False,0
6586-MYGKD,1,26,140,76.95,0,0.21347755194230122,1,False,0
3173-NVMPX,1,14,36,55.3,3,0.1802294089126499,0,False,0
0248-PGHBZ,1,4,268,92.45,2,0.24440844313392668,2,False,0
0623-GDISB,1,4,2,48.45,4,0.35011874870052095,0,False,0
2892-GESUL,1,21,72,19.35,2,0.32165553569482924,0,False,0
6923-EFPNL,1,61,8,51.75,10,0.20319345764915425,0,True,1
7472-EQOAV,1,8,213,86.7,3,0.2147997488686591,0,False,0
9574-RKJIF,1,63,60,94.4,7,0.6391683665680956,0,True,1
2043-WVTQJ,1,4,3,55.7,5,0.15826755064979436,0,False,0
8034-RYTVV,1,16,220,84.25,5,0.1308184060433474,0,False,0
3863-QSTYI,1,21,118,64.65,1,0.6370479454487372,2,False,0
2619-WFQWU,1,61,2,70.15,12,0.13720972940572895,0,True,1
5044-LRQAQ,1,4,14,69.2,6,0.20559527297419794,0,False,0
1716-LSAMB,1,16,90,54.65,0,0.3812697352178279,2,False,0
1333-PBMXB,1,22,162,24.75,2,0.13608984280755035,0,False,0
6546-OPBBH,1,12,153,23.95,0,0.3454966430827201,0,False,0
5985-BEHZK,1,16,288,105.0,3,0.2603944094314458,0,False,0
9127-QRZMH,1,19,176,59.85,2,0.2898709229502392,1,False,0
5919-VCZYM,1,8,8,20.05,2,0.1510247104054246,0,False,0
9644-KVCNC,1,6,264,92.15,4,0.14541199344156835,0,False,0
2137-DQMEV,1,10,136,44.8,4,0.14882310304354318,0,False,0
8174-LNWMW,1,5,93,20.9,2,0.30011886291752443,0,False,0
9279-CJEOJ,1,29,63,95.4,5,0.32433648002251875,0,False,0
7964-VEXDG,1,18,63,80.35,4,0.7513613507093964,0,False,0
2404-JIBFC,1,10,165,85.1,1,0.21945770580014068,1,False,0
0778-NELLA,1,78,36,34.7,6,0.23859081523004205,0,True,1
8029-XYPWT,1,7,142,115.05,2,0.24087850479874376,2,False,0
4614-NUVZD,1,54,3,81.1,9,0.5585429685825096,0,False,1
4632-PAOYU,1,1,44,19.95,2,0.198469796393199,0,False,0
3803-KMQFW,1,65,2,20.55,4,0.35404607082302686,0,True,1
6804-GDMOI,1,46,122,106.6,6,0.6940367581426194,2,True,1
2990-OGYTD,1,1,134,86.15,2,0.36072883057704563,2,False,0
6646-JPPHA,1,15,42,78.85,5,0.6798993854384946,0,False,0
9572-MTILT,1,31,177,106.75,8,0.6479368871412465,2,False,1
7658-UYUQS,1,28,63,86.55,4,0.2680842615336734,0,False,0
7880-XSOJX,1,29,16,42.4,1,0.13093805414296777,1,False,0
9611-CTWIH,1,61,9,89.45,8,0.7903354875541457,0,True,1
4589-IUAJB,1,10,280,24.25,2,0.34611995159155584,0,False,0
0329-GTIAJ,1,88,12,97.9,5,0.6594187825949478,2,True,1
8746-BFOAJ,1,9,84,20.5,0,0.3964375041094381,0,False,0
8457-XIGKN,1,2,60,19.6,1,0.10479980840407062,0,False,0
6072-NUQCB,1,28,66,20.25,2,0.2233180949296969,0,False,0
6629-CZTTH,1,52,3,55.7,8,0.35750291749950236,0,False,1
8838-GPHZP,1,16,252,20.6,1,0.22990518393219744,0,False,0
8750-QWZAJ,1,1,280,19.8,1,0.1015724010427812,0,False,0
5364-EVNIB,1,86,26,79.8,9,0.62138469192436,0,False,1
6918-UMQCG,1,7,20,80.2,2,0.6587877983007464,0,False,0
0675-NCDYU,1,29,288,116.4,0,0.3003843582858171,1,False,0
6339-DKLMK,1,10,39,31.65,4,0.49686617622016216,0,False,0
1346-PJWTK,1,22,122,94.15,0,0.23441291808951098,2,False,0
5088-QZLRL,1,20,2,20.65,1,0.5038444065247861,0,False,0
8023-QHAIO,1,1,112,76.85,0,0.2432501566702892,1,False,0
4397-FRLTA,1,13,12,20.15,0,0.3687773428717528,0,False,0
3057-VJJQE,1,1,70,55.25,6,0.279030409457077,0,False,0
5087-SUURX,1,35,36,39.05,8,0.6686455616546405,0,True,1
2302-OUZXB,1,16,216,82.15,4,0.14867780070829734,0,False,0
8133-ANHHJ,1,15,98,103.0,1,0.1607255690549535,2,False,0
2270-CHBFN,1,17,176,95.1,1,0.12295298502102374,1,False,0
0013-EXCHZ,1,32,12,83.9,4,0.32272331306818003,1,False,1
5982-FPVQN,1,23,148,95.15,2,0.5426116693385973,0,False,0
9107-UKCKY,1,16,244,79.8,4,0.5160005351550254,0,False,0
4654-ULTTN,1,13,280,74.8,1,0.3249534080538265,2,False,0
5550-VFRLC,1,77,4,69.85,10,0.6181565387684405,0,True,1
5546-BYZSM,1,17,164,20.45,1,0.649554795984832,0,False,0
1492-KGETH,1,17,280,78.35,2,0.27139232023782045,2,False,0
4929-BSTRX,1,84,4,53.55,8,0.12709842408757183,0,True,1
4163-HFTUK,1,13,153,19.1,2,0.5765010076864805,0,False,0
8215-NGSPE,1,14,126,20.0,2,0.26042333713216326,0,False,0
2225-ZRGSG,1,32,280,93.9,5,0.20442409847667395,2,True,1
8859-YSTWS,1,28,144,19.95,1,0.10568113032800171,0,False,0
5271-YNWVR,1,44,204,113.15,6,0.6519550034264587,2,False,1
7601-DHFWZ,1,3,192,24.0,2,0.296143980132249,0,False,0
2657-ALMWY,1,61,104,84.95,7,0.5680396565468779,0,True,1
6330-JKLPC,1,61,33,80.5,9,0.1294615591877122,0,False,1
4667-OHGKG,1,33,4,19.3,8,0.2773602281926105,0,False,1
1998-VHJHK,1,15,108,19.15,2,0.20456487056999356,0,False,0
1707-HABPF,1,9,184,91.3,4,0.1766168011024428,0,False,0
1660-HSOOQ,1,48,4,49.65,9,0.31644077590484765,0,False,1
7253-UVNDW,1,72,138,54.35,8,0.19844501831483075,1,True,1
0487-VVUVK,1,21,50,19.15,2,0.14081454747907385,0,False,0
7228-OMTPN,1,64,12,88.45,12,0.7389864181613657,0,True,1
5063-IUOKK,1,27,26,19.75,2,0.34853973647485215,0,False,0
4508-OEBEY,1,18,62,75.5,0,0.35489763525988827,1,False,0
0027-KWYKW,1,5,46,83.75,2,0.8423887403943429,0,False,0
2308-STERM,1,6,6,19.4,2,0.22627595182044452,0,False,0
5982-XMDEX,1,17,195,26.5,1,0.3372802633718305,0,False,0
6284-AHOOQ,1,63,66,90.5,3,0.355069230389638,2,True,1
6051-PTVNS,1,20,165,19.15,0,0.237861463057794,0,False,0
2344-JMOGN,1,33,27,94.85,5,0.19562181667611384,2,False,1
3799-ISUZQ,1,53,14,69.95,11,0.31058936404317816,0,False,1
2877-VDUER,1,2,105,40.9,2,0.3713407817067985,2,False,0
9152-AMKAK,1,5,12,80.25,2,0.39164574553735376,2,False,0
1794-HBQTJ,1,48,3,48.6,9,0.18706744170314665,0,True,1
9432-VOFYX,1,4,51,70.8,5,0.7444629414692503,0,False,0
8049-WJCLQ,1,4,40,60.2,4,0.24978467401224802,0,False,0
6586-PSJOX,1,22,30,55.2,1,0.19181041129029414,1,False,0
2460-FPSYH,1,78,120,55.8,6,0.795796489178877,0,True,1
9705-ZJBCG,1,25,39,54.15,1,0.36334239253715317,2,False,0
4818-DRBQT,1,48,87,80.15,11,0.30772497678258715,0,False,1
1320-HTRDR,1,82,12,75.5,6,0.7249636444973375,0,True,1
6847-KJLTS,1,22,116,100.4,1,0.30444636181147505,1,False,0
9670-BPNXF,1,23,135,62.55,0,0.2321211395326285,2,False,0
3913-FCUUW,1,12,216,70.45,0,0.38441486711620154,1,False,0
3301-VKTGC,1,10,204,85.5,4,0.38897430331482796,0,False,0
1493-AMTIE,1,35,4,20.2,6,0.19425252918692154,0,False,1
9555-SAHUZ,1,11,114,54.5,3,0.5173931314253543,0,False,0
0816-TSPHQ,1,10,4,20.75,0,0.2148161322296214,0,False,0
9932-WBWIK,1,22,22,20.35,0,0.34664378551517244,0,False,0
4619-EVPHY,1,6,40,91.0,4,0.33734369525293073,0,False,0
5286-YHCVC,1,18,144,104.8,3,0.39493453142683843,0,False,0
6424-ELEYH,1,41,9,74.75,7,0.23956410310970805,0,False,1
4391-RESHN,1,45,92,104.05,5,0.32103012822027854,1,True,1
9115-YQHGA,1,10,160,51.1,0,0.6805367965328024,2,False,0
4462-CYWMH,1,16,248,89.8,5,0.16636913144019302,0,False,0
8963-MQVYN,1,12,66,20.55,1,0.7202330809866484,0,False,0
2458-EOMRE,1,1,44,64.05,4,0.2643123029191597,0,False,0
9334-GWGOW,1,21,14,74.85,5,0.6993945787269019,0,False,0
6821-BUXUX,1,60,39,96.65,6,0.6170882281909411,0,False,1
5028-HTLJB,1,33,4,20.05,6,0.34383778325549125,0,True,1
9801-GDWGV,1,73,78,103.45,6,0.5108658954073826,0,False,1
6542-LWGXJ,1,13,6,25.0,5,0.16490691750207825,0,False,0
5567-GZKQY,1,15,174,20.3,2,0.34155961927222755,0,False,0
1222-LRYKO,1,21,18,26.35,1,0.20816902930816902,0,False,0
2320-JRSDE,1,51,4,19.9,5,0.6227309522366359,0,False,1
2087-QAREY,1,8,88,54.7,6,0.20104555765806087,0,False,0
0601-WZHJF,1,86,56,46.35,8,0.6043825375926213,0,False,1
4423-JWZJN,1,14,192,90.25,4,0.3319433038471803,0,False,0
5143-WMWOG,1,37,4,19.95,6,0.6354067151887681,0,False,1
6490-FGZAT,1,18,24,20.65,2,0.265807736148622,0,False,0
5393-RXQSZ,1,43,2,79.6,10,0.6414381675591242,0,False,1
7452-FOLON,1,15,78,25.45,1,0.2119399500244886,0,False,0
2320-TZRRH,1,6,40,19.5,1,0.18861072283311386,0,False,0
0231-LXVAP,1,32,4,75.9,7,0.6733873902215077,1,True,1
9444-JTXHZ,1,79,3,76.2,5,0.6995567921781877,0,False,1
4942-VZZOM,1,21,128,66.15,5,0.15877365153540704,0,False,0
5510-BOIUJ,1,84,3,19.25,5,0.3247131746837024,0,True,1
7502-BNYGS,1,20,184,69.1,4,0.2007615562858578,0,False,0
4291-HYEBC,1,20,112,39.1,4,0.5987926444655496,0,False,0
6147-CBCRA,1,21,66,20.05,2,0.10816428331476761,0,False,0
6047-SUHPR,1,18,117,59.8,3,0.8157055642664787,0,False,0
4471-KXAUH,1,45,84,84.3,5,0.6962640915849654,1,True,1
9752-ZNQUT,1,18,4,48.6,2,0.4732265827376794,0,False,0
7638-QVMVY,1,89,21,79.0,7,0.7568574702635785,0,True,1
1576-PFZIW,1,2,140,105.35,4,0.36629533841388906,0,False,0
5666-MBJPT,1,26,260,25.1,1,0.2583903977796584,0,False,0
7312-XSBAT,1,9,2,49.75,3,0.4408403583894681,0,False,0
3096-GKWEB,1,14,54,94.75,2,0.6614837057328584,0,False,0
2371-JQHZZ,1,19,72,93.0,3,0.6422569776390982,0,False,0
0674-GCDXG,1,10,189,71.9,2,0.29091924095678934,2,False,0
1121-QSIVB,1,23,132,77.55,3,0.25565734052551087,0,False,0
4396-KLSEH,1,4,12,19.85,0,0.5607447430130106,0,False,0
3244-DCJWY,1,46,2,70.25,8,0.6041237544531325,0,False,1
2824-MYYBN,1,29,74,95.25,4,0.6552231408054419,0,False,0
0875-CABNR,1,62,20,84.6,7,0.37194703733807866,0,False,1
6345-HOVES,1,14,68,25.05,4,0.27904088568402496,0,False,0
8318-LCNBW,1,4,140,53.15,3,0.2523135654134896,0,False,0
6469-QJKZW,1,26,16,20.15,1,0.8108820952134643,0,False,0
0147-ESWWR,1,15,78,101.25,1,0.48224861307313516,2,False,0
1217-VASWC,1,16,172,100.55,4,0.17306938535171873,0,False,0
7812-FZHPE,1,83,68,24.1,5,0.3350719405323972,0,True,1
6370-ZVHDV,1,17,183,25.3,1,0.23270506810970157,0,False,0
5915-DGNVC,1,19,98,71.8,5,0.6265251299567802,0,False,0
6260-XLACS,1,29,16,19.7,2,0.3661233863433415,0,False,0
3566-CAAYU,1,19,256,49.85,1,0.5832254473287333,1,False,0
4983-CCWMC,1,17,6,69.6,6,0.34087274211994556,0,False,0
9103-CXVOK,1,6,3,19.75,2,0.7463756981331913,0,False,0
2896-TBNBE,1,29,80,80.8,4,0.48194121823085884,0,False,0
4797-AXPXK,1,51,3,60.0,6,0.6113741498759069,2,False,1
5229-PRWKT,1,34,32,86.55,12,0.7292951185493834,0,True,1
6982-UQZLY,1,88,3,20.85,6,0.2440081268884232,0,True,1
2522-WLNSF,1,8,102,64.2,1,0.31965472765670055,2,False,0
3841-CONLJ,1,11,2,35.0,6,0.6080352468146757,0,False,0
5057-LCOUI,1,76,156,50.75,11,0.4646494666775113,0,False,1
0193-ESZXP,1,68,116,105.5,4,0.15855809371567267,1,False,1
4475-NVTLU,1,24,90,19.2,2,0.6016438679162754,0,False,0
4369-HTUIF,1,62,24,85.15,9,0.24489717214282716,0,True,1
9386-LDCZR,1,25,86,90.65,2,0.25093973279394144,1,False,0
9585-KKMFD,1,19,82,20.0,0,0.3865002272507658,0,False,0
5399-ZIMKF,1,26,15,74.65,4,0.5677028994398902,0,False,0
0336-KXKFK,1,10,144,61.2,0,0.2141580202893486,2,False,0
5619-XZZKR,1,9,16,19.95,0,0.2543642305363061,0,False,0
3948-FVVRP,1,4,18,54.8,2,0.3889338218202707,2,False,0
5327-XOKKY,1,23,216,73.45,3,0.2512944451021115,0,False,0
0983-TATYJ,1,15,66,51.45,1,0.33258271603626827,1,False,0
1813-JYWTO,1,13,144,80.45,4,0.32478343241266583,0,False,0
0156-FVPTA,1,83,44,54.2,7,0.5950126305220275,2,False,1
1984-FCOWB,1,58,210,109.5,8,0.5840588911888798,2,False,1
0654-HMSHN,1,85,84,104.4,7,0.6231776997592136,0,True,1
6719-OXYBR,1,16,60,85.3,3,0.5497344058950671,0,False,0
3312-ZWLGF,1,9,87,79.3,2,0.44665306647611225,2,False,0
6476-YHMGA,1,28,45,76.5,2,0.21376540295733726,2,False,0
5287-QWLKY,1,47,142,105.1,9,0.2831541167128705,0,True,1
0795-XCCTE,1,3,288,25.4,0,0.14327988962169375,0,False,0
0168-XZKBB,1,9,57,86.85,4,0.4772072497335218,0,False,0
3785-NRHYR,1,13,4,19.65,0,0.3120958985207925,0,False,0
5196-SGOAK,1,37,2,75.7,7,0.6338497861017307,0,True,1
4537-DKTAL,1,22,6,45.55,2,0.567485196816905,0,False,0
7072-MBHEV,1,2,44,78.1,5,0.39335256593692847,0,False,0
5602-BVFMK,1,8,48,19.3,0,0.10442058422305839,0,False,0
6297-NOOPG,1,27,140,110.5,0,0.5683262086063161,1,False,0
1891-UAWWU,1,31,60,90.8,8,0.5083878768484232,0,False,1
8204-TIFGJ,1,16,92,20.3,2,0.3514144580783758,0,False,0
8050-DVOJX,1,2,98,81.35,1,0.2750607142802713,2,False,0
6108-OQZDQ,1,34,16,97.95,10,0.4579667823834531,0,True,1
0363-QJVFX,1,57,64,108.15,9,0.2846086462081601,1,True,1
8903-XEBGX,1,8,8,55.3,2,0.5858380614823465,0,False,0
8169-SAEJD,1,26,276,56.55,5,0.2487197823166168,0,False,0
9840-DVNDC,1,47,12,80.5,6,0.3008238743627537,0,False,1
1089-XZWHH,1,5,72,19.7,0,0.1445521098502093,0,False,0
2325-WINES,1,9,64,104.05,5,0.2491151223237908,0,False,0
6064-ZATLR,1,1,81,52.85,3,0.23722327872311352,0,False,0
3096-JRDSO,1,78,108,104.3,5,0.3747251430769837,1,True,1
7824-PANSQ,1,10,232,80.65,1,0.3987104183725916,1,False,0
8042-JVNFH,1,78,2,71.35,12,0.2963423339895208,0,True,1
9648-BCHKM,1,4,36,24.65,2,0.35645774668612806,0,False,0
2888-ADFAO,1,3,141,21.3,0,0.2940645872310801,0,False,0
8707-HOEDG,1,10,210,110.2,0,0.7373064473594443,2,False,0
3374-LXDEV,1,32,39,89.4,3,0.6198171918832691,2,True,1
4072-IPYLT,1,11,72,51.05,4,0.2823969573500908,0,False,0
7167-PCEYD,1,14,268,19.8,1,0.35355085694603416,0,False,0
4936-YPJNK,1,6,20,19.9,2,0.3754257160662753,0,False,0
1580-BMCMR,1,12,76,87.3,5,0.5674153613584412,0,False,0
4817-KEQSP,1,13,142,19.85,2,0.13118580768626337,0,False,0
6408-WHTEF,1,17,144,89.4,1,0.37935161840143816,2,False,0
9251-AWQGT,1,16,144,20.0,2,0.2705526309203594,0,False,0
8749-CLJXC,1,3,4,20.05,2,0.397057628180159,0,False,0
7989-VCQOH,1,2,36,83.25,1,0.8334088944709958,2,False,0
5049-GLYVG,1,67,2,20.6,7,0.34544205512294335,0,False,1
4199-QHJNM,1,29,268,102.9,1,0.2158367522953022,1,False,0
8882-TLVRW,1,9,138,39.1,2,0.17726241635049972,1,False,0
5883-GTGVD,1,72,76,99.95,7,0.6639158543995625,0,False,1
5135-GRQJV,1,29,216,114.5,1,0.3637096295904998,1,False,0
2384-OVPSA,1,18,114,20.2,0,0.31770955261249423,0,False,0
1371-WEPDS,1,20,160,55.8,4,0.6759083550602111,0,False,0
3580-GICBM,1,15,183,24.2,2,0.32596014281231156,0,False,0
4817-QRJSX,1,76,40,81.0,7,0.30711928696227847,0,True,1
9730-DRTMJ,1,2,64,72.8,2,0.37391542747147877,2,False,0
4686-UXDML,1,17,42,99.85,3,0.17906716693945104,0,False,0
3349-ANQNH,1,22,236,99.5,4,0.4782574070900695,0,False,0
2398-YPMUR,1,70,26,70.15,8,0.5996424695952057,0,True,1
0932-YIXYU,1,8,141,20.25,0,0.20832424325864538,0,False,0
7480-SPLEF,1,10,138,26.0,0,0.3924583441200935,0,False,0
7636-XUHWW,1,26,4,19.9,2,0.10225125629987608,0,False,0
1431-CYWMH,1,18,88,19.05,1,0.3800149185939389,0,False,0
5937-EORGB,1,25,45,96.5,5,0.7497846348941719,0,False,0
6349-JDHQP,1,29,106,19.85,0,0.11528751303053682,0,False,0
5539-HIVAK,1,19,56,25.7,1,0.3668709553437002,0,False,0
5847-MXBEO,1,8,88,20.3,2,0.24123365188943288,0,False,0
9985-MWVIX,1,59,4,70.15,11,0.32984522093616,0,True,1
4583-PARNH,1,8,48,91.55,1,0.43668748842982996,2,False,0
1116-FRYVH,1,3,96,39.4,0,0.3865616782354242,2,False,0
1421-HCERK,1,3,120,105.7,1,0.28226454251621935,1,False,0
9633-XQABV,1,12,12,70.25,6,0.6797816776517542,0,False,0
0716-BQNDX,1,22,228,93.75,2,0.6368657932561494,1,False,0
1265-XTECC,1,44,204,96.55,7,0.26104308821692246,0,True,1
1183-CANVH,1,4,92,60.0,2,0.15174870529792983,1,False,0
1972-XMUWV,1,17,195,59.8,0,0.15338623906264015,2,False,0
8679-LZBMD,1,14,132,90.65,5,0.2417710875859088,0,False,0
3407-JMJQQ,1,19,142,109.0,3,0.36113266469241323,0,False,0
6252-DFGTK,1,9,74,68.1,2,0.1345656033645569,2,False,0
1539-LNKHM,1,21,36,20.4,1,0.39951554488772323,0,False,0
8645-KOMJQ,1,12,138,81.95,0,0.3627736769504498,2,False,0
0289-IVARM,1,5,70,60.55,5,0.6723082875268427,0,False,0
9761-XUJWD,1,11,20,65.6,2,0.17593549922732954,2,False,0
4057-FKCZK,1,20,116,82.5,4,0.3765988285496963,0,False,0
4291-TPNFG,1,3,216,82.3,1,0.1369634857709907,2,False,0
6087-YPWHO,1,21,144,68.15,1,0.2041869806257494,1,False,0
3090-QFUVD,1,15,4,20.3,2,0.1251737045481981,0,False,0
2237-ZFSMY,1,58,117,95.55,3,0.7084586733605888,2,False,1
1722-LDZJS,1,11,106,20.2,2,0.28528688460261625,0,False,0
1818-ESQMW,1,20,81,89.2,1,0.5825798438312846,2,False,0
4871-JTKJF,1,48,2,69.65,9,0.5411850693200493,0,True,1
1415-YFWLT,1,55,4,89.3,12,0.5598249249478715,0,True,1
7401-RUBNK,1,27,36,74.8,5,0.5496517073406614,0,False,0
0506-YLVKJ,1,12,138,20.2,1,0.36680467906962466,0,False,0
8661-BOYNW,1,8,216,84.4,1,0.25328211308521814,1,False,0
6711-VTNRE,1,44,108,87.55,3,0.6525848891591344,2,False,1
4815-GBTCD,1,15,8,25.15,4,0.5312925139312616,0,False,0
2805-AUFQN,1,12,50,19.8,0,0.2511247782630064,0,False,0
0980-PVMRC,1,16,80,50.85,3,0.583592687133683,0,False,0
7233-DRTRF,1,16,252,102.4,4,0.7582446714545544,0,False,0
3500-RMZLT,1,50,60,96.3,8,0.3325825029523118,1,True,1
3873-NFTGI,1,21,56,55.5,3,0.14446069725891986,0,False,0
1162-ECVII,1,20,216,109.75,0,0.12235207022081988,1,False,0
7048-GXDAY,1,20,117,106.4,5,0.8253405874176303,0,False,0
8571-ZCMCX,1,28,141,60.0,6,0.13289437142177915,0,False,0
1169-WCVAK,1,4,57,88.8,2,0.26454519420560063,1,False,0
4548-SDBKE,1,59,15,85.2,10,0.5642615855854778,0,True,1
8066-POXGX,1,54,26,35.1,10,0.4996508459749071,0,False,1
7129-CAKJW,1,29,51,80.05,4,0.27740693976543485,0,False,0
8695-ARGXZ,1,9,68,75.55,3,0.7281237560916294,0,False,0
3570-YUEKJ,1,4,168,49.55,6,0.5803037534264759,0,False,0
4143-OOBWZ,1,78,20,81.3,6,0.6954713040103464,0,True,1
1555-HAPSU,1,9,284,23.9,1,0.3515285670775502,0,False,0
1697-NVVGY,1,13,76,66.4,5,0.12531116886047483,0,False,0
7854-EKTJL,1,36,8,19.6,5,0.6139361435947547,0,False,1
8464-EETCQ,1,26,171,18.8,0,0.17794490744935593,0,False,0
2419-FSORS,1,6,216,108.4,0,0.7601209815504245,2,False,0
8132-YPVBX,1,10,18,85.95,5,0.16752414521576608,0,False,0
9102-IAYHT,1,48,68,85.45,10,0.7472322450826616,0,True,1
6754-LZUKA,1,7,244,80.9,4,0.2834545967176608,0,False,0
3422-LYEPQ,1,39,2,71.0,9,0.7170127120578133,0,False,1
8099-MZPUJ,1,26,144,111.8,0,0.27813818287632314,2,False,0
0787-LHDYT,1,19,64,20.6,1,0.26694530992105425,0,False,0
2642-DTVCO,1,74,36,85.05,7,0.7430391277086763,0,True,1
0374-IOEGQ,1,19,12,44.6,4,0.6520594181958237,0,False,0
4361-JEIVL,1,71,2,44.4,11,0.8148766054956563,0,True,1
3197-NNYNB,1,13,260,105.1,4,0.11479540894273528,0,False,0
3396-DKDEL,1,13,140,115.15,0,0.24854495609815727,2,False,0
1752-OZXFY,1,26,120,59.8,4,0.3438074540133229,0,False,0
9066-QRSDU,1,28,207,26.3,0,0.7010513928472576,0,False,0
9112-WSNPU,1,21,140,70.55,4,0.6906105897635801,0,False,0
9867-NNXLC,1,2,44,20.05,2,0.2813143958834692,0,False,0
5321-NTRKC,1,10,264,79.85,2,0.39819140264203057,0,False,0
1363-TXLSL,1,79,3,70.3,9,0.538581314143103,0,False,1
9507-EXLTT,1,56,3,79.35,10,0.15233727381626042,0,True,1
3161-GETRM,1,26,68,90.05,5,0.10984680235735249,0,False,0
0402-OAMEN,1,9,216,24.45,0,0.3968011528766868,0,False,0
6933-VLYFX,1,1,93,59.95,1,0.524315998966609,2,False,0
6754-WKSHP,1,14,90,25.35,2,0.32861625386163107,0,False,0
9846-GKXAS,1,88,36,90.8,11,0.11791309383264384,0,False,1
6017-PPLPX,1,50,80,70.45,8,0.6881324702348842,0,True,1
4976-LNFVV,1,20,38,34.3,6,0.2871542024184705,0,False,0
5055-MGMGF,1,15,130,105.05,3,0.5669870706597322,0,False,0
4641-FROLU,1,1,90,19.3,2,0.16232447190876576,0,False,0
2862-JVEOY,1,17,18,19.15,1,0.23847787383765337,0,False,0
2969-QWUBZ,1,24,4,51.4,4,0.4992883928188928,0,False,0
9822-BIIGN,1,13,159,71.85,2,0.6912065940531269,1,False,0
2077-MPJQO,1,27,14,75.4,5,0.5654902313841859,0,False,0
1534-OULXE,1,15,244,49.7,2,0.29078063726785386,0,False,0
7136-RVDTZ,1,56,210,45.25,10,0.5853087280409018,0,False,1
2971-SGAFL,1,16,39,78.75,6,0.6760693693613754,0,False,0
1480-IVEVR,1,2,105,81.6,4,0.13873620394696584,0,False,0
2905-KFQUV,1,17,8,70.4,4,0.22021313010146015,0,False,0
4581-SSPWD,1,57,12,75.8,10,0.5277321090812971,0,False,1
3370-HXOPH,1,8,9,76.1,3,0.6430083065845383,0,False,0
9391-YZEJW,1,20,124,94.0,4,0.2923484933842785,0,False,0
9958-MEKUC,1,3,288,103.95,0,0.3811266461208972,2,False,0
0281-CNTZX,1,29,189,19.95,1,0.37657319558555935,0,False,0
6927-WTFIV,1,71,60,71.3,11,0.31749880856840895,0,True,1
4118-CEVPF,1,20,140,110.8,1,0.3311757221769376,2,False,0
3398-ZOUAA,1,49,42,69.1,12,0.7550422254050044,0,False,1
9114-VEPUF,1,14,186,96.1,4,0.7809545927032906,0,False,0
7876-BEUTG,1,16,30,48.8,4,0.28516671059002857,0,False,0
2338-BQEZT,1,27,110,50.55,3,0.19352950939041738,0,False,0
9873-MNDKV,1,21,44,44.65,4,0.2052068747614113,0,False,0
0378-NHQXU,1,82,51,88.25,7,0.589636359015457,0,True,1
8241-JUIQO,1,11,183,19.45,0,0.31605307821844486,0,False,0
2194-IIQOF,1,17,142,89.3,0,0.22183571378973288,2,False,0
4512-ZUIYL,1,61,8,70.0,9,0.14280034024802638,0,True,1
9631-RXVJM,1,22,140,19.25,0,0.23782515050578204,0,False,0
9584-EXCDZ,1,1,68,70.5,4,0.3889563461605168,0,False,0
7969-AULMZ,1,62,42,97.35,6,0.4746048759649916,0,True,1
5093-FEGLU,1,12,94,19.65,1,0.29472072608823824,0,False,0
2621-UDNLU,1,15,9,20.85,0,0.3947625394490992,0,False,0
7526-IVLYU,1,18,12,19.65,0,0.2128713158381889,0,False,0
2428-HYUNX,1,28,88,19.35,1,0.3663650826524808,0,False,0
9214-EKVXR,1,23,4,44.0,3,0.3592026151528065,0,False,0
3410-MHHUM,1,14,88,94.4,3,0.5641445386763853,0,False,0
0568-ONFPC,1,69,15,25.9,7,0.12955519753473219,0,True,1
0733-VUNUW,1,40,96,55.65,10,0.15356174637003553,0,True,1
4550-EVXNY,1,79,2,69.65,9,0.6271471366112893,0,False,1
2122-YWVYA,1,7,72,75.4,4,0.8546508729731761,0,False,0
2968-SSGAA,1,87,20,100.6,9,0.5741011172839448,0,True,1
2296-DKZFP,1,20,130,71.0,5,0.3780594237781497,0,False,0
4844-JJWUY,1,40,2,86.0,7,0.6420570295991451,0,True,1
6777-TGHTM,1,45,212,106.95,10,0.3909437277073605,0,False,1
8909-BOLNL,1,6,6,21.2,1,0.18808136061939917,0,False,0
6603-YRDCJ,1,14,99,61.05,2,0.2899276790323617,2,False,0
3538-WZPHD,1,77,12,29.6,8,0.4480556718096538,0,True,1
3229-USWAR,1,25,102,79.95,0,0.18989925135619445,1,False,0
2138-VFAPZ,1,22,42,19.7,2,0.16321312191351517,0,False,0
6131-JLWZM,1,12,52,20.3,1,0.10102500060516767,0,False,0
4785-QRJHC,1,67,92,59.9,4,0.14703093631519726,1,True,1
0269-XFESX,1,29,69,24.35,1,0.2779310949511573,0,False,0
1709-EJDOX,1,25,188,19.75,0,0.2169760519613977,0,False,0
4316-XCSLJ,1,20,34,50.3,6,0.3167712944114305,0,False,0
8610-WFCJF,1,42,196,95.6,10,0.6184957907107106,0,False,1
9693-XMUOB,1,24,236,50.25,5,0.808258587034873,0,False,0
0383-CLDDA,1,25,276,85.35,2,0.36010750690978877,1,False,0
4905-JEFDW,1,32,22,41.6,9,0.7780123444197609,0,True,1
2709-UQGNP,1,2,30,51.65,3,0.23441825191551544,0,False,0
3549-ZTMNH,1,22,36,24.0,0,0.19261831910965233,0,False,0
7881-INRLC,1,30,180,100.85,8,0.2506907388905415,0,False,1
8033-ATFAS,1,1,156,59.85,4,0.2605385519914126,0,False,0
1635-NZATJ,1,8,142,25.45,1,0.19395235508256672,0,False,0
0562-HKHML,1,25,284,23.9,1,0.2620019635419305,0,False,0
8277-RVRSV,1,14,132,24.15,1,0.13173389564938948,0,False,0
9943-VSZUV,1,9,268,75.7,4,0.1693125385045864,0,False,0
0117-LFRMW,1,80,111,40.2,5,0.3238144260671667,0,True,1
6172-FECYY,1,75,196,84.5,11,0.6015476601039035,0,False,1
7054-ENNGU,1,23,27,50.85,2,0.14171135447302005,0,False,0
1455-HFBXA,1,5,104,91.6,0,0.18620295739622905,2,False,0
9402-CXWPL,1,23,140,98.9,6,0.5142355956441669,0,False,0
1628-BIZYP,1,29,3,85.0,3,0.5234386456732634,0,False,0
1965-AKTSX,1,72,42,78.95,13,0.5970574327059452,0,False,1
0082-LDZUE,1,8,3,44.3,3,0.14197370286928251,0,False,0
4786-UKSNZ,1,68,3,20.2,5,0.14961854739228608,0,True,1
5343-SGUBI,1,22,208,80.2,4,0.17075049387927238,0,False,0
0856-NAOES,1,16,18,60.9,3,0.22059760523599373,0,False,0
1976-AZZPJ,1,13,21,34.2,3,0.20076973048553098,0,False,0
7248-VZQLC,1,62,141,85.2,9,0.3374004794279829,0,True,1
6156-UZDLF,1,29,104,87.15,0,0.2576553739789228,2,False,0
3099-OONVS,1,15,100,54.3,1,0.7621015821686132,2,False,0
9500-WBGRP,1,1,276,19.1,2,0.26817788032117007,0,False,0
5183-KLYEM,1,22,144,112.75,0,0.21963251756868898,1,False,0
5144-PQCDZ,1,3,16,19.95,0,0.39414498963593014,0,False,0
8514-VZHEB,1,6,177,19.5,2,0.1111986331436483,0,False,0
6625-IUTTT,1,22,268,65.55,3,0.1647513334329333,0,False,0
9355-NPPFS,1,14,104,78.8,4,0.5751787603273045,0,False,0
0068-FIGTF,1,4,81,78.2,2,0.364389420001453,2,False,0
5965-GGPRW,1,18,288,105.25,3,0.37566074074124656,0,False,0
8035-PWSEV,1,15,12,89.25,2,0.7331134540329143,1,False,0
2236-HILPA,1,9,248,20.65,2,0.22508529432210675,0,False,0
1840-BIUOG,1,18,40,68.7,2,0.8050439535684845,1,False,0
1356-MKYSK,1,3,12,78.65,0,0.12955242886656815,2,False,0
6080-LNESI,1,10,102,24.75,2,0.29573041008469153,0,False,0
1830-IPXVJ,1,17,183,19.75,1,0.3811671332744574,0,False,0
5828-DWPIL,1,7,248,89.1,3,0.7510599176839132,0,False,0
8398-TBIYD,1,15,144,84.7,2,0.1833601505806709,1,False,0
0011-IGKFF,1,72,26,98.0,12,0.632342508961796,0,False,1
4192-GORJT,1,66,20,94.45,8,0.6358902432640549,0,True,1
6496-SLWHQ,1,44,9,105.0,11,0.5558473009375318,0,False,1
9912-GVSEQ,1,57,78,93.85,8,0.8028328264198846,0,False,1
2931-FSOHN,1,11,26,59.9,4,0.6516131614496337,0,False,0
9418-RUKPH,1,17,114,19.95,1,0.13331948164470744,0,False,0
5383-MMTWC,1,51,32,84.0,6,0.7626523883129004,0,False,1
9971-ZWPBF,1,7,102,108.9,1,0.7156768370188467,1,False,0
4712-AUQZO,1,19,72,33.6,4,0.11531688533692763,0,False,0
9711-FJTBX,1,25,112,85.85,2,0.10134066639974101,1,False,0
2908-ZTPNF,1,24,144,34.85,0,0.3646210991179456,2,False,0
7240-ETPTR,1,33,18,48.75,10,0.4819478554679487,0,True,1
2202-CUYXZ,1,51,4,84.85,9,0.5873670572796863,0,False,1
5995-OIGLP,1,36,48,56.65,8,0.3860638742262674,1,False,1
8421-WZOOW,1,15,171,95.3,1,0.25357303477312604,1,False,0
6261-RCVNS,1,83,168,73.9,8,0.14193940275331313,1,True,1
7951-QKZPL,1,53,66,24.5,6,0.2180453509666345,0,True,1
1414-YADCW,1,12,280,84.6,2,0.28721264435334487,1,False,0
8756-RDDLT,1,20,136,44.95,2,0.7441403558019241,1,False,0
2862-PFNIK,1,5,2,24.7,3,0.6582650077738057,0,False,0
5816-QVHRX,1,3,148,100.3,0,0.11029472035050937,1,False,0
4430-YHXGG,1,9,12,25.45,1,0.14293085957948293,0,False,0
6888-SBYAI,1,26,4,50.7,4,0.21154050663849808,0,False,0
7395-XWZOY,1,9,80,55.0,2,0.31171410559779367,1,False,0
7169-YWAMK,1,7,216,68.4,0,0.27529839248416144,1,False,0
3640-PHQXK,1,79,62,89.9,10,0.47637908202699186,0,False,1
6877-LGWXO,1,86,72,78.55,6,0.7007619635602024,0,True,1
6859-RKMZJ,1,23,33,55.05,4,0.2815373294067293,0,False,0
2729-VNVAP,1,23,99,19.8,1,0.3661450106502765,0,False,0
2957-JIRMN,1,27,124,84.45,2,0.5313750755812181,0,False,0
2049-BAFNW,1,21,3,35.9,1,0.24706053425126429,2,False,0
3842-QTGDL,1,16,32,80.75,4,0.22166523089062307,0,False,0
7163-OCEQI,1,9,88,78.65,1,0.31673635885270535,2,False,0
9782-LGXMC,1,13,147,61.75,1,0.3256392567584702,1,False,0
5975-BAICR,1,28,144,63.7,4,0.3169727182143728,0,False,0
8019-ENHXU,1,39,126,99.45,8,0.5496162002126945,1,True,1
5167-GBFRE,1,57,12,25.2,7,0.2908094611129459,0,False,1
9033-EOXWV,1,50,48,74.05,8,0.20155844984315324,2,False,1
4673-KKSLS,1,17,93,87.6,1,0.7902249021724155,1,False,0
4853-OITSN,1,6,20,89.15,5,0.6030511451400701,0,False,0
9800-OUIGR,1,4,264,20.0,2,0.11131622580773277,0,False,0
1324-NLTJE,1,74,30,55.0,4,0.13051252736277794,1,False,1
2324-EFHVG,1,18,256,104.4,4,0.16070895833895693,0,False,0
7094-MSZAO,1,19,20,20.05,0,0.1112906077254802,0,False,0
1522-VVDMG,1,48,28,89.75,8,0.4423398065848725,1,True,1
6907-CQGPN,1,13,87,34.3,0,0.6577080036836629,2,False,0
0780-XNZFN,1,8,228,20.65,2,0.12993720453557672,0,False,0
0239-OXEXL,1,23,138,84.25,6,0.3406221330024373,0,False,0
2675-IJRGJ,1,13,106,19.65,0,0.11616021668818921,0,False,0
7049-GKVZY,1,15,51,79.85,1,0.3723788340656309,1,False,0
8577-QSOCG,1,11,152,20.2,2,0.3612518631822923,0,False,0
3721-CNZHX,1,12,45,19.8,2,0.16251530976419204,0,False,0
0212-ISBBF,1,14,44,50.35,3,0.5088012780435153,0,False,0
9185-TQCVP,1,85,42,85.15,8,0.5480925614497159,0,False,1
3585-YNADK,1,1,171,74.6,0,0.267726470999288,1,False,0
5271-DBYSJ,1,24,44,79.15,4,0.2802747219954635,0,False,0
1099-GODLO,1,4,4,20.35,2,0.19467483582274075,0,False,0
6828-HMKWP,1,19,36,21.05,0,0.18905010048904022,0,False,0
5567-WSELE,1,87,6,94.6,6,0.7343760718891337,0,True,1
1472-TNCWL,1,10,108,94.7,6,0.5534143008343151,0,False,0
8063-RJYNF,1,53,32,94.25,7,0.7734391356223002,0,True,1
0687-ZVTHB,1,54,130,72.45,12,0.2147895336709269,0,True,1
2080-GKCWQ,1,9,4,74.95,5,0.6479514173218139,0,False,0
9661-ACXBS,1,84,126,105.2,11,0.44560455066840776,0,True,1
2193-SFWQW,1,12,144,111.95,2,0.2895124580178263,2,False,0
5656-JAMLX,1,11,186,19.85,1,0.19799848478938475,0,False,0
3462-BJQQA,1,12,12,89.75,4,0.5617741536096488,0,False,0
0442-TDYUO,1,18,96,20.05,0,0.182744657390498,0,False,0
6733-LRIZX,1,12,105,108.95,2,0.526271300181163,2,False,0
9503-XJUME,1,16,208,19.65,2,0.28775004128813764,0,False,0
4367-NHWMM,1,5,4,24.9,4,0.15240445007650916,0,False,0
3727-RJMEO,1,71,18,82.85,10,0.7419513557242523,0,True,1
3779-OSWCF,1,25,213,93.2,0,0.19146468042379605,1,False,0
6736-DHUQI,1,12,268,84.8,3,0.24649287718953408,0,False,0
3915-ODIYG,1,21,240,71.75,5,0.6001606622157585,0,False,0
1360-RCYRT,1,25,92,30.35,0,0.26308603215843096,2,False,0
2724-FJDYW,1,11,117,54.85,0,0.29867006258649176,2,False,0
4451-RWASJ,1,9,30,19.5,1,0.1967786511505038,0,False,0
6646-VRFOL,1,78,159,103.85,10,0.8017685535351905,0,False,1
3460-TJBWI,1,25,96,24.2,0,0.23769691648268035,0,False,0
5917-HBSDW,1,3,74,19.35,1,0.6475862009513649,0,False,0
5685-IIXLY,1,35,15,83.6,13,0.570139245635789,0,False,1
5671-UUNXD,1,17,200,100.65,2,0.4784117597948239,1,False,0
0956-ACVZC,1,14,162,94.1,5,0.3054417607067245,0,False,0
2325-NBPZG,1,1,6,74.55,2,0.484411714536174,0,False,0
4250-ZBWLV,1,68,272,108.45,7,0.8647483195217025,1,False,1
4482-FTFFX,1,25,15,56.15,0,0.5513139285716002,1,False,0
8859-DZTGQ,1,27,66,20.35,1,0.2588473581056112,0,False,0
0440-MOGPM,1,8,82,80.55,2,0.7474968414831413,0,False,0
0020-JDNXP,1,5,102,61.25,2,0.3610345884463022,1,False,0
3752-CQSJI,1,5,26,20.45,1,0.14693826784666794,0,False,0
5025-GOOKI,1,9,80,18.9,2,0.39562046214911006,0,False,0
4698-KVLLG,1,3,102,19.6,2,0.3720246955953046,0,False,0
5095-AESKG,1,41,9,91.5,8,0.38885492986825976,0,True,1
2887-JPYLU,1,23,164,45.2,3,0.3558012278624919,0,False,0
4770-QAZXN,1,9,26,19.45,0,0.3633007684100694,0,False,0
4896-CPRPF,1,22,70,25.45,1,0.27964867477394895,0,False,0
1871-MOWRM,1,59,48,80.85,4,0.3535930189352148,2,True,1
9714-EDSUC,1,16,16,94.9,1,0.2602040073589892,2,False,0
2027-OAQQC,1,51,86,49.05,8,0.26146515118394953,0,False,1
0282-NVSJS,1,2,48,29.3,0,0.2687740275702978,1,False,0
9090-SGQXL,1,58,204,105.3,6,0.8494177759596804,0,False,1
6595-YGXIT,1,76,50,88.95,7,0.5948188709580396,0,True,1
7353-YOWFP,1,1,21,20.25,0,0.341682993548746,0,False,0
9835-ZIITK,1,52,132,110.85,4,0.6754163900037088,1,False,1
8008-ESFLK,1,26,159,110.5,2,0.5131317598061365,1,False,0
7537-CBQUZ,1,25,189,109.4,3,0.12415997719180841,0,False,0
1555-DJEQW,1,75,280,114.2,8,0.2054721344152209,1,True,1
5649-TJHOV,1,81,54,36.5,9,0.39722880914101255,0,False,1
0519-XUZJU,1,76,4,70.75,7,0.21912077854841067,0,False,1
3363-EWLGO,1,15,20,19.95,2,0.300906375991674,0,False,0
4750-UKWJK,1,12,74,19.6,0,0.13621395644846138,0,False,0
6338-AVWCY,1,74,9,40.15,10,0.37674916292460314,0,False,1
1689-YQBYY,1,14,24,76.6,5,0.783710757839731,0,False,0
4487-ZYJZK,1,29,76,19.6,1,0.215888291259084,0,False,0
2959-FENLU,1,24,18,85.3,5,0.20453899980182969,0,False,0
0708-LGSMF,1,15,52,65.85,4,0.7118000409350077,0,False,0
9253-QXKBE,1,31,58,94.45,7,0.6386697334726029,0,False,1
7634-HLQJR,1,15,94,20.05,1,0.17741524142436743,0,False,0
0487-RPVUM,1,19,122,99.4,0,0.39725388224980385,1,False,0
4079-ULGFR,1,8,48,20.0,0,0.34316393671142176,0,False,0
2516-XSJKX,1,2,123,78.45,1,0.6744755564053477,1,False,0
0057-QBUQH,1,2,129,25.1,2,0.7286325865860075,0,False,0
9445-SZLCH,1,51,108,97.35,7,0.10465904141406379,0,True,1
6599-SFQVE,1,10,24,55.0,5,0.7038606202312719,0,False,0
8331-ZXFOE,1,3,232,71.1,0,0.2708455591183653,1,False,0
4003-FUSHP,1,23,38,61.55,1,0.1112759866334934,2,False,0
0356-ERHVT,1,17,44,45.9,2,0.14831115721114044,0,False,0
7325-ENZFI,1,8,117,40.3,2,0.1774393246555891,1,False,0
4884-ZTHVF,1,28,16,87.1,3,0.6637319477517745,0,False,0
3920-HIHMQ,1,23,52,49.5,4,0.38192305865958265,0,False,0
3055-OYMSE,1,4,159,73.8,3,0.28736052606037954,0,False,0
0613-WUXUM,1,14,210,19.2,1,0.26879847730308765,0,False,0
7568-PODML,1,87,3,45.3,13,0.26102773599273915,0,False,1
4458-KVRBJ,1,10,236,25.0,1,0.20521109494330053,0,False,0
5349-IECLD,1,76,4,94.95,8,0.8242744567854035,0,True,1
1397-XKKWR,1,1,21,35.3,6,0.26223023147087776,0,False,0
3945-GFWQL,1,80,24,44.55,8,0.5835937805941871,0,True,1
8097-OMULG,1,1,118,76.75,1,0.14104936244922345,1,False,0
6013-BHCAW,1,17,244,81.0,2,0.39565375445856077,2,False,0
0401-WDBXM,1,26,144,105.55,4,0.10524196450660056,0,False,0
3387-PLKUI,1,17,39,18.8,1,0.38003200899694156,0,False,0
6096-EGVTU,1,7,192,24.9,0,0.16549099035409331,0,False,0
3797-VTIDR,1,40,2,23.45,8,0.6754386016098941,0,False,1
5081-NWSUP,1,20,20,64.9,1,0.1904597576794394,2,False,0
2580-ATZSQ,1,15,260,61.35,4,0.35794312356394475,0,False,0
8085-MSNLK,1,13,186,113.95,2,0.26303359665448256,1,False,0
9691-HKOVS,1,28,165,90.15,1,0.6353876116783462,1,False,0
9881-VCZEP,1,2,50,54.1,4,0.5973053845182397,0,False,0
9526-BIHHD,1,48,2,29.7,6,0.19609557207092787,0,False,1
8757-TFHHJ,1,19,2,49.8,4,0.3657767093170293,0,False,0
4523-WXCEF,1,44,177,101.1,9,0.7207139315881652,0,True,1
1468-DEFNC,1,13,128,24.4,1,0.3488761937832602,0,False,0
5119-KEPFY,1,24,144,95.0,4,0.11567565635243575,0,False,0
8364-TRMMK,1,37,12,50.65,9,0.27363466164197914,0,True,1
0916-KNFAJ,1,27,122,69.9,4,0.39975307915439395,0,False,0
8319-QBEHW,1,22,104,39.95,4,0.3355598917159943,0,False,0
3063-QFSZL,1,76,4,55.4,12,0.5294221913063875,0,False,1
8775-LHDJH,1,62,4,90.6,7,0.6218596334602718,0,False,1
9625-QNLUX,1,9,272,103.25,3,0.323597146268555,0,False,0
3097-NQYSN,1,48,8,86.85,7,0.2542745067764226,0,False,1
4024-CSNBY,1,28,216,94.25,1,0.12362594433203261,2,False,0
7110-BDTWG,1,9,142,47.05,0,0.5834973662385861,2,False,0
7493-GVFIO,1,20,228,20.55,1,0.38134290917180513,0,False,0
0690-SRQID,1,28,8,19.65,2,0.17725418964358558,0,False,0
9605-WGJVW,1,1,4,70.2,2,0.6599399989309613,0,False,0
9114-DPSIA,1,17,216,81.0,2,0.3385832622956515,2,False,0
4700-UBQMV,1,12,63,75.9,2,0.306778224015233,0,False,0
7711-GQBZC,1,10,284,24.7,0,0.3905697100103006,0,False,0
3565-UNOCC,1,63,116,99.05,9,0.12785176006335028,0,False,1
4627-MIHJH,1,29,276,110.25,1,0.3120758722237682,1,False,0
9795-NREXC,1,18,192,85.0,0,0.12466865583330088,1,False,0
8573-CGOCC,1,15,48,19.75,2,0.10004964895034339,0,False,0
7356-AYNJP,1,6,8,23.9,1,0.5358371788540263,0,False,0
9249-FXSCK,1,63,156,111.25,7,0.2850177544837712,2,True,1
5493-SDRDQ,1,58,8,55.1,10,0.3028578248732325,0,False,1
6286-SUUWT,1,6,2,19.95,1,0.23150196172287527,0,False,0
4819-HJPIW,1,8,54,25.15,3,0.11382121292122727,0,False,0
8654-DHAOW,1,12,6,54.15,6,0.2902178173163472,0,False,0
5438-QMDDL,1,21,76,59.8,4,0.12574524327594702,0,False,0
9812-GHVRI,1,14,80,83.85,5,0.14251789952991933,0,False,0
5553-AOINX,1,12,198,104.9,4,0.6287590288439107,0,False,0
1228-ZLNBX,1,23,63,75.3,5,0.20211198144245435,0,False,0
4226-KKDON,1,10,32,66.65,0,0.7305307741451119,2,False,0
3831-YCPUO,1,22,144,109.5,1,0.2905230710881578,1,False,0
7445-WMRBW,1,20,96,73.85,2,0.14800211084841905,1,False,0
3308-DGHKL,1,15,138,19.3,1,0.3679260219073024,0,False,0
9924-JPRMC,1,7,144,118.2,2,0.6398692437927043,2,False,0
0080-EMYVY,1,26,56,51.45,5,0.10662798265938568,0,False,0
6218-KNUBD,1,9,18,59.45,5,0.7335409371709334,0,False,0
7337-CINUD,1,10,24,19.5,1,0.23895367953221544,0,False,0
7609-NRNCA,1,10,34,19.55,0,0.31049173344275693,0,False,0
0623-EJQEG,1,16,130,93.55,1,0.6982321711690034,2,False,0
7153-CHRBV,1,29,114,59.3,0,0.38165345601697875,1,False,0
0871-URUWO,1,87,39,102.25,9,0.39950373828249996,0,True,1
9190-MFJLN,1,78,57,95.9,10,0.2648850980414281,0,False,1
6198-PNNSZ,1,5,112,109.8,3,0.26845250593852743,0,False,0
3317-VLGQT,1,23,56,78.1,5,0.5685740058304917,0,False,0
4132-POCZS,1,3,156,39.9,4,0.7241901163401065,0,False,0
5614-DNZCE,1,18,174,64.9,2,0.10861539806275632,2,False,0
1095-JUDTC,1,46,94,95.05,6,0.7461234037366978,2,True,1
3896-RCYYE,1,15,268,53.4,1,0.12957309362326902,1,False,0
9638-JIQYA,1,21,4,24.9,4,0.18575158123193697,0,False,0
3258-SANFR,1,20,12,44.7,5,0.14209886593321766,0,False,0
3726-TBHQT,1,5,284,114.0,0,0.14121828643376233,1,False,0
3190-ITQXP,1,24,184,20.25,2,0.12238029469507915,0,False,0
0870-VEMYL,1,58,20,53.85,6,0.1953645945956511,2,True,1
4833-QTJNO,1,4,201,83.85,6,0.22709540333583814,0,False,0
3039-MJSLN,1,15,6,20.2,2,0.2393419578496476,0,False,0
0178-CIIKR,1,9,9,19.95,0,0.23191241184013223,0,False,0
5385-SUIRI,1,55,208,104.2,8,0.6341407074643761,0,True,1
3982-XWFZQ,1,89,126,50.25,9,0.6980575413345855,0,True,1
5774-QPLTF,1,29,200,20.35,0,0.2895389847118526,0,False,0
2322-VCZHZ,1,28,92,90.0,3,0.4329537104342007,0,False,0
5010-IPEAQ,1,23,134,54.2,0,0.1518856834720956,1,False,0
4009-ALQFH,1,57,50,99.5,11,0.6559984225096869,0,False,1
6383-ZTSIW,1,29,78,99.1,4,0.38471311265946306,0,False,0
8990-YOZLV,1,8,207,66.9,1,0.1234238192349775,2,False,0
3069-SSVSN,1,12,2,25.85,5,0.31303577872134447,0,False,0
5222-IMUKT,1,22,128,91.05,3,0.5890065170173372,0,False,0
3627-FCRDW,1,58,18,71.0,9,0.5696741537816068,0,False,1
7562-GSUHK,1,86,48,93.2,8,0.331044629114123,0,True,1
6685-XSHHU,1,26,120,20.95,0,0.20317880093150578,0,False,0
8901-UPRHR,1,26,144,109.2,1,0.22908461799593974,1,False,0
4903-UYAVB,1,70,10,19.35,3,0.37159135848022884,0,True,1
0118-JPNOY,1,16,78,85.8,3,0.11985072739578942,0,False,0
6776-TLWOI,1,73,12,19.85,3,0.25829869756303037,0,True,1
3845-FXCYS,1,17,8,19.65,2,0.5862770657641112,0,False,0
5857-XRECV,1,25,8,20.5,2,0.38914350145510934,0,False,0
0725-CXOTM,1,18,72,89.65,0,0.3381069488254774,1,False,0
4343-EJVQB,1,11,14,74.35,4,0.13662303320996164,0,False,0
9000-PLFUZ,1,18,180,49.45,4,0.3782229270167716,0,False,0
3427-GGZZI,1,7,76,89.1,5,0.5834956801023972,0,False,0
7779-ORAEL,1,18,90,75.15,1,0.12544529306044605,2,False,0
0644-OQMDK,1,26,8,70.65,3,0.5934271924771546,0,False,0
4077-CROMM,1,31,62,104.2,5,0.7939762990669401,1,False,1
3154-CFSZG,1,6,141,90.05,5,0.6253220585288053,0,False,0
2868-MZAGQ,1,74,4,79.25,8,0.6142099540527518,0,True,1
4847-QNOKA,1,44,3,44.9,8,0.24782124232591082,0,True,1
2220-IAHLS,1,22,4,19.4,0,0.39086316919094577,0,False,0
1658-XUHBX,1,10,236,88.75,3,0.34616765253084936,0,False,0
6379-RXJRQ,1,82,20,70.1,13,0.6416771501386436,0,True,1
2378-HTWFW,1,25,70,91.0,2,0.15856343906789258,0,False,0
8650-RHRKE,1,59,8,29.65,8,0.7713629952359498,0,False,1
4377-VDHYI,1,9,64,90.8,3,0.8013529685382329,0,False,0
0475-RIJEP,1,69,86,77.85,10,0.757541565241303,0,False,1
1260-TTRXI,1,47,16,54.3,8,0.5017342090610948,0,False,1
3719-TDVQB,1,13,108,18.95,0,0.3145886187844114,0,False,0
6328-ZPBGN,1,77,22,95.15,6,0.3937249579100577,0,True,1
0201-MIBOL,1,3,198,102.4,3,0.23877790817334102,0,False,0
4937-QPZPO,1,3,183,99.9,5,0.7305075356983024,0,False,0
2925-VDZHY,1,1,288,88.7,1,0.3926111951636291,2,False,0
6981-TDRFT,1,21,176,54.3,0,0.5956080540664571,2,False,0
3413-CSSTH,1,20,123,55.7,3,0.30971247841093047,0,False,0
8033-VCZGH,1,2,150,103.95,3,0.5796801362682891,0,False,0
4789-KWMXN,1,76,94,110.85,3,0.2558995316879333,2,False,1
0224-NIJLP,1,3,16,20.15,2,0.1767401218125827,0,False,0
7542-CYDDM,1,15,72,20.05,1,0.13937339270516264,0,False,0
4718-WXBGI,1,24,216,91.95,1,0.3125794254043984,2,False,0
2867-UIMSS,1,44,4,80.5,8,0.6034444919795505,0,False,1
8495-PRWFH,1,13,84,55.65,4,0.6771569887445332,0,False,0
0439-IFYUN,1,21,72,74.7,4,0.5736622139103351,0,False,0
5716-LIBJC,1,1,52,104.15,4,0.29446903455681367,0,False,0
2868-LLSKM,1,20,272,83.65,2,0.17603043973787996,2,False,0
8111-RKSPX,1,74,8,72.2,6,0.1546579056067877,0,False,1
2988-QRAJY,1,1,276,110.05,6,0.1731260863336042,0,False,0
1585-MQSSU,1,31,34,51.5,5,0.16968789730128803,1,True,1
0071-NDAFP,1,21,75,25.5,1,0.3593504884880355,0,False,0
2856-NNASM,1,74,172,89.55,11,0.3362018204387346,0,False,1
7328-ZJAJO,1,2,236,19.5,0,0.35582096023720966,0,False,0
6458-CYIDZ,1,15,10,80.7,4,0.7711034668786676,0,False,0
8559-CIZFV,1,49,84,77.5,3,0.2930651084393264,2,True,1
1090-PYKCI,1,19,138,105.1,2,0.25836240691920054,1,False,0
3058-WQDRE,1,11,52,25.15,4,0.17964454791397266,0,False,0
7547-EKNFS,1,71,126,95.25,8,0.31160888731813474,0,False,1
2279-AXJJK,1,6,156,95.65,2,0.140975321565558,1,False,0
6769-DYBQN,1,32,138,85.0,8,0.5931550047459091,0,False,1
0909-SELIE,1,9,244,80.8,0,0.1585824305516848,2,False,0
3417-TSCIC,1,5,116,24.85,3,0.25142779146383765,0,False,0
1042-HFUCW,1,20,75,54.75,2,0.1881722238623065,1,False,0
4439-JMPMT,1,43,15,85.75,6,0.5597113635503816,1,False,1
6537-OTKMY,1,6,30,50.75,2,0.7103009089956187,0,False,0
8999-EXMNO,1,26,38,20.15,2,0.15454906260998572,0,False,0
6725-TPKJO,1,18,132,20.05,2,0.14834650977074593,0,False,0
2446-BEGGB,1,33,18,98.25,10,0.585553121727589,0,False,1
7162-WPHPM,1,29,232,71.6,0,0.20853614735600903,2,False,0
1599-MMYRQ,1,23,186,81.45,3,0.36008735968368055,0,False,0
8821-KVZKQ,1,19,140,58.4,1,0.26939110686811263,1,False,0
1496-GGSUK,1,40,2,25.7,12,0.356370228440425,0,False,1
6434-TTGJP,1,27,20,53.7,2,0.1440506962426228,2,False,0
0042-JVWOJ,1,21,52,19.6,2,0.20719308101669326,0,False,0
0130-SXOUN,1,24,132,89.4,3,0.2665988852810649,0,False,0
2575-GFSOE,1,61,14,69.0,10,0.5319799879244762,0,True,1
2330-PQGDQ,1,6,153,84.2,0,0.13841711989744165,1,False,0
1452-UZOSF,1,14,144,106.1,1,0.29842047946359307,2,False,0
2097-YVPKN,1,28,130,25.75,1,0.29615019124096054,0,False,0
2842-JTCCU,1,31,4,46.05,11,0.17024759922578164,0,False,1
8597-CTXVJ,1,24,140,64.95,2,0.16813706663167227,1,False,0
6631-HMANX,1,29,216,85.45,0,0.32363373379902516,2,False,0
9962-BFPDU,1,13,4,20.05,2,0.13509635182557858,0,False,0
3296-SILRA,1,60,4,76.4,10,0.37697904900299706,0,True,1
9681-OXGVC,1,89,20,100.5,10,0.8828292525494126,0,True,1
6394-HHHZM,1,19,12,20.7,1,0.36129769695077396,0,False,0
5995-LFTLE,1,19,116,25.3,2,0.16320318970796777,0,False,0
5180-UCIIQ,1,44,88,40.05,7,0.10504052493215886,0,True,1
1932-UEDCX,1,27,132,100.6,5,0.38100725254756906,0,False,0
7153-OANIO,1,54,3,69.95,7,0.5188738568067913,0,False,1
5188-HGMLP,1,19,162,74.0,5,0.19312307949650387,0,False,0
0665-XHDJU,1,24,216,99.4,5,0.6570871410480805,0,False,0
6521-YYTYI,1,38,2,93.3,11,0.6450409182395818,0,True,1
8878-HMWBV,1,87,6,49.15,11,0.6827789187840525,0,False,1
8265-HKSOW,1,28,144,107.45,2,0.3723680885462278,1,False,0
3544-FBCAS,1,14,216,83.6,4,0.33581690978056733,0,False,0
5331-RGMTT,1,24,216,99.05,4,0.3022323897875022,0,False,0
4759-PXTAN,1,18,177,80.1,2,0.5132414697443919,1,False,0
7054-DMVAS,1,12,108,65.3,5,0.26408904258833116,0,False,0
3428-MMGUB,1,4,180,89.55,6,0.5406532902985286,0,False,0
6549-BTYPG,1,10,240,60.8,1,0.13345213126208727,1,False,0
7823-JSOAG,1,29,6,74.5,5,0.5714001932541279,0,False,0
3705-RHRFR,1,17,276,99.15,5,0.28113073157144985,0,False,0
9374-YOLBJ,1,4,4,19.25,2,0.595169254974412,0,False,0
9074-KGVOX,1,12,100,39.45,5,0.39197634874108533,0,False,0
6128-DAFVY,1,13,224,44.85,6,0.39863993904895745,0,False,0
9933-QRGTX,1,29,180,97.2,0,0.5627835136628399,1,False,0
4476-OSWTN,1,27,276,110.55,1,0.22819072290942125,1,False,0
3751-KTZEL,1,88,4,35.05,8,0.33042280556664455,0,False,1
1977-STDKI,1,36,4,73.0,12,0.8771901924405479,0,False,1
5066-GFJMM,1,10,9,19.9,1,0.36739635233276957,0,False,0
2661-GKBTK,1,25,240,76.95,1,0.17642655516779931,2,False,0
0458-HEUZG,1,3,52,35.4,2,0.12555908014288455,2,False,0
7268-WNTCP,1,15,186,20.45,2,0.18661880822571794,0,False,0
0824-VWDPO,1,2,90,96.75,4,0.2311712329299029,0,False,0
8409-WQJUX,1,25,50,54.2,0,0.5731265031767929,2,False,0
2578-JQPHZ,1,25,88,100.1,2,0.33216073686990355,2,False,0
3278-FSIXX,1,17,8,45.25,3,0.1773363663694972,0,False,0
5813-UECBU,1,52,66,83.85,5,0.3575911347210676,0,False,1
0328-GRPMV,1,60,3,70.1,8,0.5480379006935203,0,False,1
9746-UGFAC,1,8,88,20.85,0,0.20840561348121145,0,False,0
2946-KIQSP,1,3,140,33.45,0,0.23434272031658945,2,False,0
0625-AFOHS,1,27,116,20.2,1,0.1873654427653414,0,False,0
6726-WEXXK,1,25,54,85.9,4,0.8130891966757057,0,False,0
4636-OLWOE,1,18,108,61.0,2,0.6300614580275853,1,False,0
4342-HENTK,1,66,4,70.65,9,0.8638095797732855,0,False,1
4685-ERGHK,1,1,228,86.9,3,0.8306814978148165,0,False,0
0885-HMGPY,1,29,186,69.4,1,0.3579421457635059,2,False,0
5003-OKNNK,1,16,60,20.35,1,0.2567875516829475,0,False,0
4195-SMMNX,1,41,6,20.35,7,0.25294252078414725,0,False,1
7208-PSIHR,1,3,280,104.3,1,0.16476179418418457,2,False,0
4012-ZTHBR,1,23,63,44.95,6,0.6888605532214636,0,False,0
0489-WMEMG,1,4,92,49.45,2,0.7472477667493117,2,False,0
7435-ZNUYY,1,9,24,20.6,1,0.12418195829412261,0,False,0
1354-YZFNB,1,5,12,19.55,0,0.3257372243035237,0,False,0
6956-SMUCM,1,37,9,99.0,7,0.36086186629715566,0,True,1
2985-FMWYF,1,15,69,93.5,2,0.780178390093949,0,False,0
2812-ENYMO,1,8,78,54.55,0,0.20042731473007913,1,False,0
2717-HVIZY,1,6,24,20.05,2,0.20667224387049743,0,False,0
3223-WZWJM,1,69,78,83.95,11,0.597108350508375,0,True,1
3422-GALYP,1,19,6,79.45,3,0.6547404555089229,0,False,0
9053-JZFKV,1,88,201,116.2,3,0.14201188013440394,1,False,1
2530-ENDWQ,1,31,284,93.7,12,0.18033008838947237,0,True,1
2890-WFBHU,1,26,177,79.85,2,0.18857870733114224,2,False,0
0327-WFZSY,1,7,117,100.0,3,0.6346770713025229,0,False,0
7977-HXJKU,1,10,84,19.6,1,0.22649947108357896,0,False,0
6615-ZGEDR,1,39,4,19.7,5,0.2677074894339537,0,False,1
7033-CLAMM,1,14,96,20.2,2,0.3845119964493432,0,False,0
4023-RTIQM,1,17,62,50.4,5,0.17418392428323998,0,False,0
0864-FVJNJ,1,9,192,113.35,2,0.8165854038967432,1,False,0
7356-IWLFW,1,19,138,80.0,4,0.3029170866605173,0,False,0
9541-PWTWO,1,5,104,80.95,1,0.13481506892427503,2,False,0
3967-VQOGC,1,23,134,24.9,2,0.34311302540813593,0,False,0
7872-RDDLZ,1,7,201,54.9,5,0.5755834228507384,0,False,0
9250-WYPLL,1,79,10,75.55,10,0.7345714009936661,0,True,1
6308-CQRBU,1,20,213,109.25,1,0.7740444788072571,1,False,0
2754-XBHTB,1,80,36,77.65,6,0.30682055849112033,0,False,1
1597-LHYNC,1,55,104,95.0,6,0.6234105869482528,0,False,1
0186-CAERR,1,24,142,116.3,0,0.27201009684703825,1,False,0
3043-SUDUA,1,2,128,19.9,2,0.32847333724001515,0,False,0
5442-BHQNG,1,25,8,70.35,2,0.7874779187511526,0,False,0
2169-RRLFW,1,23,284,25.6,0,0.34129171616341014,0,False,0
5872-OEQNH,1,16,240,44.45,4,0.614071179018234,0,False,0
3162-KKZXO,1,13,165,100.15,5,0.5538752048937527,0,False,0
7055-VKGDA,1,76,162,105.4,7,0.1459169634469414,2,False,1
0754-UKWQP,1,32,4,95.85,6,0.6504507707628444,0,False,1
8873-GLDMH,1,6,24,73.85,4,0.32792751426121647,0,False,0
5696-JVVQY,1,9,192,70.1,4,0.14269688570969,0,False,0
8946-BFWSG,1,4,252,25.25,1,0.1524461373587265,0,False,0
7493-TPUWZ,1,30,2,79.15,13,0.4123160625684133,0,False,1
0547-HURJB,1,11,36,21.05,2,0.25952475431075406,0,False,0
8904-OPDCK,1,5,216,24.95,3,0.2626873143241548,0,False,0
8845-LWKGE,1,25,90,64.5,2,0.7399013918308057,2,False,0
1577-HKTFG,1,57,60,19.65,7,0.19480300564351466,0,True,1
8752-STIVR,1,50,12,79.0,9,0.5307714748400821,0,False,1
0691-NIKRI,1,7,160,105.95,2,0.3298710311306908,2,False,0
5022-JNQEQ,1,27,27,75.85,1,0.4566105506527949,2,False,0
4558-FANTW,1,42,51,91.85,6,0.5337923830977123,2,False,1
3249-VHRIP,1,25,124,43.6,2,0.30009347943297704,0,False,0
3736-BLEPA,1,15,56,91.25,2,0.36007026207579185,2,False,0
4701-LKOZD,1,14,140,89.75,1,0.20211804047089094,1,False,0
6603-QWSPR,1,13,92,104.4,1,0.3798232975439825,2,False,0
9921-QFQUL,1,11,69,90.15,5,0.11730282208529574,0,False,0
1929-ZCBHE,1,28,141,40.3,2,0.5872724984706552,2,False,0
4378-MYPGO,1,13,136,105.25,4,0.23798788584794375,0,False,0
8651-ENBZX,1,44,120,106.0,9,0.6386009431944972,1,False,1
4129-LYCOI,1,22,268,104.0,2,0.6199951951032582,2,False,0
7798-JVXYM,1,28,56,69.65,2,0.5868465507462546,1,False,0
8647-SDTWQ,1,24,114,74.3,3,0.5735749401969242,0,False,0
2696-ECXKC,1,29,165,100.9,2,0.23855029350135898,0,False,0
2081-KJSQF,1,9,2,20.25,2,0.1727726603425425,0,False,0
7623-TRNQN,1,35,3,49.9,4,0.2549106521607565,1,False,1
3323-CPBWR,1,4,69,96.9,0,0.2577499615934311,2,False,0
9330-IJWIO,1,49,52,100.35,9,0.7543146423532948,0,True,1
3384-CTMSF,1,14,94,104.1,4,0.5948516939678348,0,False,0
0902-RFHOF,1,24,76,20.1,1,0.2842807518333764,0,False,0
9286-DOJGF,1,49,114,74.95,7,0.2588939745190131,0,True,1
6048-QBXKL,1,11,4,56.55,5,0.39711323031574897,0,False,0
9661-MHUMO,1,62,4,49.25,3,0.3374858085769673,1,False,1
7718-RXDGG,1,1,60,68.6,6,0.3266935084006819,0,False,0
1025-FALIX,1,29,52,69.05,2,0.28817783829812915,0,False,0
3451-VAWLI,1,7,70,19.7,1,0.25851120979925124,0,False,0
3407-QGWLG,1,28,12,20.05,0,0.20342714188191072,0,False,0
1842-EZJMK,1,51,100,103.7,7,0.7617716785836036,1,True,1
2347-WKKAE,1,9,126,94.4,4,0.5572386628089027,0,False,0
8735-DCXNF,1,27,20,54.95,0,0.11096466998182575,2,False,0
3214-IYUUQ,1,28,183,93.7,2,0.3094516133584304,1,False,0
1936-UAFEH,1,28,136,110.25,0,0.1434555090336201,1,False,0
3587-PMCOY,1,25,20,98.9,3,0.8043232538134875,0,False,0
8079-XRJRS,1,34,260,89.75,6,0.7979265905644364,0,True,1
1027-LKKQQ,1,22,216,80.45,2,0.28067331334819,2,False,0
7148-XZPHA,1,23,220,79.4,0,0.6186442632987108,1,False,0
8073-IJDCM,1,75,2,20.3,6,0.29138270772695213,0,False,1
5309-TAIKL,1,26,28,62.8,2,0.24305700696550175,1,False,0
6856-RAURS,1,25,4,74.9,3,0.1873445403458993,0,False,0
8778-LMWTJ,1,15,18,74.85,3,0.8691551536114055,0,False,0
9717-IOAAF,1,2,54,25.85,2,0.1485668246099478,0,False,0
8884-ADFVN,1,85,21,101.95,8,0.7418762325532349,0,False,1
2845-KDHVX,1,14,192,68.3,1,0.3400115703675503,2,False,0
0848-SOMKO,1,16,210,48.4,1,0.3855383824534987,1,False,0
2720-WGKHP,1,85,8,94.0,13,0.6011431061738189,0,False,1
6734-FQAJX,1,4,134,105.05,0,0.751310886936853,2,False,0
2869-ADAWR,1,58,180,89.3,9,0.3760867627037018,0,True,1
1535-VTJOQ,1,24,96,25.15,1,0.3403279778023568,0,False,0
6368-TZZDT,1,27,8,19.5,2,0.32909094386362125,0,False,0
0943-ZQPXH,1,5,176,92.95,5,0.3367411162633937,0,False,0
1293-BSEUN,1,6,144,20.7,1,0.2479543274392861,0,False,0
9894-EZEWG,1,47,2,74.3,9,0.11242558534931406,0,True,1
1302-TPUBN,1,7,132,19.35,1,0.15947946509784375,0,False,0
7851-FLGGQ,1,37,2,44.65,7,0.29289762629928606,2,False,1
0637-UBJRP,1,40,52,84.05,10,0.5661036174415867,0,False,1
0940-OUQEC,1,62,40,80.7,8,0.282031074519101,0,False,1
2378-VTKDH,1,24,260,104.35,5,0.7186089223105134,0,False,0
0927-CNGRH,1,4,3,19.55,1,0.23159809166706555,0,False,0
8608-OZTLB,1,29,152,74.05,1,0.4838463983532479,2,False,0
2335-GSODA,1,25,92,40.1,0,0.3156879672335906,2,False,0
1952-DVVSW,1,1,30,20.1,1,0.3727135389254188,0,False,0
0702-PGIBZ,1,41,8,101.7,5,0.7941560736124006,0,False,1
6656-GULJQ,1,18,144,83.55,1,0.13601147083664478,2,False,0
9853-JFZDU,1,14,70,56.85,1,0.7003614829643243,1,False,0
1963-VAUKV,1,56,3,20.4,8,0.35060985470967465,0,False,1
3777-XROBG,1,11,232,19.55,0,0.2772945346311098,0,False,0
6994-FGRHH,1,10,280,106.15,2,0.698416499557843,1,False,0
4000-VGMQP,1,27,152,78.95,3,0.18536390494147628,0,False,0
3999-WRNGR,1,17,240,49.75,5,0.6823826198779881,0,False,0
3466-RITXD,1,4,78,92.4,5,0.17264704902940314,0,False,0
2680-XKKNJ,1,24,32,58.2,1,0.15871793539130244,1,False,0
3058-HJCUY,1,60,82,102.6,3,0.6491686167969557,1,False,1
2974-GGUXS,1,26,108,91.95,3,0.2528154410840746,0,False,0
7994-XIRTR,1,16,162,65.25,2,0.32044992526236493,2,False,0
3259-FDWOY,1,42,142,106.0,8,0.19237886120746278,0,False,1
2101-RANCD,1,13,110,73.1,4,0.6928977110656,0,False,0
7921-BEPCI,1,9,288,59.75,5,0.3041110657150806,0,False,0
0807-ZABDG,1,81,6,55.1,6,0.38897013551985316,2,True,1
8510-TMWYB,1,11,162,59.8,4,0.2046611204921479,0,False,0
3258-ZKPAI,1,6,216,116.6,2,0.1894626608840126,1,False,0
1428-IEDPR,1,1,156,109.3,1,0.6515979846470943,1,False,0
5298-GSTLM,1,22,240,101.4,3,0.3171621890390661,0,False,0
4450-YOOHP,1,6,156,50.65,5,0.3884650893901065,0,False,0
6728-CZFEI,1,13,30,56.15,3,0.26096089699478686,0,False,0
5748-RNCJT,1,59,276,106.5,5,0.34373207211897694,1,False,1
3653-NCRDJ,1,24,172,19.2,1,0.23931994174629803,0,False,0
6121-TNHBO,1,22,189,83.0,2,0.11195713860702602,2,False,0
5119-NZPTV,1,5,6,70.1,3,0.7543924585270809,0,False,0
6519-ZHPXP,1,15,144,108.3,2,0.1869634278095582,2,False,0
7739-LAXOG,1,51,96,91.05,7,0.14159969239080794,0,False,1
3472-QPRCH,1,18,160,25.25,2,0.39884844814861087,0,False,0
8224-UAXBZ,1,20,116,45.35,5,0.6934054093580087,0,False,0
9610-WCESF,1,14,134,43.9,2,0.6281651073190637,1,False,0
9776-CLUJA,1,53,153,77.5,7,0.6024949857932538,0,True,1
2486-WYVVE,1,26,93,79.3,0,0.25415128803487375,1,False,0
3865-ZYKAD,1,5,207,84.9,4,0.12638712595089607,0,False,0
1422-DGUBX,1,26,64,79.25,0,0.6419720816964909,2,False,0
2999-AANRQ,1,4,63,71.05,0,0.3006569268328181,1,False,0
8668-KNZTI,1,2,208,53.75,4,0.8209019697288035,0,False,0
0480-KYJVA,1,7,144,24.25,0,0.2192313053680428,0,False,0
6034-ZRYCV,1,44,216,54.2,12,0.7466184218508668,0,False,1
9746-YKGXB,1,16,208,44.25,4,0.2908186599900833,0,False,0
3926-YZVVX,1,10,164,50.05,0,0.12122604380134869,2,False,0
6000-UKLWI,1,18,123,20.15,2,0.20266751271699518,0,False,0
2079-FBMZK,1,32,24,69.25,7,0.305276204548754,0,False,1
6332-FBZRI,1,21,134,69.35,0,0.32069832594707215,1,False,0
2096-XOTMO,1,28,32,19.35,0,0.2067856330521483,0,False,0
3266-FTKHB,1,13,68,19.15,1,0.10202087510494112,0,False,0
8221-EQDGL,1,1,70,61.0,3,0.10205968007422847,0,False,0
2346-LOCWC,1,1,174,20.5,2,0.2614360053180159,0,False,0
6608-QQLVK,1,54,4,50.5,9,0.6607362093232051,0,False,1
0298-XACET,1,1,104,50.2,2,0.2667158297133188,1,False,0
7560-QJAVJ,1,6,210,79.6,1,0.3165259197491155,1,False,0
2995-YWTCD,1,25,57,24.9,1,0.376380818708241,0,False,0
3551-HUAZH,1,72,2,74.4,12,0.8535827117793271,0,False,1
9137-UIYPG,1,13,140,106.9,2,0.6401294377386579,1,False,0
2809-ZMYOQ,1,27,96,101.35,3,0.6214110484196567,0,False,0
5084-OOVCJ,1,28,51,55.35,2,0.14229843949609444,1,False,0
0254-WWRKD,1,1,201,50.55,3,0.2152525538199504,0,False,0
7727-SHVZV,1,5,27,19.5,0,0.27173699970396425,0,False,0
6302-JGYRJ,1,77,124,79.45,5,0.3999425443521295,1,False,1
5339-PXDVH,1,25,8,90.65,3,0.4934191047250352,0,False,0
2205-LPVGL,1,17,116,89.85,2,0.33792294134606693,1,False,0
8782-NUUOL,1,16,120,79.0,1,0.3996820594867242,2,False,0
3685-YLCMQ,1,40,174,104.65,6,0.8069395115759018,2,False,1
7601-WFVZV,1,17,4,19.55,1,0.3301432478668903,0,False,0
4609-KNNWG,1,15,54,19.9,0,0.17760434111921464,0,False,0
4868-AADLV,1,24,264,116.25,0,0.4024863390157565,1,False,0
9529-OFXHY,1,1,30,87.75,2,0.16779612642996328,0,False,0
8634-MPHTR,1,34,141,100.05,12,0.7079001484747465,0,False,1
2669-QVCRG,1,5,82,81.3,5,0.13218435956972416,0,False,0
2478-EEWWM,1,24,177,44.3,3,0.6318982387967886,0,False,0
9174-IHETN,1,6,150,70.35,2,0.2687515812939547,0,False,0
2233-TXSIU,1,25,34,44.45,3,0.2739430901323069,0,False,0
9644-UMGQA,1,1,24,49.15,4,0.7438218084604968,0,False,0
3256-EZDBI,1,25,153,29.45,6,0.39426504861236245,0,False,0
8761-NSOBC,1,33,176,100.55,4,0.4815826571424041,2,False,1
0419-YAAPX,1,10,98,85.3,5,0.2462795530237823,0,False,0
8413-VONUO,1,78,6,95.65,10,0.6034824434634554,0,False,1
0872-CASZJ,1,3,236,69.1,0,0.18799663993628507,2,False,0
4726-DLWQN,1,17,150,70.35,5,0.25752138269763186,0,False,0
8164-OCKUJ,1,19,118,20.6,2,0.3019839522401727,0,False,0
3094-JOJAI,1,28,54,74.15,6,0.30182677229517396,0,False,0
9494-MRNYX,1,11,20,75.05,5,0.5565007181466473,0,False,0
2599-CZABP,1,29,56,44.6,4,0.8296883227796596,0,False,0
7945-PRBVF,1,18,105,21.45,1,0.37921294902571434,0,False,0
4544-RXFMG,1,2,32,43.45,3,0.13708355738877903,0,False,0
0859-YGKFW,1,9,36,20.05,0,0.22499208571159615,0,False,0
1150-FTQGN,1,24,120,94.15,3,0.2535250683361159,0,False,0
9223-UCPVT,1,84,4,94.4,7,0.46950762422437875,0,False,1
7196-LIWRH,1,28,24,19.55,2,0.25101521506571634,0,False,0
5448-VWNAM,1,14,38,75.9,0,0.16205765098731448,2,False,0
1177-XZBJL,1,4,212,64.15,1,0.3806082872286358,2,False,0
3518-FSTWG,1,29,144,109.55,2,0.23454110254777294,0,False,0
9330-VOFSZ,1,17,240,110.8,1,0.3984703754040143,2,False,0
4351-QLCSU,1,50,2,55.0,13,0.11395334448023989,0,True,1
0939-EREMR,1,12,26,53.45,1,0.13827422330864947,1,False,0
9389-ACWBI,1,28,15,69.95,5,0.2329632401619644,0,False,0
5419-JPRRN,1,52,2,101.45,6,0.6732914148102922,0,True,1
3644-QXEHN,1,18,26,97.0,6,0.6216327978845027,0,False,0
2911-IJORQ,1,3,111,90.6,1,0.31970296619470195,2,False,0
5921-NGYRH,1,11,192,73.55,4,0.22706894717486428,0,False,0
2100-BDNSN,1,70,20,67.95,3,0.11215361075439838,1,True,1
5998-DZLYR,1,18,244,94.35,1,0.2943437675301395,2,False,0
0488-GSLFR,1,39,2,69.5,10,0.7035911352450042,0,False,1
9318-NKNFC,1,51,4,18.85,7,0.12142840964687539,0,True,1
3985-HOYPM,1,18,104,19.4,2,0.1512644407714858,0,False,0
9728-FTTVZ,1,30,2,69.2,10,0.5662421323399416,0,False,1
9548-LERKT,1,14,72,19.75,0,0.23399127632319291,0,False,0
6576-FBXOJ,1,10,51,54.6,2,0.7566122943145512,2,False,0
4310-KEDTB,1,15,52,29.8,4,0.21622394107650506,0,False,0
7254-IQWOZ,1,44,2,69.65,9,0.6321567755487179,0,False,1
2474-BRUCM,1,69,80,101.85,11,0.7034477871906673,0,True,1
4062-HBMOS,1,11,104,103.05,3,0.742110436788169,0,False,0
0742-NXBGR,1,51,2,82.3,7,0.6215473358203163,0,True,1
2676-ISHSF,1,20,2,20.3,2,0.3417050441955551,0,False,0
9236-NDUCW,1,6,84,35.1,0,0.2971320920451131,1,False,0
4753-PADAS,1,24,268,105.7,3,0.3502553039236973,0,False,0
6103-QCKFX,1,29,176,56.25,0,0.2910056580350226,2,False,0
7781-EWARA,1,22,210,60.35,0,0.5412307960728253,2,False,0
6110-OHIHY,1,75,6,79.25,8,0.6568362217575374,0,False,1
7018-FPXHH,1,2,112,59.8,6,0.19910659974531125,0,False,0
5889-LFOLL,1,79,52,84.6,5,0.5459463875098688,0,True,1
5708-EVONK,1,49,174,93.4,8,0.3076919972483111,0,False,1
8708-XPXHZ,1,79,168,94.2,13,0.733977780712145,0,True,1
0616-ATFGB,1,77,2,25.05,6,0.6110244256833948,0,False,1
0572-ZJKLT,1,22,92,99.65,2,0.24355519038024845,1,False,0
5135-RDDQL,1,12,252,50.65,3,0.2629373880499496,0,False,0
1353-LJWEM,1,17,44,60.9,1,0.5317733542134916,1,False,0
1794-SWWKL,1,25,30,59.65,1,0.12887442083303086,2,False,0
6166-YIPFO,1,28,288,64.7,2,0.7960483721774061,2,False,0
7016-BPGEU,1,41,58,25.1,11,0.178440041920215,0,True,1
6876-ADESB,1,69,4,48.95,6,0.6301133759216181,0,False,1
9332-GYWLO,1,19,18,54.85,4,0.593736577921324,0,False,0
1963-SVUCV,1,49,2,45.3,7,0.5396522886515823,0,True,1
4184-VODJZ,1,22,189,91.35,6,0.5007529948213646,0,False,0
0220-EBGCE,1,67,8,85.85,10,0.6519934410403249,0,True,1
1092-WPIVQ,1,29,54,25.1,2,0.10810875885066787,0,False,0
7233-IOQNP,1,26,172,34.0,2,0.10011725675409493,1,False,0
2834-JKOOW,1,27,45,45.9,1,0.33774212519613284,2,False,0
2754-VDLTR,1,55,30,95.2,8,0.5276538621956937,0,True,1
2400-FEQME,1,14,165,20.5,1,0.2702759154658975,0,False,0
3190-XFANI,1,42,98,100.6,8,0.18932523084818748,2,False,1
7551-DACSP,1,42,18,55.3,9,0.3790071091510455,0,False,1
4957-SREEC,1,13,280,20.35,2,0.3187543694501454,0,False,0
7235-NXZCP,1,66,8,74.85,8,0.2107510772691072,0,True,1
0230-UBYPQ,1,21,126,36.1,2,0.1631880751158884,2,False,0
4923-ADWXJ,1,29,50,65.8,1,0.1413419147801327,2,False,0
1763-KUAAW,1,14,72,20.35,1,0.3287256051934876,0,False,0
1104-TNLZA,1,21,84,105.8,1,0.5374627439462434,1,False,0
5195-KPUNQ,1,10,212,96.75,2,0.16958901366754386,2,False,0
0520-FDVVT,1,55,70,102.35,7,0.37588782136672994,0,True,1
3439-GVUSX,1,7,2,24.4,3,0.21702891895960752,0,False,0
1444-VVSGW,1,37,280,115.65,5,0.26304781455665077,2,False,1
5712-PTIWW,1,73,6,79.85,4,0.7409275059800028,2,False,1
5949-HGVJL,1,20,78,73.05,1,0.7779314411058931,1,False,0
5203-XEHAX,1,23,68,64.35,5,0.6665459272288273,0,False,0
1635-HDGFT,1,25,76,20.5,0,0.3665871349213259,0,False,0
3315-TOTBP,1,49,60,76.0,10,0.3856294484328421,0,False,1
8050-XGRVL,1,16,124,54.75,4,0.3805342403850669,0,False,0
6661-HBGWL,1,58,168,104.75,8,0.2047022006930185,0,True,1
1518-VOWAV,1,69,18,74.65,10,0.5222267957305401,0,True,1
9828-QHFBK,1,22,72,51.15,5,0.6405985758092894,0,False,0
3908-MKIMJ,1,22,204,41.95,5,0.6694524252992664,0,False,0
5012-YSPJJ,1,23,124,54.35,1,0.13654738177314923,2,False,0
5909-ECHUI,1,49,3,56.25,6,0.6830928866744664,0,False,1
1309-BXVOQ,1,81,63,106.1,6,0.484779164717577,1,True,1
6728-VOIFY,1,11,126,96.0,3,0.7158529625440335,0,False,0
9317-WZPGV,1,45,4,79.75,10,0.2975152920847644,0,False,1
4891-NLUBA,1,9,244,61.45,2,0.17469625025965146,1,False,0
2856-HYAPG,1,72,2,68.65,10,0.6733286868502688,0,True,1
8969-PRHFK,1,22,72,19.65,0,0.21446103637601416,0,False,0
0661-KQHNK,1,21,24,19.0,0,0.1935133235353962,0,False,0
8709-KRDVL,1,11,66,100.0,6,0.7373041172466275,0,False,0
4488-PSYCG,1,88,48,20.25,6,0.2766077393308328,0,True,1
1427-VERSM,1,19,168,98.7,2,0.5391242518416571,1,False,0
9801-NOSHQ,1,27,69,19.8,2,0.39497264555550815,0,False,0
6339-YPSAH,1,5,27,73.8,5,0.5660877713551689,0,False,0
3621-CEOVK,1,56,56,100.2,7,0.6780425766659528,0,False,1
6906-ANDWJ,1,82,45,74.9,8,0.31715617440225685,0,True,1
2159-TURXX,1,3,20,20.05,0,0.22668874609093878,0,False,0
1548-FEHVL,1,4,122,106.2,3,0.716351070620467,0,False,0
3795-CAWEX,1,16,140,116.55,1,0.1719345785924872,2,False,0
6215-NQCPY,1,16,60,99.7,3,0.7291691702612837,0,False,0
5647-URDKA,1,21,24,19.7,2,0.19324002640401866,0,False,0
2229-DPMBI,1,26,32,19.5,2,0.2642373799086565,0,False,0
9626-WEQRM,1,25,12,29.15,4,0.3009671018284091,0,False,0
2188-SXWVT,1,4,102,55.0,3,0.28420156025809995,0,False,0
6258-PVZWJ,1,19,272,90.8,0,0.3330150281826653,1,False,0
1094-BKOSX,1,26,180,51.0,1,0.11245900875441532,1,False,0
6969-MVBAI,1,17,27,90.1,4,0.49024082589297624,0,False,0
2978-XXSOG,1,13,88,59.05,1,0.16159423188836372,1,False,0
2342-CKIAO,1,26,6,20.3,0,0.3957407600659313,0,False,0
6953-PBDIN,1,22,280,72.95,0,0.3400804158234937,1,False,0
3898-BSJYF,1,23,20,73.55,1,0.37723630517436146,1,False,0
3938-YFPXD,1,26,216,84.3,0,0.18162710546163752,2,False,0
7696-AMHOD,1,24,98,78.0,3,0.272156948752321,0,False,0
2453-SAFNS,1,28,216,72.1,2,0.2664654388768442,2,False,0
9558-IHEZX,1,1,142,106.75,2,0.27085568534688226,0,False,0
9617-UDPEU,1,12,88,19.25,0,0.31527008226087505,0,False,0
6340-DACFT,1,4,150,20.55,1,0.21819400940930292,0,False,0
4955-VCWBI,1,11,172,20.0,2,0.3031631080579393,0,False,0
6813-GZQCG,1,5,180,24.65,0,0.3365311132383082,0,False,0
7426-GSWPO,1,2,192,103.5,5,0.18672197079948194,0,False,0
3389-KTRXV,1,17,92,23.85,1,0.3837229597164966,0,False,0
3118-UHVVQ,1,8,204,25.8,1,0.2554144044107737,0,False,0
1031-IIDEO,1,46,4,70.85,8,0.7535932123511024,0,False,1
5832-XKAES,1,71,6,69.8,12,0.3186774700558223,0,False,1
3205-MXZRA,1,29,52,59.45,1,0.26957299572632476,2,False,0
4701-AHWMW,1,58,220,54.55,4,0.19680510839511545,2,False,1
8317-BVKSO,1,13,56,20.05,2,0.6945321775913198,0,False,0
5702-KVQRD,1,11,284,82.55,2,0.4726436972714641,1,False,0
0083-PIVIK,1,29,192,81.25,1,0.8426088644776653,1,False,0
9210-IAHGH,1,63,28,70.75,7,0.1551991783858192,2,False,1
6169-PGNCD,1,16,171,74.3,2,0.1826278558007851,2,False,0
0023-XUOPT,1,36,52,94.1,9,0.8002242224988192,0,False,1
4592-IWTJI,1,73,6,29.7,7,0.15596241322480614,0,True,1
4909-JOUPP,1,10,288,109.7,2,0.15102780950460604,2,False,0
4657-FWVFY,1,12,80,96.35,5,0.34136079395864793,0,False,0
2257-BOVXD,1,8,42,66.6,1,0.17538645144406662,1,False,0
7729-JTEEC,1,11,4,44.5,6,0.5218960321204061,0,False,0
7632-MNYOY,1,79,264,110.9,4,0.16799290834348068,1,False,1
6518-LGAOV,1,67,152,105.0,7,0.7805365551854628,1,True,1
7242-QZLXF,1,53,3,25.3,9,0.5236145949350195,0,True,1
4576-CSAJH,1,39,88,55.15,8,0.30851815492510926,1,False,1
1000-AJSLD,1,61,4,20.1,7,0.21854176884384263,0,False,1
9696-RMYBA,1,24,15,80.1,4,0.1786356301305253,0,False,0
8690-UPCZI,1,3,87,69.05,1,0.14321422214580298,1,False,0
1062-LHZOD,1,66,2,69.9,7,0.391657518566351,0,False,1
9770-LXDBK,1,13,9,20.4,2,0.2563346632803256,0,False,0
4086-WITJG,1,19,284,19.7,0,0.13442649795704906,0,False,0
8344-WFMFH,1,7,27,50.1,4,0.5263850875359632,0,False,0
9600-NAXZN,1,86,172,101.4,9,0.5693931819496001,0,False,1
8822-KNBHV,1,19,96,83.45,3,0.26325115798450816,0,False,0
8404-FYDIB,1,13,78,86.65,5,0.15453903947190523,0,False,0
2791-SFVEW,1,22,36,20.15,0,0.18331850733322064,0,False,0
6457-USBER,1,73,3,80.8,9,0.8285956710447167,0,True,1
6762-NSODU,1,22,138,19.4,1,0.22524447996612526,0,False,0
4662-EKDPQ,1,52,6,62.05,8,0.10042071034831669,0,True,1
9248-OJYKK,1,69,3,76.45,9,0.5137903384020105,0,True,1
9888-ZCUMM,1,23,128,60.05,0,0.2317985338819186,2,False,0
3398-FSHON,1,75,48,91.3,6,0.5392386815028509,0,False,1
3319-DWOEP,1,37,18,95.75,11,0.5204525643829763,0,True,1
1074-WVEVG,1,18,236,20.35,1,0.31836293279922323,0,False,0
9979-RGMZT,1,11,14,94.05,4,0.24411514741647128,0,False,0
6437-UDQJM,1,1,288,84.1,4,0.24473857994877687,0,False,0
1226-IENZN,1,14,64,78.75,2,0.6610725633473263,0,False,0
2108-GLPQB,1,16,50,55.55,4,0.3365556004453095,0,False,0
9259-PACGQ,1,68,102,62.65,6,0.6118435650700224,2,False,1
4415-IJZTP,1,57,4,74.5,10,0.5829985586106539,0,True,1
1465-VINDH,1,78,40,102.1,11,0.1364211550677064,0,False,1
5474-LAMUQ,1,29,72,20.1,2,0.38104878317345314,0,False,0
3468-DRVQJ,1,16,30,70.3,4,0.616088086379055,0,False,0
1122-YJBCS,1,14,276,53.65,3,0.12779212688624014,0,False,0
4990-ALDGW,1,15,114,20.75,1,0.16619366827048845,0,False,0
4816-OKWNX,1,14,150,103.4,1,0.3176770149738537,1,False,0
3315-IKYZQ,1,28,84,50.8,2,0.10869750364526339,2,False,0
2810-FTLEM,1,51,32,50.15,11,0.8036860895051606,0,True,1
4747-LCAQL,1,11,100,79.0,0,0.3734393254578181,1,False,0
3411-WLRSQ,1,16,9,74.6,5,0.11691452973141617,0,False,0
0898-XCGTF,1,19,244,96.5,4,0.1559261337275676,0,False,0
8006-PYCSW,1,17,8,20.1,1,0.1007135804840712,0,False,0
8249-THVEC,1,27,204,19.4,2,0.13270915437713618,0,False,0
8722-PRFDV,1,26,142,77.55,2,0.2850974562016728,0,False,0
2164-SOQXL,1,6,80,20.05,2,0.11344533890174069,0,False,0
4020-KIUDI,1,11,24,19.85,1,0.22775052264589762,0,False,0
5850-BDWCY,1,17,18,20.2,1,0.25102052996504537,0,False,0
2038-YSEZE,1,9,87,67.45,0,0.37198872948176287,1,False,0
0827-ITJPH,1,18,72,18.55,0,0.24228710665414585,0,False,0
8799-OXZMD,1,17,56,29.75,5,0.14276365574345165,0,False,0
1925-TIBLE,1,57,21,86.5,8,0.5863117235331354,0,False,1
1705-GUHPV,1,23,189,24.2,0,0.3016586096974744,0,False,0
4779-ZGICK,1,22,96,23.55,1,0.1336347430668293,0,False,0
0048-PIHNL,1,22,196,20.45,1,0.16952283030062265,0,False,0
0818-OCPZO,1,67,54,81.45,8,0.8412245847861648,0,False,1
3967-KXAPS,1,11,288,92.3,2,0.10166037127390574,2,False,0
1447-GIQMR,1,69,3,69.15,8,0.5206158768239111,0,False,1
3704-IEAXF,1,27,216,53.65,2,0.3531057523780782,2,False,0
6810-VCAEX,1,4,141,39.65,1,0.13041460696689233,1,False,0
0674-EYYZV,1,3,4,54.65,6,0.6072227511498013,0,False,0
4480-MBMLB,1,26,72,104.8,5,0.13639369115582603,0,False,0
1395-OFUWC,1,24,172,29.3,2,0.30807915660934676,0,False,0
0822-QGCXA,1,23,54,83.85,2,0.7506764401227501,1,False,0
0872-NXJYS,1,52,18,79.55,6,0.7471379803827145,0,True,1
2832-KJCRD,1,17,76,103.65,1,0.4947200473422906,2,False,0
3588-WSTTJ,1,7,105,99.05,6,0.5639027260039796,0,False,0
5090-EMGTC,1,26,118,100.05,0,0.261304602566085,1,False,0
2346-CZYIL,1,4,81,20.35,2,0.314697456155685,0,False,0
3798-EPWRR,1,23,4,43.95,3,0.6809541647693813,0,False,0
6258-NGCNG,1,13,14,23.5,2,0.2724179494973309,0,False,0
4186-ZBUEW,1,12,108,70.7,1,0.39588093274788083,2,False,0
5274-XHAKY,1,1,123,94.3,4,0.15941018505594606,0,False,0
1442-BQPVU,1,21,52,29.15,3,0.5805200088208855,0,False,0
3978-YNKDD,1,19,38,20.85,0,0.3577183631255183,0,False,0
4940-KHCWD,1,21,180,37.7,1,0.1872465188105567,1,False,0
9412-ARGBX,1,63,192,95.5,5,0.19975791314913116,1,False,1
1389-CXMLU,1,38,12,91.05,5,0.6235079979502797,0,True,1
9589-ABEPT,1,11,207,92.45,1,0.21438243978586752,2,False,0
9388-ZEYVT,1,20,86,44.15,0,0.6444688328176706,1,False,0
0305-SQECB,1,3,44,36.05,1,0.3751525783742107,1,False,0
7605-SNLQG,1,29,90,50.25,3,0.13878226389060122,0,False,0
4670-TABXH,1,17,144,109.75,0,0.22128693502149238,2,False,0
5561-NWEVX,1,80,8,79.2,5,0.48985912313856383,0,True,1
0064-SUDOG,1,10,36,20.3,1,0.3422360979897131,0,False,0
8561-NMTBD,1,8,134,112.35,2,0.15052565382878474,1,False,0
5161-XEUVX,1,15,111,94.3,1,0.33189699904476544,1,False,0
8292-FRFZQ,1,5,156,41.15,2,0.1445809343434432,2,False,0
8591-NXRCV,1,4,82,74.65,2,0.22502165425528103,1,False,0
7895-VONWT,1,26,75,48.25,5,0.7375281935745912,0,False,0
4526-RMTLL,1,28,24,76.15,0,0.18124264095244474,2,False,0
6253-GNHWH,1,21,142,71.1,1,0.1941751376828177,2,False,0
4566-NECEV,1,20,15,96.55,3,0.6104066908306389,0,False,0
8080-POTJR,1,19,90,79.3,6,0.15631029508967897,0,False,0
6906-MPARY,1,21,160,89.6,2,0.3855353147905455,2,False,0
3662-FXJFO,1,4,216,20.5,2,0.1566363052572198,0,False,0
8107-RZLNV,1,15,216,106.3,5,0.32499863811726615,0,False,0
0516-OOHAR,1,17,84,100.35,6,0.3407796607820984,0,False,0
2027-CWDNU,1,12,36,85.6,1,0.6677907009886354,1,False,0
2737-WFVYW,1,55,8,45.25,10,0.533861611936271,0,False,1
9912-OMZDS,1,10,118,106.15,4,0.6493827173396672,0,False,0
3733-ZEECP,1,15,66,51.1,2,0.8347706443453681,2,False,0
7878-RTCZG,1,10,2,19.9,2,0.3176229809627346,0,False,0
2452-MRMZF,1,24,216,25.7,2,0.23501423100743876,0,False,0
2272-QAGFO,1,45,56,74.3,7,0.5124356497599581,0,False,1
7103-IPXPJ,1,18,200,99.4,2,0.4809909219195169,2,False,0
4342-HFXWS,1,1,144,69.7,1,0.30113915703808036,2,False,0
3545-CNWRG,1,3,196,98.35,4,0.8097480401122918,0,False,0
1785-BPHTP,1,21,84,85.45,4,0.5809413715621845,0,False,0
4989-LIXVT,1,26,136,95.9,3,0.7067668767435173,0,False,0
7315-WYOAW,1,27,39,100.75,1,0.46394027154464146,1,False,0
1173-XZPYF,1,12,22,89.2,3,0.6428979470906767,0,False,0
9850-OWRHQ,1,86,9,74.1,11,0.2111718535296532,0,False,1
3768-NLUBH,1,64,228,100.6,10,0.7601159604784433,0,True,1
8676-TRMJS,1,77,9,75.0,7,0.3778847213019553,0,True,1
2509-TFPJU,1,5,216,25.75,1,0.28604175847663826,0,False,0
9530-GRMJG,1,19,210,84.1,2,0.8065384091436467,2,False,0
6898-RBTLU,1,29,196,79.3,0,0.17050731278526332,1,False,0
5481-NTDOH,1,25,201,107.05,5,0.39344014282965667,0,False,0
2068-WWXQZ,1,1,184,20.05,0,0.3618544215921875,0,False,0
7359-SSBJK,1,88,192,70.2,8,0.13227200024228603,2,True,1
2061-VVFST,1,29,74,19.5,1,0.22406192332015484,0,False,0
0685-MLYYM,1,61,6,70.75,11,0.7206166837819697,0,False,1
0749-IRGQE,1,26,26,45.3,4,0.5967408757092862,0,False,0
2380-DAMQP,1,26,288,115.15,2,0.599748483914257,2,False,0
2256-YLYLP,1,4,272,72.95,1,0.31707812859434203,1,False,0
1272-ILHFG,1,17,45,19.65,2,0.11003419297971737,0,False,0
0164-XAIRP,1,14,96,19.55,2,0.3258492711920913,0,False,0
5666-CYCYZ,1,18,72,89.55,1,0.5723070165299466,2,False,0
4011-ARPHK,1,27,108,50.35,2,0.1748115449696418,0,False,0
8182-PNAGI,1,48,24,50.25,8,0.27279167529104925,1,False,1
6365-HITVU,1,22,284,87.25,1,0.26329936499171624,1,False,0
7558-IMLMT,1,16,134,20.8,0,0.3621817858599742,0,False,0
9488-FYQAU,1,3,189,109.25,2,0.3028008807218603,2,False,0
3590-TCXTB,1,23,3,20.35,0,0.22655930257585846,0,False,0
6994-KERXL,1,21,12,55.9,4,0.7544980765445517,0,False,0
7957-RYHQD,1,60,80,79.2,10,0.3250444105510495,0,True,1
2180-DXNEG,1,83,36,96.0,6,0.840823817571819,0,False,1
1960-UOTYM,1,4,156,79.2,2,0.6538043471844611,0,False,0
2740-JFBOK,1,21,20,24.0,0,0.6988426302732942,0,False,0
6500-JVEGC,1,5,272,101.35,4,0.21189402488188075,0,False,0
5515-AKOAJ,1,37,162,100.1,9,0.6870971770368812,2,True,1
8976-OQHGT,1,54,16,56.5,7,0.3377558903928739,1,True,1
5245-VDBUR,1,26,208,35.45,5,0.12315438016622118,0,False,0
6230-BSUXY,1,61,3,85.0,8,0.7512947487268536,0,False,1
8469-SNFFH,1,26,210,79.4,0,0.26162487380856925,1,False,0
2144-ESWKO,1,3,86,35.2,4,0.1310931779968777,0,False,0
1241-FPMOF,1,6,104,19.65,1,0.2694882652158941,0,False,0
9928-BZVLZ,1,24,36,49.85,0,0.15775177994390124,1,False,0
4114-QMKVN,1,11,224,68.75,4,0.3124434653717719,0,False,0
9003-CPATH,1,9,84,79.9,2,0.4860740930708279,0,False,0
1754-GKYPY,1,29,44,89.75,2,0.14510318009998815,0,False,0
5294-CDGWY,1,32,153,59.3,9,0.4584628455439077,0,True,1
7956-XQWGU,1,23,81,19.4,2,0.24723983882613057,0,False,0
1591-MQJTP,1,28,153,93.65,3,0.15989043222820493,0,False,0
5295-PCJOO,1,74,12,49.4,8,0.8151932350670372,0,False,1
2369-FEVNO,1,1,2,19.9,2,0.1009003314799897,0,False,0
9863-JZAIC,1,63,70,55.0,10,0.3530916368812792,0,False,1
7471-MQPOS,1,29,142,72.9,0,0.25632772175170226,2,False,0
7660-HDPJV,1,51,4,69.2,9,0.6821966287248122,0,False,1
5115-SQAAU,1,19,138,25.6,0,0.16138337719003554,0,False,0
9845-QOMAD,1,14,28,19.75,1,0.13068213962926503,0,False,0
7672-VFMXZ,1,17,171,55.7,1,0.6664823365042061,1,False,0
9739-JLPQJ,1,22,144,117.5,0,0.31201822592218387,2,False,0
9916-AYHTC,1,14,96,19.85,1,0.21177551788110424,0,False,0
3855-ONCAR,1,17,8,78.9,4,0.104104052078161,0,False,0
1488-SYSFC,1,25,93,20.65,1,0.6610577507152923,0,False,0
7931-PXHFC,1,43,76,62.3,5,0.17013607729344765,1,True,1
3990-QYKBE,1,61,74,92.5,8,0.6851377189592314,0,False,1
0970-QXPXW,1,12,4,19.65,1,0.2520263375790327,0,False,0
3259-KNMRR,1,16,228,79.75,6,0.3107025487877908,0,False,0
6120-RJKLU,1,1,248,79.95,2,0.3889675858985133,2,False,0
9572-WUKSB,1,13,12,29.9,1,0.5295055665631161,2,False,0
5893-KCLGT,1,6,216,19.75,0,0.3039698279573947,0,False,0
0076-LVEPS,1,17,116,45.0,0,0.16996343554407384,2,False,0
3640-JQGJG,1,12,26,44.8,6,0.16621141112689714,0,False,0
4919-MOAVT,1,60,12,69.65,8,0.742919701569499,0,False,1
1596-OQSPS,1,19,33,51.1,4,0.670971473985554,0,False,0
9867-XOBQA,1,6,84,53.15,2,0.3933361127227988,1,False,0
9546-KDTRB,1,7,76,24.7,0,0.33064924307431076,0,False,0
3090-HAWSU,1,54,183,111.6,4,0.14719449046899252,1,False,1
9820-RMCQV,1,70,33,48.55,7,0.16762079689808773,0,True,1
3174-RKMOW,1,29,105,109.95,1,0.8094332183803408,1,False,0
1760-CAZHT,1,5,75,20.8,0,0.2580963711407032,0,False,0
7839-QRKXN,1,87,3,20.2,7,0.18862240401968156,0,True,1
8441-SHIPE,1,16,201,25.6,1,0.24153497389792353,0,False,0
5204-QZXPU,1,68,38,39.65,8,0.7923322570856934,0,True,1
4597-ELFTS,1,51,224,24.9,5,0.6991482161444691,0,True,1
1320-GVNHT,1,14,288,108.4,5,0.23520932293765848,0,False,0
1047-RNXZV,1,1,129,19.55,2,0.39416617739371207,0,False,0
3541-ZNUHK,1,13,165,85.1,3,0.6736274710651198,0,False,0
8450-JOVAH,1,71,4,56.7,9,0.10176127331556467,0,True,1
8725-JEDFD,1,10,54,69.05,5,0.13371017600608348,0,False,0
7562-UXTPG,1,24,39,70.15,2,0.2661906366421186,0,False,0
8071-SBTRN,1,10,140,111.15,5,0.20498625211467225,0,False,0
1113-IUJYX,1,81,28,105.95,7,0.3437676291508492,2,False,1
6668-CNMFP,1,13,57,89.35,2,0.36870610229668355,2,False,0
5626-MGTUK,1,3,60,89.1,2,0.17219524800257408,0,False,0
5681-LLOEI,1,27,129,91.25,0,0.3289857456534212,1,False,0
8212-DJRCH,1,18,15,90.35,5,0.2606192066309585,0,False,0
4323-OHFOW,1,20,280,105.55,0,0.21759011215468013,1,False,0
4933-BSAIP,1,2,160,19.1,0,0.3360340155663287,0,False,0
2030-BTZRO,1,17,18,20.4,1,0.2694771355113931,0,False,0
1116-DXXDF,1,28,78,100.45,3,0.611754437388262,0,False,0
9274-CNFMO,1,46,12,74.95,6,0.5049596966836676,0,False,1
7758-XKCBS,1,53,60,29.7,7,0.6312303816002389,1,False,1
8992-JQYUN,1,87,2,50.35,8,0.5235027343148624,0,True,1
6563-VNPMN,1,13,180,85.7,2,0.24798826761846413,2,False,0
0617-AQNWT,1,79,192,47.85,4,0.6234121118015611,1,False,1
2267-WTPYD,1,2,228,94.0,4,0.28434269613333285,0,False,0
0270-THENM,1,1,288,69.85,2,0.14424065126326466,1,False,0
2446-PLQVO,1,52,4,70.3,10,0.48949810444276776,0,False,1
4707-MAXGU,1,5,144,25.85,1,0.15652341901033742,0,False,0
2710-WYVXG,1,24,12,71.1,1,0.3452393626264476,2,False,0
3005-NFMTA,1,37,110,98.8,11,0.5585434806222856,0,False,1
6300-BWMJX,1,29,177,93.35,0,0.6191462424383898,1,False,0
8784-CGILN,1,55,54,99.85,6,0.11695227605754718,1,True,1
5389-FFVKB,1,76,128,80.3,9,0.2775571715959203,0,False,1
7009-LGECI,1,24,8,50.55,3,0.3320675416084756,0,False,0
8444-WRIDW,1,42,198,80.45,10,0.16932187878860067,0,True,1
5022-KVDQT,1,13,54,81.3,4,0.6504510560631148,0,False,0
7976-CICYS,1,29,8,20.7,2,0.18675343811569986,0,False,0
1036-GUDCL,1,23,240,79.05,0,0.30988398250782434,2,False,0
2005-DWQZJ,1,28,32,19.05,2,0.176447975981673,0,False,0
8148-WOCMK,1,18,16,19.6,1,0.25053099855338645,0,False,0
7815-PDTHL,1,24,70,20.2,2,0.14033983005745415,0,False,0
9451-LPGOO,1,84,28,86.8,8,0.5649803367270101,0,True,1
9173-IVZVP,1,7,106,20.9,2,0.287418542294239,0,False,0
9129-UXERG,1,1,72,103.6,0,0.12154567799560706,1,False,0
3635-JBPSG,1,5,30,38.8,6,0.34462698791432533,0,False,0
7964-ZRKKG,1,17,268,88.4,6,0.3812307756390442,0,False,0
5868-YWPDW,1,59,12,84.2,8,0.5487927176383437,0,False,1
6229-LSCKB,1,29,24,79.7,4,0.6522493482830511,0,False,0
2025-JKFWI,1,42,26,99.0,9,0.1940399987135784,2,False,1
4078-SAYYN,1,61,33,100.75,8,0.6071163439630696,0,False,1
1724-IQWNM,1,20,3,19.3,2,0.19200322157882035,0,False,0
8217-QYOHV,1,4,10,55.75,1,0.3587029398699164,2,False,0
5546-QUERU,1,2,39,19.95,2,0.20413242560871386,0,False,0
9940-HPQPG,1,59,18,91.75,10,0.3546492094252226,0,True,1
6897-UUBNU,1,1,58,89.65,0,0.3298427715807766,2,False,0
6127-IYJOZ,1,25,3,45.85,5,0.15889717375118154,0,False,0
6618-RYATB,1,72,2,79.55,12,0.14708592428735306,0,True,1
8930-XOTDP,1,6,72,55.95,2,0.33389676542082924,0,False,0
5916-QEWPT,1,2,4,69.0,4,0.21709097623054846,0,False,0
5060-TQUQN,1,26,60,83.55,2,0.3848179507784599,2,False,0
0531-XBKMM,1,26,198,65.7,2,0.3828844794085635,2,False,0
8465-SBRXP,1,1,152,94.9,2,0.30804418918330656,2,False,0
2408-PSJVE,1,4,88,61.9,2,0.2501741019017357,2,False,0
9079-YEXQJ,1,69,108,111.1,5,0.4870550513822092,1,True,1
9700-ZCLOT,1,22,4,20.0,2,0.3647178209130614,0,False,0
8738-JOKAR,1,26,84,67.7,0,0.12459938630203729,1,False,0
4534-WGCIR,1,1,116,25.15,2,0.21110538303798837,0,False,0
1930-WNXSB,1,1,116,92.85,4,0.5878580551400637,0,False,0
2685-SREOM,1,81,100,89.1,10,0.694761420046192,0,False,1
3508-CFVZL,1,20,284,111.3,2,0.13543477794767989,1,False,0
0402-CQAJN,1,73,74,101.9,11,0.3670449989878418,0,False,1
6692-UDPJC,1,60,28,91.65,5,0.6202602237394976,1,True,1
1273-MTETI,1,82,12,88.85,9,0.47221157846361106,0,True,1
0657-DOGUM,1,23,192,60.6,2,0.3186599057433738,2,False,0
5480-HPRRX,1,81,12,25.3,9,0.49918073242724265,0,True,1
8792-AOROI,1,26,16,65.5,0,0.17110122348697926,1,False,0
0295-PPHDO,1,62,4,95.45,12,0.740030089472473,0,False,1
5146-YYFRZ,1,18,268,19.95,1,0.1464196026925907,0,False,0
1195-OIYEJ,1,81,39,91.1,11,0.5719087082409102,0,True,1
5906-CVLHP,1,38,135,54.15,4,0.20829948695144712,2,False,1
3452-SRFEG,1,12,196,74.6,2,0.2766407706446272,0,False,0
4070-OKWVH,1,1,208,94.6,5,0.33697998903372295,0,False,0
5297-MDOIR,1,10,252,81.15,4,0.16924337829320762,0,False,0
6369-MCAKO,1,9,136,89.05,1,0.16173487581481139,1,False,0
4926-UMJZD,1,3,93,49.2,0,0.1665707780872105,2,False,0
6848-HJTXY,1,28,128,19.45,2,0.21448356226544063,0,False,0
6341-AEVKX,1,19,186,104.3,1,0.7381291457080482,2,False,0
4501-EQDRN,1,45,3,69.7,11,0.10403348633846492,0,True,1
2990-HWIML,1,38,18,89.5,8,0.7105666876190251,0,False,1
0682-USIXD,1,10,84,86.05,0,0.7124819150600216,2,False,0
6976-BWGLQ,1,19,216,25.2,0,0.3530558673124655,0,False,0
7078-NVFAM,1,16,64,35.15,6,0.5129650122051824,0,False,0
8065-QBYTO,1,24,213,99.65,2,0.25735140691617375,1,False,0
2133-TSRRM,1,18,68,105.35,3,0.3442081333907715,0,False,0
7384-GHBPI,1,43,9,35.15,9,0.5244508267342683,0,True,1
7603-USHJS,1,86,36,73.75,9,0.3691112133749652,0,True,1
7234-FECYN,1,86,32,101.35,10,0.7881801828993786,0,False,1
2511-ALLCS,1,2,70,24.3,0,0.14251135623512617,0,False,0
3191-CSNMG,1,1,9,80.7,3,0.5762723729914125,0,False,0
7952-OBOYL,1,18,9,89.85,0,0.10770024482238978,2,False,0
7470-DYNOE,1,24,106,61.1,2,0.5799010412294296,0,False,0
7853-OETYL,1,9,12,29.05,6,0.6949847682811694,0,False,0
1545-ACTAS,1,13,192,99.7,5,0.3925421817039455,0,False,0
5876-HZVZM,1,69,12,55.9,8,0.37399697692230993,0,True,1
1400-MMYXY,1,71,12,105.9,7,0.5681856681249418,0,False,1
5126-RCXYW,1,16,108,46.0,2,0.37801915753552007,2,False,0
3085-QUOZK,1,40,2,43.95,9,0.3467944530533622,0,True,1
2363-BJLSL,1,19,124,80.4,2,0.3603107550252205,2,False,0
1956-YIFGE,1,25,66,100.05,4,0.37444803258570614,0,False,0
3926-CUQZX,1,60,2,45.1,8,0.24645397526418536,0,False,1
7921-LMDFQ,1,22,102,94.0,4,0.16336548812813062,0,False,0
2925-MXLSX,1,11,60,68.95,3,0.10630722606187508,0,False,0
5820-PTRYM,1,1,224,68.45,1,0.10706448121409502,1,False,0
9609-BENEA,1,21,70,69.0,2,0.7238229453711074,2,False,0
6211-WHMYA,1,7,192,43.85,0,0.6949248653295754,2,False,0
4459-BBGHE,1,20,60,44.5,4,0.6994006080179438,0,False,0
9945-PSVIP,1,8,50,18.7,1,0.13940055312282035,0,False,0
1041-RXHRA,1,69,164,70.25,11,0.3926540098554294,0,False,1
1750-CSKKM,1,52,27,55.35,8,0.5746312350634094,0,False,1
9108-EJFJP,1,9,3,53.55,5,0.23344190308345258,0,False,0
0530-IJVDB,1,25,210,114.6,2,0.7195473729605425,2,False,0
0508-SQWPL,1,25,114,20.1,2,0.10259156689378168,0,False,0
2215-ZAFGX,1,1,18,85.5,4,0.7225360340032692,0,False,0
8213-TAZPM,1,2,207,108.75,0,0.26146317180225875,1,False,0
7142-HVGBG,1,66,129,103.0,8,0.6948225152725993,0,True,1
1304-SEGFY,1,14,288,97.85,4,0.780877086371079,0,False,0
7242-EDTYC,1,20,132,19.55,2,0.17234115602450223,0,False,0
2904-GGUAZ,1,10,144,84.05,5,0.35832904293542556,0,False,0
8267-ZNYVZ,1,37,66,103.75,9,0.8534922852941579,2,False,1
5136-GFPMB,1,10,108,89.4,5,0.3480586947749804,0,False,0
2595-KIWPV,1,29,108,19.7,2,0.2024193325117976,0,False,0
5243-SAOTC,1,6,162,79.85,3,0.1487672319536957,0,False,0
9398-MMQTO,1,17,6,74.45,5,0.2425531328139654,0,False,0
7619-PLRLP,1,28,212,74.1,6,0.1779523174979103,0,False,0
6457-GIRWB,1,53,4,69.35,11,0.6096825293576285,0,False,1
6508-NJYRO,1,6,30,18.8,0,0.18384100361182912,0,False,0
1450-SKCVI,1,50,224,73.85,6,0.5432095621018841,0,False,1
4710-NKCAW,1,20,20,64.4,2,0.13382066304218967,1,False,0
5306-BVTKJ,1,3,96,55.8,5,0.38330012016315185,0,False,0
0357-NVCRI,1,23,100,20.05,1,0.296830354357358,0,False,0
5570-PTWEH,1,48,6,75.15,6,0.14090221935501504,0,False,1
2371-KFUOG,1,18,116,99.15,4,0.34361926023689504,0,False,0
0463-ZSDNT,1,26,40,56.75,3,0.37842648874423757,0,False,0
6502-MJQAE,1,88,2,69.6,9,0.55737971927705,0,True,1
6257-DTAYD,1,4,142,104.15,1,0.1429758272332084,2,False,0
4616-ULAOA,1,8,195,110.8,0,0.19674265091276852,1,False,0
7693-LCKZL,1,48,10,80.15,8,0.6983017757310362,0,True,1
7746-AWNQW,1,5,84,35.75,2,0.15252816785487927,1,False,0
5996-EBTKM,1,13,201,69.9,0,0.3338039760436103,1,False,0
2758-RNWXS,1,25,105,89.2,2,0.7889476576135865,1,False,0
2314-TNDJQ,1,1,216,55.65,1,0.2954100122668039,2,False,0
2405-LBMUW,1,27,244,50.7,1,0.2299952498045872,2,False,0
3454-JFUBC,1,13,272,20.0,1,0.21003108487028496,0,False,0
0032-PGELS,1,66,2,30.5,8,0.12557739262659667,0,True,1
9039-ZVJDC,1,22,6,19.1,1,0.20720673557847163,0,False,0
6797-LNAQX,1,81,140,98.3,6,0.28055254185674994,0,True,1
9013-AQORL,1,24,192,45.55,2,0.36946276484385143,0,False,0
2898-MRKPI,1,14,204,101.05,4,0.34993736144794985,0,False,0
2750-BJLSB,1,3,188,103.7,2,0.48447683405585,1,False,0
3648-GZPHF,1,5,128,36.25,2,0.14165886854784915,1,False,0
2075-RMJIK,1,7,10,49.4,3,0.354546393431438,0,False,0
9588-YRFHY,1,1,98,19.9,0,0.38179550951476693,0,False,0
6394-MFYNG,1,87,96,107.4,8,0.1167426533719722,0,True,1
1564-NTYXF,1,42,39,82.0,7,0.7337582574906725,0,True,1
9364-YKUVW,1,12,45,19.8,2,0.20971993433926805,0,False,0
5392-AKEMH,1,11,48,45.05,4,0.5899724790523274,0,False,0
2451-YMUXS,1,24,201,64.55,1,0.2928007577577165,2,False,0
3914-FDRHP,1,8,18,86.25,2,0.7755944614666542,1,False,0
3078-ZKNTS,1,25,39,19.75,0,0.1824512652641091,0,False,0
1024-KPRBB,1,6,114,89.1,5,0.31160630322016336,0,False,0
4690-PKDQG,1,28,126,95.55,4,0.7449448410083491,0,False,0
8155-IBNHG,1,89,72,75.4,7,0.2551961984812715,0,True,1
0886-QGENL,1,75,54,101.25,7,0.6040099738014144,0,True,1
9547-ITEFG,1,19,18,102.6,3,0.10541601487240765,0,False,0
1264-FUHCX,1,20,196,56.3,2,0.10121977898429924,1,False,0
7789-CRUVC,1,20,244,94.2,2,0.2651315700077056,1,False,0
6598-KELSS,1,24,200,43.05,3,0.25723253943002333,0,False,0
8739-WWKDU,1,75,75,89.5,9,0.44155836793683634,0,True,1
8685-WHQPW,1,69,66,74.4,9,0.2476078979869194,0,False,1
4745-LSPLO,1,85,2,20.5,6,0.3272586325081309,0,False,1
8083-YTZES,1,88,16,74.35,10,0.7504630227850808,0,False,1
7240-FQLHE,1,57,36,99.75,7,0.2552842872273825,2,True,1
6664-FPDAC,1,30,224,111.95,8,0.6432219709125725,1,False,1
9972-VAFJJ,1,28,212,94.0,2,0.6453269686938079,1,False,0
0422-UXFAP,1,29,204,98.85,5,0.6328356878826766,0,False,0
1904-WAJAA,1,11,72,64.35,4,0.5183578407847872,0,False,0
5130-YPIRV,1,16,248,72.0,3,0.25715208907532205,0,False,0
2843-CQMEG,1,27,96,49.7,3,0.2775824297405943,0,False,0
6439-PKTRR,1,20,210,80.7,2,0.5537431775532285,2,False,0
5351-QESIO,1,1,4,24.2,4,0.12265455941846745,0,False,0
0786-VSSUD,1,53,48,39.0,9,0.15002008333475889,0,True,1
5568-DMXZS,1,19,24,65.45,2,0.6850684026979521,2,False,0
8468-FZTOE,1,21,144,74.35,2,0.47886298789601567,1,False,0
6633-SYEUS,1,22,69,83.2,2,0.18257299299030882,1,False,0
6447-GORXK,1,9,93,25.0,2,0.31076378385583747,0,False,0
6967-PEJLL,1,9,111,40.2,2,0.49636761850637096,2,False,0
3976-BWUCK,1,56,120,94.1,7,0.21925809683667075,1,True,1
5981-ZVXOT,1,27,70,108.35,3,0.8151339903513771,0,False,0
1684-FLBGS,1,17,92,69.5,0,0.34749898340833374,2,False,0
1389-WNUIB,1,12,60,76.0,5,0.1766416750474485,0,False,0
0376-OIWME,1,25,108,93.6,6,0.6458850659600737,0,False,0
3585-ISXZP,1,41,16,95.65,6,0.2997413268093003,0,False,1
0218-QNVAS,1,8,142,100.55,3,0.37007245291933843,0,False,0
6583-QGCSI,1,53,150,88.05,10,0.7369192885805147,0,True,1
0804-YGEQV,1,18,129,24.45,2,0.2683860632748324,0,False,0
7164-BPTUT,1,29,228,89.55,1,0.366534164043235,1,False,0
4174-LPGTI,1,74,123,66.5,5,0.11631452655441654,1,True,1
2523-EWWZL,1,1,108,76.1,6,0.7784776643340762,0,False,0
0928-XUTSN,1,1,26,80.5,5,0.6357763586050601,0,False,0
2108-XWMPY,1,32,12,35.45,12,0.37292901549882596,0,True,1
0052-YNYOT,1,6,201,20.55,1,0.697055782578357,0,False,0
6304-IJFSQ,1,53,12,49.9,10,0.151074179267805,0,True,1
9586-JGQKH,1,23,256,105.4,0,0.18444054118541206,2,False,0
4501-VCPFK,1,5,52,35.75,1,0.5846592901996954,2,False,0
6075-SLNIL,1,27,152,95.1,4,0.13018828817851633,0,False,0
9347-AERRL,1,16,69,19.3,1,0.24488317164138967,0,False,0
0093-XWZFY,1,49,160,104.5,9,0.25392442321885766,0,False,1
2274-XUATA,1,17,288,63.1,1,0.27189347789786633,1,False,0
1980-KXVPM,1,39,12,75.05,11,0.2988875099338766,0,False,1
7703-ZEKEF,1,48,69,81.0,8,0.5296232558053513,0,False,1
0723-DRCLG,1,32,4,74.45,9,0.7827034414255115,0,False,1
5482-NUPNA,1,53,12,60.4,7,0.3741427864522159,2,False,1
6691-CCIHA,1,29,248,84.95,0,0.6023118380170409,1,False,0
1685-BQULA,1,8,80,93.4,2,0.1320137329953412,0,False,0
9053-EJUNL,1,3,82,89.2,4,0.4728984027101344,0,False,0
0666-UXTJO,1,26,68,85.2,2,0.18452567887327131,0,False,0
1471-GIQKQ,1,25,3,49.95,5,0.7679023798904658,0,False,0
4807-IZYOZ,1,26,153,20.65,1,0.1782998965952772,0,False,0
1122-JWTJW,1,44,3,70.65,10,0.3442992736903514,0,True,1
9710-NJERN,1,23,156,20.15,0,0.34589774408978924,0,False,0
9837-FWLCH,1,8,36,19.2,0,0.5581453027495129,0,False,0
1699-HPSBG,1,70,36,59.8,8,0.5187475914708248,1,True,1
7203-OYKCT,1,18,216,104.95,4,0.6601320591673616,0,False,0
1035-IPQPU,1,18,189,103.5,4,0.7836077074253258,0,False,0
7398-LXGYX,1,21,88,84.8,4,0.11937123940025313,0,False,0
2823-LKABH,1,1,72,95.05,2,0.38602706299798073,2,False,0
8775-CEBBJ,1,63,18,44.2,10,0.29377008248248176,0,True,1
0550-DCXLH,1,18,52,73.35,1,0.21944432689169327,2,False,0
9281-CEDRU,1,29,272,64.1,1,0.25180577066098175,2,False,0
2235-DWLJU,1,25,12,44.4,3,0.6544324116878798,0,False,0
0871-OPBXW,1,7,6,20.05,1,0.22378330873883207,0,False,0
3605-JISKB,1,16,110,60.0,5,0.27868498325263624,0,False,0
6894-LFHLY,1,52,4,75.75,11,0.4354486728441143,0,True,1
9767-FFLEM,1,15,152,69.5,6,0.15261313749548866,0,False,0
0639-TSIQW,1,52,201,102.95,10,0.16811187094105773,0,True,1
8456-QDAVC,1,9,38,78.7,3,0.22225428228350297,0,False,0
7750-EYXWZ,1,7,48,60.65,1,0.68378976543336,1,False,0
2569-WGERO,1,14,144,21.15,0,0.3166613679005389,0,False,0
6840-RESVB,1,11,72,84.8,1,0.17775381061219692,2,False,0
2234-XADUH,1,21,216,103.2,5,0.11712164008211604,0,False,0
4801-JZAZL,1,16,44,29.6,2,0.5911780799120164,0,False,0
8361-LTMKD,1,31,12,74.4,7,0.10339392573199388,0,False,1
3186-AJIEK,1,6,264,105.65,2,0.11140780196180129,2,False,0
