user_id,recency_days,frequency,monetary_value,total_events,view_count,cart_count,cart_abandonment_rate,avg_session_duration,purchase_recency_days,churned,churn_probability,risk_level,segment
U00001,5,9,560.1,61,37,15,0.4,8.15,9,0,0.0002,Low,At-Risk Spenders
U00002,25,1,13.36,14,13,0,1.0,7.96,68,0,0.0005,Low,Casual Browsers
U00003,28,2,41.91,23,18,3,0.3333333333333333,6.58,28,0,0.0002,Low,At-Risk Spenders
U00004,4,0,0.0,9,8,1,1.0,10.94,34,0,0.0002,Low,Casual Browsers
U00005,25,7,347.45,35,17,11,0.3636363636363636,6.92,53,0,0.0007,Low,At-Risk Spenders
U00006,28,6,274.88,52,28,18,0.6666666666666667,6.69,43,0,0.0004,Low,At-Risk Spenders
U00007,94,0,0.0,13,12,1,1.0,13.48,124,1,0.9998,High,Churned
U00008,7,0,0.0,21,16,5,1.0,5.43,37,0,0.0002,Low,Casual Browsers
U00009,9,11,575.07,38,20,7,0.0,5.48,97,0,0.0015,Low,At-Risk Spenders
U00010,23,58,9716.46,193,33,102,0.4313725490196078,7.11,23,0,0.0002,Low,High-Value Loyalists
U00011,107,2,107.23,17,14,1,0.0,9.31,115,1,0.9996,High,Churned
U00012,11,3,137.03,13,10,0,1.0,5.07,11,0,0.0002,Low,Casual Browsers
U00013,16,3,163.65,16,12,1,0.0,6.45,56,0,0.0005,Low,At-Risk Spenders
U00014,11,8,387.61,36,17,11,0.2727272727272727,7.05,13,0,0.0002,Low,At-Risk Spenders
U00015,22,0,0.0,20,16,4,1.0,7.02,52,0,0.0002,Low,Casual Browsers
U00016,21,8,467.88,52,28,16,0.5,7.05,26,0,0.0002,Low,At-Risk Spenders
U00017,25,2,38.0,13,9,2,0.0,7.79,25,0,0.0002,Low,At-Risk Spenders
U00018,23,9,531.11,40,15,16,0.4375,7.68,23,0,0.0002,Low,At-Risk Spenders
U00019,19,7,355.51,48,24,17,0.5882352941176471,7.49,32,0,0.0003,Low,At-Risk Spenders
U00020,6,1,14.49,13,10,2,0.5,7.05,13,0,0.0002,Low,At-Risk Spenders
U00021,19,2,74.84,24,19,3,0.3333333333333333,9.14,129,0,0.0008,Low,At-Risk Spenders
U00022,34,0,0.0,12,11,1,1.0,13.06,64,1,0.9998,High,Churned
U00023,23,8,391.37,35,15,12,0.3333333333333333,8.09,23,0,0.0002,Low,At-Risk Spenders
U00024,1,3,96.81,42,22,17,0.8235294117647058,10.44,4,0,0.0002,Low,Casual Browsers
U00025,12,36,5996.52,128,21,71,0.4929577464788732,6.75,14,0,0.0002,Low,High-Value Loyalists
U00026,11,15,937.0,73,37,21,0.2857142857142857,7.3,27,0,0.0002,Low,At-Risk Spenders
U00027,14,11,546.65,63,29,23,0.5217391304347826,8.34,16,0,0.0002,Low,At-Risk Spenders
U00028,16,10,593.56,55,28,17,0.4117647058823529,6.93,22,0,0.0002,Low,At-Risk Spenders
U00029,13,0,0.0,6,6,0,1.0,2.97,43,0,0.0002,Low,Casual Browsers
U00030,75,4,107.55,24,18,2,0.0,9.29,88,1,0.9997,High,Churned
U00031,19,6,380.94,50,32,12,0.5,9.52,32,0,0.0003,Low,At-Risk Spenders
U00032,2,0,0.0,4,4,0,1.0,10.18,32,0,0.0002,Low,Casual Browsers
U00033,85,7,596.52,31,12,12,0.4166666666666666,7.93,104,1,0.9997,High,Churned
U00034,20,0,0.0,8,8,0,1.0,5.39,50,0,0.0002,Low,Casual Browsers
U00035,5,12,828.97,64,31,21,0.4285714285714286,7.04,37,0,0.0005,Low,At-Risk Spenders
U00036,7,13,928.89,65,28,24,0.4583333333333333,7.51,7,0,0.0002,Low,At-Risk Spenders
U00037,16,12,1147.48,48,20,16,0.25,6.66,61,0,0.0012,Low,At-Risk Spenders
U00038,92,1,39.64,17,13,3,0.6666666666666667,10.85,124,1,0.9995,High,Churned
U00039,26,0,0.0,14,14,0,1.0,11.61,56,0,0.0003,Low,Casual Browsers
U00040,22,29,4465.86,106,17,60,0.5166666666666666,6.39,22,0,0.0002,Low,High-Value Loyalists
U00041,36,10,741.62,42,20,12,0.1666666666666666,8.23,36,1,0.9992,High,Churned
U00042,14,0,0.0,5,5,0,1.0,10.1,44,0,0.0002,Low,Casual Browsers
U00043,100,0,0.0,10,10,0,1.0,9.49,130,1,0.9998,High,Churned
U00044,13,8,335.98,52,26,18,0.5555555555555556,8.98,13,0,0.0002,Low,At-Risk Spenders
U00045,4,1,6.31,13,12,0,1.0,8.38,128,0,0.0008,Low,Casual Browsers
U00046,26,13,855.24,68,43,12,0.0,8.82,52,0,0.0008,Low,At-Risk Spenders
U00047,27,0,0.0,13,12,1,1.0,14.4,57,0,0.0003,Low,Casual Browsers
U00048,1,0,0.0,10,10,0,1.0,5.81,31,0,0.0002,Low,Casual Browsers
U00049,13,0,0.0,11,10,1,1.0,7.13,43,0,0.0002,Low,Casual Browsers
U00050,1,25,4989.82,83,13,45,0.4444444444444444,7.99,2,0,0.0002,Low,High-Value Loyalists
U00051,15,0,0.0,24,22,2,1.0,7.9,45,0,0.0002,Low,Casual Browsers
U00052,3,2,53.11,13,11,0,1.0,7.21,82,0,0.0007,Low,Casual Browsers
U00053,19,0,0.0,13,13,0,1.0,6.05,49,0,0.0002,Low,Casual Browsers
U00054,9,27,3708.32,94,14,53,0.490566037735849,8.52,9,0,0.0002,Low,High-Value Loyalists
U00055,22,0,0.0,3,3,0,1.0,4.9,52,0,0.0002,Low,Casual Browsers
U00056,16,22,3592.53,100,18,60,0.6333333333333333,8.0,25,0,0.0002,Low,High-Value Loyalists
U00057,56,0,0.0,3,3,0,1.0,14.4,86,1,0.9998,High,Churned
U00058,21,10,606.38,46,25,11,0.0909090909090909,6.48,28,0,0.0002,Low,At-Risk Spenders
U00059,117,14,980.35,66,34,18,0.2222222222222222,8.43,120,1,0.9997,High,Churned
U00060,1,1,30.48,15,12,2,0.5,11.03,129,0,0.0008,Low,At-Risk Spenders
U00061,14,0,0.0,10,10,0,1.0,10.78,44,0,0.0002,Low,Casual Browsers
U00062,26,2,81.84,15,9,4,0.5,9.05,54,0,0.0005,Low,At-Risk Spenders
U00063,12,0,0.0,4,4,0,1.0,13.85,42,0,0.0002,Low,Casual Browsers
U00064,16,0,0.0,5,5,0,1.0,3.0,46,0,0.0002,Low,Casual Browsers
U00065,26,3,212.74,30,13,14,0.7857142857142857,5.93,55,0,0.0006,Low,Casual Browsers
U00066,10,1,31.34,13,11,1,0.0,11.25,110,0,0.0008,Low,At-Risk Spenders
U00067,31,0,0.0,11,10,1,1.0,7.84,61,1,0.9996,High,Churned
U00068,15,3,73.07,13,8,2,0.0,6.76,30,0,0.0002,Low,At-Risk Spenders
U00069,76,6,398.82,62,33,23,0.7391304347826086,9.11,84,1,0.9997,High,Churned
U00070,3,6,341.66,31,14,11,0.4545454545454546,6.4,11,0,0.0002,Low,At-Risk Spenders
U00071,15,32,4535.3,114,12,70,0.5428571428571429,6.57,16,0,0.0002,Low,High-Value Loyalists
U00072,11,62,8968.05,197,28,107,0.4205607476635514,8.11,17,0,0.0002,Low,High-Value Loyalists
U00073,105,0,0.0,11,11,0,1.0,5.72,135,1,0.9998,High,Churned
U00074,29,0,0.0,11,11,0,1.0,7.32,59,0,0.0003,Low,Casual Browsers
U00075,20,1,9.24,13,12,0,1.0,10.56,146,0,0.0008,Low,Casual Browsers
U00076,7,0,0.0,8,8,0,1.0,7.5,37,0,0.0002,Low,Casual Browsers
U00077,6,19,1889.15,61,27,15,0.0,9.71,9,0,0.0002,Low,At-Risk Spenders
U00078,114,13,772.69,77,41,23,0.4347826086956522,8.16,119,1,0.9998,High,Churned
U00079,9,0,0.0,17,17,0,1.0,6.87,39,0,0.0002,Low,Casual Browsers
U00080,69,1,13.14,25,21,3,0.6666666666666667,6.21,157,1,0.9995,High,Churned
U00081,28,0,0.0,3,2,1,1.0,6.97,58,0,0.0003,Low,Casual Browsers
U00082,13,6,514.65,67,43,18,0.6666666666666667,8.32,43,0,0.0004,Low,At-Risk Spenders
U00083,18,1,29.51,5,4,0,1.0,5.92,168,0,0.0008,Low,Casual Browsers
U00084,40,9,558.18,48,21,18,0.5,8.67,44,1,0.9993,High,Churned
U00085,6,14,855.12,53,25,14,0.0,7.95,16,0,0.0002,Low,At-Risk Spenders
U00086,4,15,1071.03,63,34,14,0.0,8.43,4,0,0.0002,Low,At-Risk Spenders
U00087,1,12,822.15,75,37,26,0.5384615384615384,7.14,97,0,0.0015,Low,At-Risk Spenders
U00088,22,0,0.0,5,5,0,1.0,4.56,52,0,0.0002,Low,Casual Browsers
U00089,29,1,13.98,8,7,0,1.0,4.9,69,0,0.0005,Low,Casual Browsers
U00090,0,7,611.21,59,32,20,0.65,8.31,47,0,0.0004,Low,At-Risk Spenders
U00091,67,19,730.85,67,29,19,0.0,7.96,80,1,0.9998,High,Churned
U00092,13,2,35.76,17,13,2,0.0,5.46,103,0,0.0007,Low,At-Risk Spenders
U00093,22,4,157.56,28,19,5,0.1999999999999999,7.32,73,0,0.001,Low,At-Risk Spenders
U00094,12,0,0.0,7,7,0,1.0,7.19,42,0,0.0002,Low,Casual Browsers
U00095,27,2,73.41,18,14,2,0.0,8.44,41,0,0.0003,Low,At-Risk Spenders
U00096,2,1,30.86,17,15,1,0.0,12.26,137,0,0.0008,Low,At-Risk Spenders
U00097,2,12,836.64,79,39,28,0.5714285714285714,6.74,7,0,0.0002,Low,At-Risk Spenders
U00098,23,1,12.41,14,12,1,0.0,8.22,111,0,0.0008,Low,At-Risk Spenders
U00099,43,10,795.01,58,37,11,0.0909090909090909,8.4,51,1,0.9995,High,Churned
U00100,42,44,6048.05,139,15,80,0.4499999999999999,7.82,45,1,0.9995,High,Churned
U00101,50,9,448.68,45,26,10,0.0999999999999999,7.13,50,1,0.9994,High,Churned
U00102,16,0,0.0,11,11,0,1.0,8.27,46,0,0.0002,Low,Casual Browsers
U00103,15,1,17.81,4,3,0,1.0,8.72,104,0,0.0007,Low,Casual Browsers
U00104,9,14,964.46,63,21,28,0.5,7.88,9,0,0.0002,Low,At-Risk Spenders
U00105,19,45,5782.89,186,40,101,0.5544554455445545,6.25,21,0,0.0002,Low,High-Value Loyalists
U00106,3,21,1471.37,77,33,23,0.0869565217391304,7.64,3,0,0.0002,Low,At-Risk Spenders
U00107,0,11,693.44,63,31,21,0.4761904761904761,7.49,0,0,0.0002,Low,At-Risk Spenders
U00108,2,15,783.73,65,31,19,0.2105263157894736,6.68,4,0,0.0002,Low,At-Risk Spenders
U00109,29,0,0.0,10,9,1,1.0,6.79,59,0,0.0003,Low,Casual Browsers
U00110,88,1,91.75,10,6,3,0.6666666666666667,7.6,172,1,0.9995,High,Churned
U00111,2,0,0.0,6,6,0,1.0,4.92,32,0,0.0002,Low,Casual Browsers
U00112,8,0,0.0,6,6,0,1.0,5.88,38,0,0.0002,Low,Casual Browsers
U00113,1,0,0.0,4,3,1,1.0,6.05,31,0,0.0002,Low,Casual Browsers
U00114,9,0,0.0,14,12,2,1.0,7.0,39,0,0.0002,Low,Casual Browsers
U00115,7,0,0.0,5,5,0,1.0,8.88,37,0,0.0002,Low,Casual Browsers
U00116,0,0,0.0,25,23,2,1.0,8.58,30,0,0.0002,Low,Casual Browsers
U00117,1,0,0.0,13,13,0,1.0,6.82,31,0,0.0002,Low,Casual Browsers
U00118,4,0,0.0,3,3,0,1.0,5.77,34,0,0.0002,Low,Casual Browsers
U00119,26,2,128.09,29,22,5,0.6,8.35,31,0,0.0003,Low,At-Risk Spenders
U00120,4,0,0.0,5,5,0,1.0,7.52,34,0,0.0002,Low,Casual Browsers
U00121,19,1,26.65,10,6,3,0.6666666666666667,6.18,147,0,0.0008,Low,Casual Browsers
U00122,17,0,0.0,7,7,0,1.0,6.81,47,0,0.0002,Low,Casual Browsers
U00123,7,0,0.0,9,7,2,1.0,8.77,37,0,0.0002,Low,Casual Browsers
U00124,59,1,27.01,12,11,0,1.0,7.48,177,1,0.9994,High,Churned
U00125,18,3,135.36,21,13,5,0.4,6.04,18,0,0.0002,Low,At-Risk Spenders
U00126,27,0,0.0,14,14,0,1.0,6.09,57,0,0.0003,Low,Casual Browsers
U00127,22,0,0.0,12,12,0,1.0,12.25,52,0,0.0002,Low,Casual Browsers
U00128,15,0,0.0,20,18,2,1.0,8.98,45,0,0.0002,Low,Casual Browsers
U00129,107,0,0.0,9,8,1,1.0,10.44,137,1,0.9998,High,Churned
U00130,11,2,43.54,19,11,6,0.6666666666666667,4.42,68,0,0.0006,Low,Casual Browsers
U00131,10,31,4445.32,109,17,61,0.4918032786885246,6.74,10,0,0.0002,Low,High-Value Loyalists
U00132,24,6,416.62,41,17,18,0.6666666666666667,9.17,29,0,0.0002,Low,At-Risk Spenders
U00133,77,8,426.83,39,20,11,0.2727272727272727,7.03,96,1,0.9997,High,Churned
U00134,13,1,7.51,9,8,0,1.0,6.32,108,0,0.0008,Low,Casual Browsers
U00135,13,10,442.21,58,38,10,0.0,10.41,33,0,0.0004,Low,At-Risk Spenders
U00136,8,0,0.0,4,4,0,1.0,4.52,38,0,0.0002,Low,Casual Browsers
U00137,23,4,131.06,28,21,3,0.0,7.89,27,0,0.0002,Low,At-Risk Spenders
U00138,20,10,527.0,67,31,26,0.6153846153846154,9.04,54,0,0.0008,Low,At-Risk Spenders
U00139,14,1,24.19,24,17,6,0.8333333333333334,7.03,39,0,0.0004,Low,Casual Browsers
U00140,2,2,75.17,15,11,2,0.0,8.47,107,0,0.0008,Low,At-Risk Spenders
U00141,3,6,370.68,38,19,13,0.5384615384615384,9.09,6,0,0.0002,Low,At-Risk Spenders
U00142,2,49,7076.37,171,23,99,0.505050505050505,7.87,7,0,0.0002,Low,High-Value Loyalists
U00143,15,0,0.0,8,8,0,1.0,8.78,45,0,0.0002,Low,Casual Browsers
U00144,25,30,5032.78,89,7,52,0.4230769230769231,8.39,29,0,0.0002,Low,High-Value Loyalists
U00145,2,0,0.0,14,12,2,1.0,13.24,32,0,0.0002,Low,Casual Browsers
U00146,41,2,58.66,14,8,4,0.5,6.55,125,1,0.9995,High,Churned
U00147,21,8,391.33,43,19,16,0.5,6.74,32,0,0.0003,Low,At-Risk Spenders
U00148,20,60,8667.32,196,28,108,0.4444444444444444,7.6,20,0,0.0002,Low,High-Value Loyalists
U00149,115,0,0.0,10,10,0,1.0,12.78,145,1,0.9998,High,Churned
U00150,29,4,217.04,17,11,2,0.0,11.17,29,0,0.0002,Low,At-Risk Spenders
U00151,5,0,0.0,4,4,0,1.0,1.42,35,0,0.0002,Low,Casual Browsers
U00152,26,11,643.17,73,33,29,0.6206896551724138,9.17,29,0,0.0002,Low,At-Risk Spenders
U00153,37,1,15.74,11,7,3,0.6666666666666667,5.87,152,1,0.9995,High,Churned
U00154,13,0,0.0,19,15,4,1.0,6.13,43,0,0.0002,Low,Casual Browsers
U00155,2,4,232.09,37,21,12,0.6666666666666667,7.46,10,0,0.0002,Low,Casual Browsers
U00156,15,2,107.55,26,21,3,0.3333333333333333,9.46,15,0,0.0002,Low,At-Risk Spenders
U00157,18,12,722.49,40,19,9,0.0,7.96,19,0,0.0002,Low,At-Risk Spenders
U00158,3,0,0.0,11,10,1,1.0,8.2,33,0,0.0002,Low,Casual Browsers
U00159,2,5,470.03,49,24,20,0.75,10.67,79,0,0.0012,Low,Casual Browsers
U00160,23,1,25.32,12,11,0,1.0,6.12,160,0,0.0008,Low,Casual Browsers
U00161,23,3,347.94,54,22,29,0.896551724137931,9.43,93,0,0.001,Low,Casual Browsers
U00162,27,2,65.84,17,12,3,0.3333333333333333,6.37,34,0,0.0003,Low,At-Risk Spenders
U00163,2,0,0.0,12,12,0,1.0,6.86,32,0,0.0002,Low,Casual Browsers
U00164,26,1,10.4,14,13,0,1.0,8.88,146,0,0.0008,Low,Casual Browsers
U00165,36,14,652.91,71,36,21,0.3333333333333333,7.55,39,1,0.9993,High,Churned
U00166,13,3,74.26,27,23,1,0.0,7.69,40,0,0.0004,Low,At-Risk Spenders
U00167,9,13,886.21,76,42,21,0.3809523809523809,8.92,35,0,0.0005,Low,At-Risk Spenders
U00168,2,3,175.01,22,15,4,0.25,9.26,8,0,0.0002,Low,At-Risk Spenders
U00169,45,9,645.44,34,10,15,0.4,7.87,59,1,0.9996,High,Churned
U00170,4,13,824.53,67,33,21,0.3809523809523809,8.78,4,0,0.0002,Low,At-Risk Spenders
U00171,14,4,110.12,11,6,1,0.0,6.61,18,0,0.0002,Low,At-Risk Spenders
U00172,39,8,590.72,31,18,5,0.0,8.37,110,1,0.9998,High,Churned
U00173,23,0,0.0,12,12,0,1.0,6.35,53,0,0.0002,Low,Casual Browsers
U00174,8,1,13.88,23,16,6,0.8333333333333334,8.93,77,0,0.0007,Low,Casual Browsers
U00175,1,3,139.91,25,20,2,0.0,5.44,24,0,0.0002,Low,At-Risk Spenders
U00176,0,2,57.92,26,23,1,0.0,7.35,31,0,0.0003,Low,At-Risk Spenders
U00177,26,2,34.24,26,18,6,0.6666666666666667,10.12,135,0,0.0008,Low,Casual Browsers
U00178,3,4,146.56,47,26,17,0.7647058823529411,7.4,15,0,0.0002,Low,Casual Browsers
U00179,11,3,89.37,19,13,3,0.0,10.34,51,0,0.0004,Low,At-Risk Spenders
U00180,102,0,0.0,24,16,8,1.0,10.02,132,1,0.9998,High,Churned
U00181,21,33,4840.32,96,16,47,0.2978723404255319,9.28,21,0,0.0002,Low,High-Value Loyalists
U00182,115,0,0.0,13,13,0,1.0,6.65,145,1,0.9998,High,Churned
U00183,29,1,35.51,12,10,1,0.0,9.2,29,0,0.0002,Low,At-Risk Spenders
U00184,25,17,1091.05,75,38,20,0.15,8.61,25,0,0.0002,Low,At-Risk Spenders
U00185,17,3,262.4,24,17,4,0.25,9.61,35,0,0.0003,Low,At-Risk Spenders
U00186,20,1,28.84,11,9,1,0.0,9.42,135,0,0.0008,Low,At-Risk Spenders
U00187,13,2,85.66,32,16,14,0.8571428571428572,8.7,35,0,0.0004,Low,Casual Browsers
U00188,3,37,5007.47,101,9,55,0.3272727272727272,8.06,3,0,0.0002,Low,High-Value Loyalists
U00189,13,14,766.57,77,37,26,0.4615384615384615,7.63,13,0,0.0002,Low,At-Risk Spenders
U00190,27,15,992.76,70,33,22,0.3181818181818182,8.5,28,0,0.0002,Low,At-Risk Spenders
U00191,35,9,554.81,59,32,18,0.5,8.45,40,1,0.9992,High,Churned
U00192,28,0,0.0,13,13,0,1.0,6.43,58,0,0.0003,Low,Casual Browsers
U00193,13,0,0.0,9,9,0,1.0,7.89,43,0,0.0002,Low,Casual Browsers
U00194,16,0,0.0,11,10,1,1.0,6.9,46,0,0.0002,Low,Casual Browsers
U00195,21,0,0.0,12,12,0,1.0,7.36,51,0,0.0002,Low,Casual Browsers
U00196,5,4,265.36,59,28,27,0.8518518518518519,7.09,22,0,0.0002,Low,Casual Browsers
U00197,14,1,48.93,24,20,3,0.6666666666666667,9.05,109,0,0.0008,Low,Casual Browsers
U00198,17,3,262.71,48,26,19,0.8421052631578947,8.44,41,0,0.0004,Low,Casual Browsers
U00199,19,63,8310.82,185,24,98,0.3571428571428571,7.87,19,0,0.0002,Low,High-Value Loyalists
U00200,9,1,73.5,16,13,2,0.5,8.92,73,0,0.0005,Low,At-Risk Spenders
U00201,19,6,166.43,21,15,0,1.0,9.67,23,0,0.0002,Low,Casual Browsers
U00202,67,7,372.7,51,21,23,0.6956521739130435,7.83,76,1,0.9997,High,Churned
U00203,8,0,0.0,16,16,0,1.0,6.44,38,0,0.0002,Low,Casual Browsers
U00204,16,9,706.07,77,47,21,0.5714285714285714,6.15,18,0,0.0002,Low,At-Risk Spenders
U00205,28,30,4282.28,99,14,55,0.4545454545454546,8.48,37,0,0.0006,Low,High-Value Loyalists
U00206,102,0,0.0,9,9,0,1.0,7.68,132,1,0.9998,High,Churned
U00207,88,8,359.74,38,22,8,0.0,6.83,93,1,0.9997,High,Churned
U00208,21,3,142.8,29,19,7,0.5714285714285714,8.67,47,0,0.0005,Low,At-Risk Spenders
U00209,66,14,802.98,76,37,25,0.4399999999999999,6.01,72,1,0.9998,High,Churned
U00210,1,34,4507.55,116,20,62,0.4516129032258065,7.57,1,0,0.0002,Low,High-Value Loyalists
U00211,17,10,535.44,74,36,28,0.6428571428571428,6.95,17,0,0.0002,Low,At-Risk Spenders
U00212,15,5,197.68,25,14,6,0.1666666666666666,6.94,15,0,0.0002,Low,At-Risk Spenders
U00213,14,4,292.06,37,22,11,0.6363636363636364,8.84,54,0,0.0006,Low,At-Risk Spenders
U00214,22,1,49.84,18,15,2,0.5,7.52,148,0,0.0008,Low,At-Risk Spenders
U00215,17,1,96.46,20,16,3,0.6666666666666667,9.14,50,0,0.0004,Low,Casual Browsers
U00216,25,1,43.05,17,13,3,0.6666666666666667,5.58,111,0,0.0008,Low,Casual Browsers
U00217,25,38,5903.24,118,12,68,0.4411764705882353,6.98,25,0,0.0002,Low,High-Value Loyalists
U00218,16,2,67.42,29,23,4,0.5,7.95,122,0,0.0008,Low,At-Risk Spenders
U00219,26,2,66.78,30,17,11,0.8181818181818181,9.2,154,0,0.0008,Low,Casual Browsers
U00220,29,0,0.0,8,8,0,1.0,4.45,59,0,0.0002,Low,Casual Browsers
U00221,22,7,344.41,36,18,11,0.3636363636363636,7.57,40,0,0.0005,Low,At-Risk Spenders
U00222,20,0,0.0,12,12,0,1.0,11.78,50,0,0.0002,Low,Casual Browsers
U00223,35,30,4312.93,97,15,52,0.4230769230769231,7.29,35,1,0.9994,High,Churned
U00224,27,57,7864.66,152,20,75,0.24,8.11,27,0,0.0002,Low,High-Value Loyalists
U00225,0,9,541.38,60,31,20,0.55,8.12,92,0,0.0015,Low,At-Risk Spenders
U00226,26,0,0.0,26,18,8,1.0,9.05,56,0,0.0003,Low,Casual Browsers
U00227,8,1,8.97,8,7,0,1.0,9.91,172,0,0.0007,Low,Casual Browsers
U00228,11,9,734.6,57,30,18,0.5,8.01,12,0,0.0002,Low,At-Risk Spenders
U00229,27,0,0.0,3,3,0,1.0,2.83,57,0,0.0002,Low,Casual Browsers
U00230,29,0,0.0,9,9,0,1.0,13.94,59,0,0.0003,Low,Casual Browsers
U00231,17,2,41.82,26,19,5,0.6,6.05,21,0,0.0002,Low,Casual Browsers
U00232,8,11,685.79,61,31,19,0.4210526315789473,10.11,24,0,0.0002,Low,At-Risk Spenders
U00233,17,1,11.67,15,12,2,0.5,7.39,177,0,0.0006,Low,At-Risk Spenders
U00234,24,0,0.0,13,12,1,1.0,9.78,54,0,0.0003,Low,Casual Browsers
U00235,2,11,602.79,59,28,20,0.4499999999999999,7.97,41,0,0.0005,Low,At-Risk Spenders
U00236,18,8,512.29,35,15,12,0.3333333333333333,9.51,66,0,0.0013,Low,At-Risk Spenders
U00237,14,11,615.34,71,36,24,0.5416666666666667,7.17,17,0,0.0002,Low,At-Risk Spenders
U00238,47,1,11.62,12,10,1,0.0,5.76,47,1,0.9989,High,Churned
U00239,22,18,1349.48,78,35,25,0.28,9.32,36,0,0.0006,Low,At-Risk Spenders
U00240,19,14,970.54,52,27,11,0.0,7.96,28,0,0.0002,Low,At-Risk Spenders
U00241,28,9,463.47,49,24,16,0.4375,8.38,30,0,0.0002,Low,At-Risk Spenders
U00242,24,0,0.0,9,8,1,1.0,6.76,54,0,0.0002,Low,Casual Browsers
U00243,21,13,854.56,61,31,17,0.2352941176470588,8.45,24,0,0.0002,Low,At-Risk Spenders
U00244,1,2,89.74,26,22,2,0.0,7.8,88,0,0.0008,Low,At-Risk Spenders
U00245,48,11,877.06,62,28,23,0.5217391304347826,8.23,60,1,0.9997,High,Churned
U00246,16,0,0.0,4,4,0,1.0,3.78,46,0,0.0002,Low,Casual Browsers
U00247,19,0,0.0,8,8,0,1.0,3.88,49,0,0.0002,Low,Casual Browsers
U00248,6,53,8037.23,181,38,90,0.4111111111111111,8.22,17,0,0.0002,Low,High-Value Loyalists
U00249,29,14,961.36,73,32,27,0.4814814814814815,7.78,34,0,0.0005,Low,At-Risk Spenders
U00250,20,5,494.13,32,11,16,0.6875,9.36,55,0,0.0007,Low,Casual Browsers
U00251,11,0,0.0,11,11,0,1.0,8.33,41,0,0.0002,Low,Casual Browsers
U00252,5,14,874.52,60,32,14,0.0,6.83,5,0,0.0002,Low,At-Risk Spenders
U00253,7,39,5627.49,128,19,70,0.4428571428571428,8.51,7,0,0.0002,Low,High-Value Loyalists
U00254,18,2,33.51,18,14,2,0.0,7.45,126,0,0.0008,Low,At-Risk Spenders
U00255,12,12,625.13,51,22,17,0.2941176470588235,8.78,36,0,0.0005,Low,At-Risk Spenders
U00256,17,2,68.5,21,18,1,0.0,10.29,17,0,0.0002,Low,At-Risk Spenders
U00257,6,8,455.54,50,26,16,0.5,5.78,6,0,0.0002,Low,At-Risk Spenders
U00258,3,12,684.11,56,29,15,0.1999999999999999,7.5,3,0,0.0002,Low,At-Risk Spenders
U00259,7,1,12.8,18,15,2,0.5,8.89,56,0,0.0005,Low,At-Risk Spenders
U00260,41,0,0.0,4,4,0,1.0,11.18,71,1,0.9998,High,Churned
U00261,19,0,0.0,8,8,0,1.0,11.38,49,0,0.0002,Low,Casual Browsers
U00262,21,46,6262.85,176,29,101,0.5445544554455446,7.51,21,0,0.0002,Low,High-Value Loyalists
U00263,97,10,527.73,37,17,10,0.0,11.26,108,1,0.9998,High,Churned
U00264,29,29,4619.77,90,18,43,0.3255813953488372,8.95,31,0,0.0004,Low,High-Value Loyalists
U00265,0,11,483.43,66,38,17,0.3529411764705882,6.7,2,0,0.0002,Low,At-Risk Spenders
U00266,12,12,746.96,50,28,10,0.0,9.2,12,0,0.0002,Low,At-Risk Spenders
U00267,3,0,0.0,23,21,2,1.0,6.13,33,0,0.0002,Low,Casual Browsers
U00268,21,4,147.79,26,18,4,0.0,9.63,39,0,0.0003,Low,At-Risk Spenders
U00269,19,3,50.07,19,15,1,0.0,11.18,19,0,0.0002,Low,At-Risk Spenders
U00270,7,0,0.0,20,17,3,1.0,7.06,37,0,0.0002,Low,Casual Browsers
U00271,24,60,8048.71,179,31,88,0.3181818181818182,8.47,31,0,0.0003,Low,High-Value Loyalists
U00272,11,0,0.0,3,3,0,1.0,2.2,41,0,0.0002,Low,Casual Browsers
U00273,27,1,16.44,18,15,2,0.5,11.11,140,0,0.0008,Low,At-Risk Spenders
U00274,18,15,949.54,71,35,21,0.2857142857142857,7.05,47,0,0.0007,Low,At-Risk Spenders
U00275,9,3,100.35,26,19,4,0.25,6.25,102,0,0.0008,Low,At-Risk Spenders
U00276,18,1,38.77,18,13,4,0.75,7.21,66,0,0.0005,Low,Casual Browsers
U00277,2,55,7779.73,185,34,96,0.4270833333333333,8.35,4,0,0.0002,Low,High-Value Loyalists
U00278,14,3,87.25,27,21,3,0.0,9.02,107,0,0.0009,Low,At-Risk Spenders
U00279,10,0,0.0,5,5,0,1.0,4.46,40,0,0.0002,Low,Casual Browsers
U00280,5,0,0.0,12,12,0,1.0,11.02,35,0,0.0002,Low,Casual Browsers
U00281,1,0,0.0,8,7,1,1.0,1.83,31,0,0.0002,Low,Casual Browsers
U00282,21,52,7154.62,185,29,104,0.5,7.91,22,0,0.0002,Low,High-Value Loyalists
U00283,19,0,0.0,13,13,0,1.0,7.7,49,0,0.0002,Low,Casual Browsers
U00284,107,0,0.0,6,4,2,1.0,3.65,137,1,0.9998,High,Churned
U00285,16,58,8295.95,194,26,110,0.4727272727272728,7.46,16,0,0.0002,Low,High-Value Loyalists
U00286,52,0,0.0,14,14,0,1.0,14.03,82,1,0.9998,High,Churned
U00287,5,12,619.99,56,28,16,0.25,9.36,22,0,0.0002,Low,At-Risk Spenders
U00288,2,1,88.76,10,7,2,0.5,10.24,102,0,0.0008,Low,At-Risk Spenders
U00289,13,20,1116.34,66,29,17,0.0,9.39,13,0,0.0002,Low,At-Risk Spenders
U00290,16,20,3158.57,86,18,48,0.5833333333333333,8.73,23,0,0.0002,Low,At-Risk Spenders
U00291,88,4,176.59,26,16,6,0.3333333333333333,7.32,98,1,0.9997,High,Churned
U00292,61,2,66.12,36,25,9,0.7777777777777778,7.07,129,1,0.9995,High,Churned
U00293,18,3,106.08,19,14,2,0.0,10.96,37,0,0.0003,Low,At-Risk Spenders
U00294,9,10,627.53,40,22,8,0.0,6.12,33,0,0.0004,Low,At-Risk Spenders
U00295,45,2,54.15,22,18,2,0.0,8.41,57,1,0.9993,High,Churned
U00296,9,1,35.78,13,9,3,0.6666666666666667,6.81,115,0,0.0008,Low,Casual Browsers
U00297,3,3,108.46,23,19,1,0.0,7.37,26,0,0.0002,Low,At-Risk Spenders
U00298,23,37,5678.04,153,31,85,0.5647058823529412,9.71,28,0,0.0002,Low,High-Value Loyalists
U00299,0,18,1561.1,75,34,23,0.217391304347826,8.53,1,0,0.0002,Low,At-Risk Spenders
U00300,46,0,0.0,26,22,4,1.0,6.2,76,1,0.9998,High,Churned
U00301,88,4,181.49,26,20,2,0.0,7.13,106,1,0.9997,High,Churned
U00302,28,48,6379.31,162,24,90,0.4666666666666667,8.09,28,0,0.0002,Low,High-Value Loyalists
U00303,10,2,80.09,16,10,4,0.5,6.98,41,0,0.0003,Low,At-Risk Spenders
U00304,14,0,0.0,16,13,3,1.0,10.9,44,0,0.0002,Low,Casual Browsers
U00305,29,0,0.0,7,7,0,1.0,10.91,59,0,0.0003,Low,Casual Browsers
U00306,18,0,0.0,4,4,0,1.0,11.08,48,0,0.0002,Low,Casual Browsers
U00307,18,1,22.08,15,10,4,0.75,9.21,48,0,0.0004,Low,Casual Browsers
U00308,4,0,0.0,12,12,0,1.0,8.62,34,0,0.0002,Low,Casual Browsers
U00309,27,12,762.33,75,39,24,0.5,7.81,31,0,0.0003,Low,At-Risk Spenders
U00310,29,1,39.28,14,12,1,0.0,7.19,29,0,0.0002,Low,At-Risk Spenders
U00311,27,0,0.0,7,7,0,1.0,8.69,57,0,0.0003,Low,Casual Browsers
U00312,58,1,26.96,21,14,6,0.8333333333333334,6.74,118,1,0.9995,High,Churned
U00313,114,0,0.0,13,13,0,1.0,5.75,144,1,0.9998,High,Churned
U00314,15,11,600.66,37,15,11,0.0,8.8,32,0,0.0004,Low,At-Risk Spenders
U00315,8,17,884.68,61,27,17,0.0,8.79,8,0,0.0002,Low,At-Risk Spenders
U00316,1,0,0.0,3,3,0,1.0,12.23,31,0,0.0002,Low,Casual Browsers
U00317,29,0,0.0,6,6,0,1.0,5.73,59,0,0.0003,Low,Casual Browsers
U00318,14,13,662.16,73,35,25,0.48,6.0,14,0,0.0002,Low,At-Risk Spenders
U00319,15,1,84.96,10,7,2,0.5,4.91,15,0,0.0002,Low,At-Risk Spenders
U00320,3,6,333.97,39,21,12,0.5,7.46,6,0,0.0002,Low,At-Risk Spenders
U00321,25,3,170.83,33,13,17,0.8235294117647058,9.21,25,0,0.0002,Low,Casual Browsers
U00322,15,19,1098.36,74,30,25,0.24,10.11,33,0,0.0005,Low,At-Risk Spenders
U00323,14,9,1115.47,63,36,18,0.5,7.71,19,0,0.0002,Low,At-Risk Spenders
U00324,8,0,0.0,4,4,0,1.0,8.98,38,0,0.0002,Low,Casual Browsers
U00325,20,6,336.03,40,21,13,0.5384615384615384,7.67,30,0,0.0002,Low,At-Risk Spenders
U00326,26,1,36.78,19,16,2,0.5,6.27,160,0,0.0008,Low,At-Risk Spenders
U00327,20,3,101.36,22,18,1,0.0,8.13,43,0,0.0003,Low,At-Risk Spenders
U00328,2,6,539.3,41,14,21,0.7142857142857143,6.73,99,0,0.0012,Low,Casual Browsers
U00329,19,15,852.04,69,27,27,0.4444444444444444,7.86,28,0,0.0002,Low,At-Risk Spenders
U00330,1,2,67.22,25,19,4,0.5,6.95,41,0,0.0003,Low,At-Risk Spenders
U00331,2,1,8.42,3,2,0,1.0,8.27,35,0,0.0002,Low,Casual Browsers
U00332,15,0,0.0,25,20,5,1.0,9.34,45,0,0.0002,Low,Casual Browsers
U00333,110,10,612.35,47,23,14,0.2857142857142857,7.9,111,1,0.9998,High,Churned
U00334,54,14,1063.88,75,28,33,0.5757575757575757,8.62,55,1,0.9996,High,Churned
U00335,79,0,0.0,10,10,0,1.0,6.94,109,1,0.9998,High,Churned
U00336,87,12,603.57,73,32,29,0.5862068965517242,7.52,94,1,0.9997,High,Churned
U00337,14,1,12.65,20,15,4,0.75,5.54,75,0,0.0005,Low,Casual Browsers
U00338,16,3,134.51,15,12,0,1.0,8.05,16,0,0.0002,Low,Casual Browsers
U00339,27,0,0.0,5,5,0,1.0,16.58,57,0,0.0003,Low,Casual Browsers
U00340,116,1,9.39,12,9,2,0.5,6.58,125,1,0.9995,High,Churned
U00341,20,3,62.12,26,20,3,0.0,6.9,20,0,0.0002,Low,At-Risk Spenders
U00342,22,1,62.82,22,19,2,0.5,7.63,113,0,0.0008,Low,At-Risk Spenders
U00343,28,2,32.22,15,12,1,0.0,8.97,28,0,0.0002,Low,At-Risk Spenders
U00344,21,0,0.0,11,10,1,1.0,7.01,51,0,0.0002,Low,Casual Browsers
U00345,12,18,1095.59,65,33,14,0.0,9.15,13,0,0.0002,Low,At-Risk Spenders
U00346,23,1,11.92,14,13,0,1.0,5.91,23,0,0.0002,Low,Casual Browsers
U00347,2,2,75.11,18,15,1,0.0,4.86,2,0,0.0002,Low,At-Risk Spenders
U00348,109,0,0.0,4,4,0,1.0,9.4,139,1,0.9998,High,Churned
U00349,29,3,138.89,28,21,4,0.25,6.92,29,0,0.0002,Low,At-Risk Spenders
U00350,18,2,41.39,13,11,0,1.0,9.99,63,0,0.0005,Low,Casual Browsers
U00351,9,6,254.57,38,16,16,0.625,6.6,56,0,0.0007,Low,At-Risk Spenders
U00352,11,1,18.36,25,21,3,0.6666666666666667,9.76,94,0,0.0007,Low,Casual Browsers
U00353,29,0,0.0,3,3,0,1.0,11.87,59,0,0.0003,Low,Casual Browsers
U00354,29,12,780.78,52,29,11,0.0,6.99,51,0,0.0008,Low,At-Risk Spenders
U00355,85,6,599.13,33,17,10,0.4,8.27,89,1,0.9998,High,Churned
U00356,27,2,59.83,18,15,1,0.0,7.33,51,0,0.0004,Low,At-Risk Spenders
U00357,31,6,241.48,42,19,17,0.6470588235294117,9.75,38,1,0.9989,High,Churned
U00358,22,2,126.22,31,18,11,0.8181818181818181,7.22,96,0,0.001,Low,Casual Browsers
U00359,29,0,0.0,27,22,5,1.0,8.63,59,0,0.0003,Low,Casual Browsers
U00360,7,40,5942.26,115,22,53,0.2452830188679244,9.12,9,0,0.0002,Low,High-Value Loyalists
U00361,4,0,0.0,11,11,0,1.0,4.51,34,0,0.0002,Low,Casual Browsers
U00362,26,1,77.97,25,17,7,0.8571428571428572,9.23,62,0,0.0007,Low,Casual Browsers
U00363,15,8,622.71,73,38,27,0.7037037037037037,7.23,15,0,0.0002,Low,At-Risk Spenders
U00364,12,8,428.59,67,40,19,0.5789473684210527,9.25,45,0,0.0005,Low,At-Risk Spenders
U00365,9,12,655.55,74,39,23,0.4782608695652174,6.61,19,0,0.0002,Low,At-Risk Spenders
U00366,11,0,0.0,3,3,0,1.0,18.27,41,0,0.0002,Low,Casual Browsers
U00367,21,12,1023.96,79,44,23,0.4782608695652174,6.92,21,0,0.0002,Low,At-Risk Spenders
U00368,12,1,18.42,22,18,3,0.6666666666666667,9.22,123,0,0.0008,Low,Casual Browsers
U00369,15,0,0.0,21,20,1,1.0,6.47,45,0,0.0002,Low,Casual Browsers
U00370,89,0,0.0,4,4,0,1.0,7.4,119,1,0.9998,High,Churned
U00371,97,0,0.0,11,10,1,1.0,3.13,127,1,0.9998,High,Churned
U00372,48,55,8718.93,196,36,105,0.4761904761904761,8.12,48,1,0.9996,High,Churned
U00373,104,0,0.0,13,13,0,1.0,8.75,134,1,0.9998,High,Churned
U00374,10,0,0.0,12,12,0,1.0,12.73,40,0,0.0002,Low,Casual Browsers
U00375,71,6,294.61,33,13,14,0.5714285714285714,7.2,72,1,0.9997,High,Churned
U00376,10,2,54.94,11,7,2,0.0,4.59,114,0,0.0007,Low,At-Risk Spenders
U00377,26,6,359.26,38,18,14,0.5714285714285714,9.46,26,0,0.0002,Low,At-Risk Spenders
U00378,43,1,30.07,11,7,3,0.6666666666666667,4.85,149,1,0.9995,High,Churned
U00379,25,45,6797.58,155,26,84,0.4642857142857143,7.32,28,0,0.0002,Low,High-Value Loyalists
U00380,12,2,63.92,21,15,4,0.5,9.09,131,0,0.0008,Low,At-Risk Spenders
U00381,91,0,0.0,14,13,1,1.0,8.96,121,1,0.9998,High,Churned
U00382,13,0,0.0,21,18,3,1.0,8.8,43,0,0.0002,Low,Casual Browsers
U00383,0,16,941.63,53,24,13,0.0,8.98,0,0,0.0002,Low,At-Risk Spenders
U00384,25,49,6763.28,157,35,73,0.3287671232876712,8.49,28,0,0.0002,Low,High-Value Loyalists
U00385,17,1,10.0,14,12,1,0.0,7.47,18,0,0.0002,Low,At-Risk Spenders
U00386,17,15,1231.06,78,40,23,0.3478260869565217,9.05,17,0,0.0002,Low,At-Risk Spenders
U00387,11,0,0.0,28,24,4,1.0,8.1,41,0,0.0002,Low,Casual Browsers
U00388,2,0,0.0,8,8,0,1.0,12.76,32,0,0.0002,Low,Casual Browsers
U00389,6,0,0.0,11,11,0,1.0,4.44,36,0,0.0002,Low,Casual Browsers
U00390,21,0,0.0,8,8,0,1.0,7.78,51,0,0.0002,Low,Casual Browsers
U00391,22,0,0.0,16,16,0,1.0,13.14,52,0,0.0003,Low,Casual Browsers
U00392,5,0,0.0,7,6,1,1.0,5.23,35,0,0.0002,Low,Casual Browsers
U00393,10,0,0.0,13,12,1,1.0,10.38,40,0,0.0002,Low,Casual Browsers
U00394,15,0,0.0,5,4,1,1.0,6.5,45,0,0.0002,Low,Casual Browsers
U00395,16,0,0.0,13,13,0,1.0,8.88,46,0,0.0002,Low,Casual Browsers
U00396,12,1,58.7,21,17,3,0.6666666666666667,8.73,31,0,0.0003,Low,Casual Browsers
U00397,19,1,6.67,14,13,0,1.0,5.91,103,0,0.0008,Low,Casual Browsers
U00398,12,50,6939.22,174,32,92,0.4565217391304348,7.13,12,0,0.0002,Low,High-Value Loyalists
U00399,5,27,4885.92,81,17,37,0.2702702702702703,6.59,5,0,0.0002,Low,High-Value Loyalists
U00400,25,1,53.34,26,21,4,0.75,7.58,69,0,0.0005,Low,Casual Browsers
U00401,52,2,54.93,23,18,3,0.3333333333333333,8.31,52,1,0.9992,High,Churned
U00402,14,12,778.25,49,21,16,0.25,7.24,31,0,0.0003,Low,At-Risk Spenders
U00403,5,0,0.0,9,9,0,1.0,4.41,35,0,0.0002,Low,Casual Browsers
U00404,3,30,4535.46,96,13,53,0.4339622641509434,7.72,3,0,0.0002,Low,High-Value Loyalists
U00405,16,3,151.94,29,21,5,0.4,7.4,79,0,0.0009,Low,At-Risk Spenders
U00406,3,0,0.0,11,11,0,1.0,5.68,33,0,0.0002,Low,Casual Browsers
U00407,13,29,4989.22,103,16,58,0.5,6.87,13,0,0.0002,Low,High-Value Loyalists
U00408,33,1,31.68,21,14,6,0.8333333333333334,5.21,54,1,0.9994,High,Churned
U00409,25,1,10.29,12,11,0,1.0,6.46,41,0,0.0002,Low,Casual Browsers
U00410,41,13,894.23,60,31,16,0.1875,8.44,41,1,0.9993,High,Churned
U00411,19,0,0.0,13,13,0,1.0,4.75,49,0,0.0002,Low,Casual Browsers
U00412,23,0,0.0,15,12,3,1.0,8.43,53,0,0.0002,Low,Casual Browsers
U00413,16,0,0.0,6,5,1,1.0,4.03,46,0,0.0002,Low,Casual Browsers
U00414,5,2,85.24,18,13,3,0.3333333333333333,7.38,5,0,0.0002,Low,At-Risk Spenders
U00415,14,14,875.24,60,25,21,0.3333333333333333,8.12,16,0,0.0002,Low,At-Risk Spenders
U00416,22,13,1140.78,78,39,26,0.5,7.28,31,0,0.0003,Low,At-Risk Spenders
U00417,15,1,18.61,23,17,5,0.8,4.68,103,0,0.0007,Low,Casual Browsers
U00418,12,11,830.01,45,17,17,0.3529411764705882,6.89,17,0,0.0002,Low,At-Risk Spenders
U00419,23,11,676.23,43,18,14,0.2142857142857143,8.57,23,0,0.0002,Low,At-Risk Spenders
U00420,3,0,0.0,6,5,1,1.0,6.22,33,0,0.0002,Low,Casual Browsers
U00421,2,1,13.99,5,4,0,1.0,6.08,147,0,0.0008,Low,Casual Browsers
U00422,19,11,719.74,76,37,28,0.6071428571428572,9.98,19,0,0.0002,Low,At-Risk Spenders
U00423,56,2,212.21,32,20,10,0.8,7.3,71,1,0.9995,High,Churned
U00424,21,0,0.0,17,14,3,1.0,6.77,51,0,0.0002,Low,Casual Browsers
U00425,114,0,0.0,5,5,0,1.0,13.76,144,1,0.9998,High,Churned
U00426,13,54,8374.02,160,17,89,0.3932584269662921,7.76,26,0,0.0002,Low,High-Value Loyalists
U00427,8,8,647.81,46,19,19,0.5789473684210527,7.68,14,0,0.0002,Low,At-Risk Spenders
U00428,23,47,7545.6,181,33,101,0.5346534653465347,7.72,26,0,0.0002,Low,High-Value Loyalists
U00429,9,8,500.83,60,34,18,0.5555555555555556,9.73,9,0,0.0002,Low,At-Risk Spenders
U00430,39,13,740.98,55,32,10,0.0,5.85,53,1,0.9996,High,Churned
U00431,49,12,1128.56,51,23,16,0.25,8.24,49,1,0.9995,High,Churned
U00432,6,0,0.0,4,4,0,1.0,9.18,36,0,0.0002,Low,Casual Browsers
U00433,3,1,12.84,20,15,4,0.75,10.02,167,0,0.0007,Low,Casual Browsers
U00434,49,42,5862.86,139,18,79,0.4683544303797469,8.65,53,1,0.9996,High,Churned
U00435,108,0,0.0,19,15,4,1.0,7.81,138,1,0.9998,High,Churned
U00436,27,14,1013.41,77,46,17,0.1764705882352941,8.32,32,0,0.0005,Low,At-Risk Spenders
U00437,38,17,989.76,74,34,23,0.2608695652173913,8.0,40,1,0.9993,High,Churned
U00438,6,2,116.85,25,20,3,0.3333333333333333,6.48,124,0,0.001,Low,At-Risk Spenders
U00439,14,0,0.0,11,10,1,1.0,10.14,44,0,0.0002,Low,Casual Browsers
U00440,33,1,41.17,12,11,0,1.0,8.5,71,1,0.9993,High,Churned
U00441,101,0,0.0,20,18,2,1.0,6.24,131,1,0.9998,High,Churned
U00442,21,1,24.04,24,14,9,0.8888888888888888,7.52,111,0,0.0008,Low,Casual Browsers
U00443,19,4,99.99,27,21,2,0.0,7.62,76,0,0.0009,Low,At-Risk Spenders
U00444,29,11,672.22,54,27,16,0.3125,8.11,44,0,0.0005,Low,At-Risk Spenders
U00445,6,10,641.39,72,39,23,0.5652173913043479,9.73,9,0,0.0002,Low,At-Risk Spenders
U00446,12,0,0.0,3,3,0,1.0,18.33,42,0,0.0002,Low,Casual Browsers
U00447,11,11,717.86,65,31,23,0.5217391304347826,8.35,13,0,0.0002,Low,At-Risk Spenders
U00448,19,5,386.75,31,14,12,0.5833333333333333,6.84,19,0,0.0002,Low,At-Risk Spenders
U00449,25,3,115.57,18,14,1,0.0,9.04,25,0,0.0002,Low,At-Risk Spenders
U00450,57,15,1199.98,64,33,16,0.0625,7.21,70,1,0.9997,High,Churned
U00451,1,1,15.64,22,17,4,0.75,9.91,5,0,0.0002,Low,Casual Browsers
U00452,6,0,0.0,19,18,1,1.0,7.06,36,0,0.0002,Low,Casual Browsers
U00453,11,0,0.0,19,13,6,1.0,6.91,41,0,0.0003,Low,Casual Browsers
U00454,12,7,248.26,39,18,14,0.5,7.11,32,0,0.0003,Low,At-Risk Spenders
U00455,105,1,21.72,11,9,1,0.0,8.75,164,1,0.9995,High,Churned
U00456,28,59,9289.17,182,28,95,0.3789473684210526,7.24,28,0,0.0002,Low,High-Value Loyalists
U00457,67,2,34.52,18,15,1,0.0,5.23,154,1,0.9995,High,Churned
U00458,9,3,104.02,29,21,5,0.4,5.4,42,0,0.0003,Low,At-Risk Spenders
U00459,33,31,4384.73,96,10,55,0.4363636363636364,8.29,42,1,0.9994,High,Churned
U00460,115,15,812.68,61,33,13,0.0,6.32,118,1,0.9997,High,Churned
U00461,82,0,0.0,14,14,0,1.0,8.49,112,1,0.9998,High,Churned
U00462,26,0,0.0,11,11,0,1.0,8.78,56,0,0.0003,Low,Casual Browsers
U00463,2,0,0.0,5,5,0,1.0,17.44,32,0,0.0002,Low,Casual Browsers
U00464,18,4,277.08,38,18,16,0.75,10.13,18,0,0.0002,Low,Casual Browsers
U00465,13,8,528.04,62,34,20,0.6,7.52,31,0,0.0003,Low,At-Risk Spenders
U00466,28,47,6842.33,150,12,91,0.4835164835164834,8.18,28,0,0.0002,Low,High-Value Loyalists
U00467,10,1,50.02,16,13,2,0.5,5.22,114,0,0.0007,Low,At-Risk Spenders
U00468,20,0,0.0,18,15,3,1.0,7.91,50,0,0.0002,Low,Casual Browsers
U00469,29,8,363.99,65,37,20,0.6,7.05,32,0,0.0003,Low,At-Risk Spenders
U00470,23,4,237.21,39,27,8,0.5,6.07,87,0,0.0012,Low,At-Risk Spenders
U00471,56,21,1387.88,76,40,15,0.0,10.48,56,1,0.9996,High,Churned
U00472,12,0,0.0,10,8,2,1.0,8.94,42,0,0.0002,Low,Casual Browsers
U00473,113,1,20.93,11,10,0,1.0,5.23,164,1,0.9995,High,Churned
U00474,21,2,93.2,28,23,3,0.3333333333333333,7.64,35,0,0.0004,Low,At-Risk Spenders
U00475,28,37,5091.6,135,23,75,0.5066666666666666,7.64,34,0,0.0006,Low,High-Value Loyalists
U00476,29,0,0.0,3,3,0,1.0,15.33,59,0,0.0003,Low,Casual Browsers
U00477,89,0,0.0,7,7,0,1.0,10.54,119,1,0.9998,High,Churned
U00478,14,0,0.0,10,10,0,1.0,12.2,44,0,0.0002,Low,Casual Browsers
U00479,7,2,93.52,25,17,6,0.6666666666666667,6.94,123,0,0.0009,Low,Casual Browsers
U00480,11,2,77.58,14,12,0,1.0,9.31,17,0,0.0002,Low,Casual Browsers
U00481,6,1,24.02,27,17,9,0.8888888888888888,9.29,176,0,0.0006,Low,Casual Browsers
U00482,25,0,0.0,12,9,3,1.0,9.23,55,0,0.0003,Low,Casual Browsers
U00483,1,0,0.0,13,12,1,1.0,8.32,31,0,0.0002,Low,Casual Browsers
U00484,13,0,0.0,11,9,2,1.0,8.25,43,0,0.0002,Low,Casual Browsers
U00485,26,51,6747.24,178,33,94,0.4574468085106383,7.53,26,0,0.0002,Low,High-Value Loyalists
U00486,0,1,103.63,27,20,6,0.8333333333333334,9.6,65,0,0.0007,Low,Casual Browsers
U00487,94,34,3856.37,99,13,52,0.3461538461538461,8.4,94,1,0.9998,High,Churned
U00488,0,0,0.0,12,11,1,1.0,2.84,30,0,0.0002,Low,Casual Browsers
U00489,4,2,33.94,20,15,3,0.3333333333333333,9.02,82,0,0.0007,Low,At-Risk Spenders
U00490,4,1,14.11,12,11,0,1.0,8.73,46,0,0.0003,Low,Casual Browsers
U00491,29,0,0.0,14,14,0,1.0,6.89,59,0,0.0003,Low,Casual Browsers
U00492,1,0,0.0,4,4,0,1.0,17.97,31,0,0.0002,Low,Casual Browsers
U00493,17,9,520.68,61,28,24,0.625,8.09,58,0,0.0007,Low,At-Risk Spenders
U00494,3,57,7695.42,172,33,82,0.3048780487804878,7.99,3,0,0.0002,Low,High-Value Loyalists
U00495,24,1,7.76,12,10,1,0.0,6.73,51,0,0.0003,Low,At-Risk Spenders
U00496,22,14,1100.97,58,29,15,0.0666666666666666,9.42,22,0,0.0002,Low,At-Risk Spenders
U00497,18,0,0.0,5,5,0,1.0,1.34,48,0,0.0002,Low,Casual Browsers
U00498,47,14,1074.01,55,30,11,0.0,6.98,51,1,0.9996,High,Churned
U00499,2,6,302.09,42,25,11,0.4545454545454546,11.15,8,0,0.0002,Low,At-Risk Spenders
U00500,10,5,419.51,48,26,17,0.7058823529411764,9.05,49,0,0.0004,Low,Casual Browsers
U00501,24,0,0.0,14,12,2,1.0,7.27,54,0,0.0003,Low,Casual Browsers
U00502,12,1,13.38,14,11,2,0.5,5.09,109,0,0.0007,Low,At-Risk Spenders
U00503,9,1,58.2,14,10,3,0.6666666666666667,11.16,105,0,0.0008,Low,Casual Browsers
U00504,25,8,594.49,56,29,19,0.5789473684210527,8.64,25,0,0.0002,Low,At-Risk Spenders
U00505,3,3,177.3,28,23,2,0.0,11.18,61,0,0.0005,Low,At-Risk Spenders
U00506,14,32,5219.31,129,24,73,0.5616438356164384,7.63,14,0,0.0002,Low,High-Value Loyalists
U00507,7,16,872.21,65,33,16,0.0,6.02,17,0,0.0002,Low,At-Risk Spenders
U00508,25,2,49.13,29,23,4,0.5,8.18,97,0,0.0008,Low,At-Risk Spenders
U00509,21,0,0.0,17,15,2,1.0,8.42,51,0,0.0002,Low,Casual Browsers
U00510,23,0,0.0,7,6,1,1.0,4.51,53,0,0.0002,Low,Casual Browsers
U00511,14,0,0.0,6,6,0,1.0,8.53,44,0,0.0002,Low,Casual Browsers
U00512,7,0,0.0,14,12,2,1.0,7.56,37,0,0.0002,Low,Casual Browsers
U00513,14,2,64.8,27,21,4,0.5,8.6,14,0,0.0002,Low,At-Risk Spenders
U00514,17,12,810.61,77,38,27,0.5555555555555556,7.79,24,0,0.0002,Low,At-Risk Spenders
U00515,97,1,73.72,20,17,2,0.5,6.36,171,1,0.9995,High,Churned
U00516,116,4,187.05,31,15,12,0.6666666666666667,6.3,118,1,0.9997,High,Churned
U00517,3,8,589.2,32,15,9,0.1111111111111111,7.72,21,0,0.0002,Low,At-Risk Spenders
U00518,0,1,13.34,9,8,0,1.0,5.19,0,0,0.0002,Low,Casual Browsers
U00519,18,7,460.42,46,21,18,0.6111111111111112,5.88,30,0,0.0002,Low,At-Risk Spenders
U00520,21,0,0.0,4,3,1,1.0,4.55,51,0,0.0002,Low,Casual Browsers
U00521,8,1,127.84,25,21,3,0.6666666666666667,8.02,44,0,0.0004,Low,Casual Browsers
U00522,8,1,19.64,23,17,5,0.8,7.63,81,0,0.0007,Low,Casual Browsers
U00523,15,0,0.0,8,8,0,1.0,4.53,45,0,0.0002,Low,Casual Browsers
U00524,12,8,565.11,64,33,23,0.6521739130434783,8.73,46,0,0.0004,Low,At-Risk Spenders
U00525,5,1,7.52,10,9,0,1.0,9.38,167,0,0.0008,Low,Casual Browsers
U00526,1,0,0.0,10,8,2,1.0,6.44,31,0,0.0002,Low,Casual Browsers
U00527,29,3,58.66,24,18,3,0.0,7.44,31,0,0.0003,Low,At-Risk Spenders
U00528,0,0,0.0,5,5,0,1.0,11.38,30,0,0.0002,Low,Casual Browsers
U00529,37,8,391.94,46,25,13,0.3846153846153846,8.17,37,1,0.9992,High,Churned
U00530,5,0,0.0,12,10,2,1.0,7.73,35,0,0.0002,Low,Casual Browsers
U00531,8,0,0.0,7,7,0,1.0,5.64,38,0,0.0002,Low,Casual Browsers
U00532,29,10,525.11,54,25,19,0.4736842105263158,9.32,67,0,0.0014,Low,At-Risk Spenders
U00533,23,1,20.29,24,20,3,0.6666666666666667,7.82,23,0,0.0002,Low,Casual Browsers
U00534,20,0,0.0,7,6,1,1.0,8.03,50,0,0.0002,Low,Casual Browsers
U00535,18,7,380.67,34,16,11,0.3636363636363636,7.41,48,0,0.0005,Low,At-Risk Spenders
U00536,28,3,41.34,25,21,1,0.0,5.23,67,0,0.0004,Low,At-Risk Spenders
U00537,0,0,0.0,3,3,0,1.0,8.93,30,0,0.0002,Low,Casual Browsers
U00538,27,11,790.51,47,19,17,0.3529411764705882,6.22,38,0,0.0005,Low,At-Risk Spenders
U00539,12,0,0.0,5,5,0,1.0,2.54,42,0,0.0002,Low,Casual Browsers
U00540,48,7,401.21,39,23,9,0.2222222222222222,9.07,64,1,0.9997,High,Churned
U00541,8,11,752.35,47,18,18,0.3888888888888888,6.35,13,0,0.0002,Low,At-Risk Spenders
U00542,18,1,25.71,15,14,0,1.0,11.81,42,0,0.0003,Low,Casual Browsers
U00543,29,13,786.69,41,14,14,0.0714285714285714,9.26,43,0,0.0005,Low,At-Risk Spenders
U00544,15,2,81.91,24,18,4,0.5,9.45,42,0,0.0003,Low,At-Risk Spenders
U00545,8,50,8233.73,178,31,97,0.4845360824742268,7.74,8,0,0.0002,Low,High-Value Loyalists
U00546,2,1,25.35,26,20,5,0.8,10.07,70,0,0.0005,Low,Casual Browsers
U00547,49,11,679.82,49,23,15,0.2666666666666667,9.39,51,1,0.9995,High,Churned
U00548,14,3,139.32,16,12,1,0.0,7.89,49,0,0.0004,Low,At-Risk Spenders
U00549,11,7,662.61,38,21,10,0.3,7.52,50,0,0.0006,Low,At-Risk Spenders
U00550,20,1,17.24,17,14,2,0.5,12.24,156,0,0.0008,Low,At-Risk Spenders
U00551,24,0,0.0,11,11,0,1.0,11.19,54,0,0.0003,Low,Casual Browsers
U00552,6,1,11.52,25,19,5,0.8,8.12,11,0,0.0002,Low,Casual Browsers
U00553,24,1,103.34,16,14,1,0.0,8.68,136,0,0.0009,Low,At-Risk Spenders
U00554,21,0,0.0,20,16,4,1.0,8.25,51,0,0.0002,Low,Casual Browsers
U00555,1,34,5172.26,113,23,56,0.3928571428571429,7.79,1,0,0.0002,Low,High-Value Loyalists
U00556,18,15,849.2,73,34,24,0.375,5.98,18,0,0.0002,Low,At-Risk Spenders
U00557,112,0,0.0,3,3,0,1.0,9.33,142,1,0.9998,High,Churned
U00558,79,15,997.19,61,25,21,0.2857142857142857,8.21,82,1,0.9998,High,Churned
U00559,18,52,6863.43,190,29,109,0.5229357798165137,7.8,18,0,0.0002,Low,High-Value Loyalists
U00560,29,0,0.0,26,24,2,1.0,6.33,59,0,0.0003,Low,Casual Browsers
U00561,10,2,50.67,25,17,6,0.6666666666666667,7.3,60,0,0.0006,Low,Casual Browsers
U00562,29,0,0.0,24,20,4,1.0,8.55,59,0,0.0003,Low,Casual Browsers
U00563,34,11,626.26,66,36,19,0.4210526315789473,7.71,34,1,0.9992,High,Churned
U00564,71,1,41.86,16,14,1,0.0,5.54,72,1,0.9992,High,Churned
U00565,16,0,0.0,22,16,6,1.0,9.53,46,0,0.0003,Low,Casual Browsers
U00566,27,0,0.0,27,22,5,1.0,6.06,57,0,0.0003,Low,Casual Browsers
U00567,14,0,0.0,11,10,1,1.0,9.24,44,0,0.0002,Low,Casual Browsers
U00568,14,0,0.0,6,6,0,1.0,10.08,44,0,0.0002,Low,Casual Browsers
U00569,5,0,0.0,14,12,2,1.0,9.21,35,0,0.0002,Low,Casual Browsers
U00570,15,2,28.88,7,5,0,1.0,5.94,41,0,0.0003,Low,Casual Browsers
U00571,12,55,8043.69,175,23,97,0.4329896907216495,7.53,17,0,0.0002,Low,High-Value Loyalists
U00572,19,1,32.69,26,23,2,0.5,5.7,110,0,0.0007,Low,At-Risk Spenders
U00573,24,1,35.82,12,11,0,1.0,8.63,110,0,0.0008,Low,Casual Browsers
U00574,9,15,1198.83,68,36,17,0.1176470588235294,10.54,16,0,0.0002,Low,At-Risk Spenders
U00575,25,6,415.48,36,15,15,0.6,6.78,25,0,0.0002,Low,At-Risk Spenders
U00576,19,7,705.0,49,28,14,0.5,12.0,30,0,0.0002,Low,At-Risk Spenders
U00577,64,11,707.76,57,29,17,0.3529411764705882,9.09,78,1,0.9998,High,Churned
U00578,7,1,39.75,21,16,4,0.75,8.56,22,0,0.0002,Low,Casual Browsers
U00579,5,3,74.43,16,11,2,0.0,9.22,51,0,0.0004,Low,At-Risk Spenders
U00580,27,1,18.4,22,17,4,0.75,7.7,128,0,0.0008,Low,Casual Browsers
U00581,3,1,25.23,12,11,0,1.0,8.18,74,0,0.0005,Low,Casual Browsers
U00582,22,9,655.76,42,24,9,0.0,6.61,22,0,0.0002,Low,At-Risk Spenders
U00583,22,2,71.57,27,24,1,0.0,5.51,58,0,0.0006,Low,At-Risk Spenders
U00584,3,17,1288.2,78,39,22,0.2272727272727273,7.78,26,0,0.0002,Low,At-Risk Spenders
U00585,22,1,25.28,19,14,4,0.75,8.92,69,0,0.0005,Low,Casual Browsers
U00586,7,15,939.11,77,40,22,0.3181818181818182,7.39,7,0,0.0002,Low,At-Risk Spenders
U00587,93,0,0.0,7,7,0,1.0,14.96,123,1,0.9998,High,Churned
U00588,64,2,129.36,12,8,2,0.0,7.44,80,1,0.9996,High,Churned
U00589,52,17,1041.95,65,30,18,0.0555555555555555,8.16,52,1,0.9996,High,Churned
U00590,24,0,0.0,6,6,0,1.0,4.07,54,0,0.0002,Low,Casual Browsers
U00591,69,2,71.74,21,17,2,0.0,9.29,90,1,0.9995,High,Churned
U00592,28,1,10.86,5,4,0,1.0,8.64,89,0,0.0007,Low,Casual Browsers
U00593,25,1,40.89,16,13,2,0.5,7.82,25,0,0.0002,Low,At-Risk Spenders
U00594,15,0,0.0,11,11,0,1.0,11.54,45,0,0.0002,Low,Casual Browsers
U00595,11,0,0.0,3,3,0,1.0,2.9,41,0,0.0002,Low,Casual Browsers
U00596,0,9,521.36,61,36,16,0.4375,7.63,3,0,0.0002,Low,At-Risk Spenders
U00597,6,0,0.0,11,11,0,1.0,8.58,36,0,0.0002,Low,Casual Browsers
U00598,8,0,0.0,9,8,1,1.0,3.42,38,0,0.0002,Low,Casual Browsers
U00599,0,0,0.0,9,8,1,1.0,6.56,30,0,0.0002,Low,Casual Browsers
U00600,80,0,0.0,11,9,2,1.0,9.72,110,1,0.9998,High,Churned
U00601,26,12,925.94,61,36,13,0.0769230769230768,7.13,27,0,0.0002,Low,At-Risk Spenders
U00602,28,0,0.0,4,4,0,1.0,5.12,58,0,0.0002,Low,Casual Browsers
U00603,26,1,35.72,20,17,2,0.5,10.84,178,0,0.0006,Low,At-Risk Spenders
U00604,39,1,20.85,26,21,4,0.75,8.21,173,1,0.9995,High,Churned
U00605,96,6,386.74,37,24,7,0.1428571428571429,6.18,100,1,0.9997,High,Churned
U00606,6,8,506.38,64,34,22,0.6363636363636364,8.75,18,0,0.0002,Low,At-Risk Spenders
U00607,25,1,12.05,13,10,2,0.5,7.99,38,0,0.0003,Low,At-Risk Spenders
U00608,22,1,82.08,11,9,1,0.0,9.37,148,0,0.0008,Low,At-Risk Spenders
U00609,2,0,0.0,9,9,0,1.0,8.56,32,0,0.0002,Low,Casual Browsers
U00610,29,58,9298.52,186,28,100,0.42,7.88,29,0,0.0002,Low,High-Value Loyalists
U00611,40,46,7182.76,156,25,85,0.4588235294117647,8.54,40,1,0.9994,High,Churned
U00612,23,44,6659.67,157,26,87,0.4942528735632183,7.18,23,0,0.0002,Low,High-Value Loyalists
U00613,17,8,450.26,53,31,14,0.4285714285714286,9.79,17,0,0.0002,Low,At-Risk Spenders
U00614,108,3,95.04,20,16,1,0.0,7.93,108,1,0.9996,High,Churned
U00615,4,0,0.0,12,11,1,1.0,11.57,34,0,0.0002,Low,Casual Browsers
U00616,9,0,0.0,19,16,3,1.0,6.41,39,0,0.0002,Low,Casual Browsers
U00617,34,3,68.22,16,11,2,0.0,6.73,37,1,0.9988,High,Churned
U00618,29,1,14.67,14,12,1,0.0,6.24,154,0,0.0007,Low,At-Risk Spenders
U00619,11,7,780.46,30,13,10,0.3,9.18,15,0,0.0002,Low,At-Risk Spenders
U00620,3,10,901.51,48,22,16,0.375,6.73,5,0,0.0002,Low,At-Risk Spenders
U00621,1,10,595.52,43,21,12,0.1666666666666666,9.42,2,0,0.0002,Low,At-Risk Spenders
U00622,21,12,768.53,67,34,21,0.4285714285714286,9.04,24,0,0.0002,Low,At-Risk Spenders
U00623,21,1,22.46,15,11,3,0.6666666666666667,7.38,147,0,0.0008,Low,Casual Browsers
U00624,17,0,0.0,17,17,0,1.0,7.49,47,0,0.0002,Low,Casual Browsers
U00625,6,0,0.0,12,11,1,1.0,7.41,36,0,0.0002,Low,Casual Browsers
U00626,24,9,623.81,36,15,12,0.25,6.49,46,0,0.0005,Low,At-Risk Spenders
U00627,4,13,884.74,50,20,17,0.2352941176470588,8.0,4,0,0.0002,Low,At-Risk Spenders
U00628,13,1,23.48,14,10,3,0.6666666666666667,7.66,176,0,0.0006,Low,Casual Browsers
U00629,116,9,648.88,47,22,16,0.4375,7.67,121,1,0.9997,High,Churned
U00630,6,0,0.0,8,7,1,1.0,5.35,36,0,0.0002,Low,Casual Browsers
U00631,6,15,937.06,66,33,18,0.1666666666666666,8.35,6,0,0.0002,Low,At-Risk Spenders
U00632,29,1,62.6,17,11,5,0.8,10.87,70,0,0.0005,Low,Casual Browsers
U00633,27,0,0.0,25,22,3,1.0,9.2,57,0,0.0003,Low,Casual Browsers
U00634,11,0,0.0,4,3,1,1.0,13.85,41,0,0.0002,Low,Casual Browsers
U00635,64,0,0.0,12,11,1,1.0,9.99,94,1,0.9998,High,Churned
U00636,12,7,454.49,44,26,11,0.3636363636363636,7.19,19,0,0.0002,Low,At-Risk Spenders
U00637,11,39,5185.57,139,17,83,0.5301204819277108,7.38,11,0,0.0002,Low,High-Value Loyalists
U00638,17,11,724.24,61,30,20,0.4499999999999999,8.05,19,0,0.0002,Low,At-Risk Spenders
U00639,8,0,0.0,3,2,1,1.0,6.47,38,0,0.0002,Low,Casual Browsers
U00640,1,1,34.37,20,16,3,0.6666666666666667,7.07,105,0,0.0008,Low,Casual Browsers
U00641,50,6,274.12,66,34,26,0.7692307692307692,8.71,53,1,0.9994,High,Churned
U00642,18,1,13.99,26,19,6,0.8333333333333334,6.13,114,0,0.0008,Low,Casual Browsers
U00643,7,10,728.72,76,36,30,0.6666666666666667,8.66,17,0,0.0002,Low,At-Risk Spenders
U00644,17,0,0.0,10,10,0,1.0,7.06,47,0,0.0002,Low,Casual Browsers
U00645,108,45,6778.7,144,18,81,0.4444444444444444,7.63,108,1,0.9997,High,Churned
U00646,2,1,31.42,17,14,2,0.5,8.45,171,0,0.0008,Low,At-Risk Spenders
U00647,22,8,508.11,41,17,16,0.5,5.74,37,0,0.0004,Low,At-Risk Spenders
U00648,19,0,0.0,11,11,0,1.0,13.08,49,0,0.0002,Low,Casual Browsers
U00649,20,2,61.93,23,18,3,0.3333333333333333,10.77,101,0,0.0008,Low,At-Risk Spenders
U00650,0,17,931.15,65,25,23,0.2608695652173913,9.44,1,0,0.0002,Low,At-Risk Spenders
U00651,74,12,971.61,76,31,33,0.6363636363636364,9.79,77,1,0.9998,High,Churned
U00652,10,0,0.0,6,6,0,1.0,9.07,40,0,0.0002,Low,Casual Browsers
U00653,21,7,529.11,52,32,13,0.4615384615384615,7.12,34,0,0.0004,Low,At-Risk Spenders
U00654,27,0,0.0,13,13,0,1.0,9.61,57,0,0.0003,Low,Casual Browsers
U00655,21,0,0.0,6,6,0,1.0,7.43,51,0,0.0002,Low,Casual Browsers
U00656,60,12,755.88,67,30,25,0.52,8.08,60,1,0.9997,High,Churned
U00657,27,2,102.09,29,24,3,0.3333333333333333,8.66,127,0,0.0009,Low,At-Risk Spenders
U00658,15,0,0.0,8,8,0,1.0,5.25,45,0,0.0002,Low,Casual Browsers
U00659,25,1,23.08,11,10,0,1.0,7.35,133,0,0.0008,Low,Casual Browsers
U00660,14,3,84.58,13,9,1,0.0,5.12,87,0,0.0007,Low,At-Risk Spenders
U00661,8,1,88.06,28,22,5,0.8,9.44,23,0,0.0002,Low,Casual Browsers
U00662,5,1,14.87,11,10,0,1.0,7.35,72,0,0.0005,Low,Casual Browsers
U00663,28,2,76.6,25,19,4,0.5,8.91,82,0,0.0007,Low,At-Risk Spenders
U00664,18,2,43.84,11,8,1,0.0,14.01,81,0,0.0007,Low,At-Risk Spenders
U00665,103,0,0.0,11,11,0,1.0,6.63,133,1,0.9998,High,Churned
U00666,2,0,0.0,11,11,0,1.0,10.12,32,0,0.0002,Low,Casual Browsers
U00667,9,0,0.0,5,5,0,1.0,18.08,39,0,0.0002,Low,Casual Browsers
U00668,7,2,79.85,10,8,0,1.0,11.35,7,0,0.0002,Low,Casual Browsers
U00669,18,0,0.0,14,14,0,1.0,4.68,48,0,0.0002,Low,Casual Browsers
U00670,12,0,0.0,8,7,1,1.0,6.64,42,0,0.0002,Low,Casual Browsers
U00671,20,54,7218.47,179,25,100,0.4599999999999999,7.66,23,0,0.0002,Low,High-Value Loyalists
U00672,4,32,4427.24,96,15,49,0.3469387755102041,8.38,4,0,0.0002,Low,High-Value Loyalists
U00673,114,0,0.0,7,6,1,1.0,5.53,144,1,0.9998,High,Churned
U00674,11,8,306.36,37,16,13,0.3846153846153846,9.75,11,0,0.0002,Low,At-Risk Spenders
U00675,2,2,119.73,17,14,1,0.0,8.36,9,0,0.0002,Low,At-Risk Spenders
U00676,22,0,0.0,8,8,0,1.0,4.49,52,0,0.0002,Low,Casual Browsers
U00677,118,10,608.79,48,24,14,0.2857142857142857,6.41,120,1,0.9998,High,Churned
U00678,11,29,4054.36,101,19,53,0.4528301886792453,9.07,13,0,0.0002,Low,High-Value Loyalists
U00679,0,16,1076.87,62,26,20,0.1999999999999999,7.98,20,0,0.0002,Low,At-Risk Spenders
U00680,11,0,0.0,13,13,0,1.0,7.27,41,0,0.0002,Low,Casual Browsers
U00681,20,0,0.0,5,5,0,1.0,7.66,50,0,0.0002,Low,Casual Browsers
U00682,10,55,8487.1,180,25,100,0.4499999999999999,8.01,10,0,0.0002,Low,High-Value Loyalists
U00683,25,11,732.4,75,37,27,0.5925925925925926,9.71,30,0,0.0002,Low,At-Risk Spenders
U00684,24,12,827.18,39,19,8,0.0,9.55,24,0,0.0002,Low,At-Risk Spenders
U00685,17,8,355.71,64,34,22,0.6363636363636364,8.07,34,0,0.0004,Low,At-Risk Spenders
U00686,17,1,28.84,20,16,3,0.6666666666666667,8.84,152,0,0.0008,Low,Casual Browsers
U00687,26,1,38.01,14,10,3,0.6666666666666667,5.17,26,0,0.0002,Low,Casual Browsers
U00688,16,0,0.0,3,3,0,1.0,18.47,46,0,0.0002,Low,Casual Browsers
U00689,17,0,0.0,18,17,1,1.0,6.56,47,0,0.0002,Low,Casual Browsers
U00690,22,1,6.56,9,8,0,1.0,4.43,81,0,0.0007,Low,Casual Browsers
U00691,19,4,205.02,20,13,3,0.0,5.32,77,0,0.0011,Low,At-Risk Spenders
U00692,20,7,672.23,58,28,23,0.6956521739130435,10.72,46,0,0.0004,Low,At-Risk Spenders
U00693,3,0,0.0,11,10,1,1.0,7.75,33,0,0.0002,Low,Casual Browsers
U00694,18,12,788.91,45,17,16,0.25,9.5,54,0,0.0008,Low,At-Risk Spenders
U00695,104,11,770.62,40,19,10,0.0,8.72,104,1,0.9998,High,Churned
U00696,0,4,102.87,25,18,3,0.0,7.83,4,0,0.0002,Low,At-Risk Spenders
U00697,15,3,60.78,26,19,4,0.25,10.79,61,0,0.0004,Low,At-Risk Spenders
U00698,6,0,0.0,9,9,0,1.0,6.91,36,0,0.0002,Low,Casual Browsers
U00699,1,0,0.0,11,11,0,1.0,10.09,31,0,0.0002,Low,Casual Browsers
U00700,26,0,0.0,13,12,1,1.0,7.57,56,0,0.0003,Low,Casual Browsers
U00701,21,52,6282.35,148,23,73,0.2876712328767123,8.07,21,0,0.0002,Low,High-Value Loyalists
U00702,94,3,81.43,15,12,0,1.0,11.07,126,1,0.9995,High,Churned
U00703,18,1,36.81,12,8,3,0.6666666666666667,6.64,146,0,0.0008,Low,Casual Browsers
U00704,90,0,0.0,4,4,0,1.0,7.52,120,1,0.9998,High,Churned
U00705,119,9,552.48,56,31,16,0.4375,9.13,128,1,0.9997,High,Churned
U00706,20,1,35.99,17,12,4,0.75,8.38,177,0,0.0006,Low,Casual Browsers
U00707,17,1,19.86,15,12,2,0.5,8.99,39,0,0.0003,Low,At-Risk Spenders
U00708,22,39,5311.18,109,20,50,0.2199999999999999,6.69,23,0,0.0002,Low,High-Value Loyalists
U00709,7,2,105.38,23,15,6,0.6666666666666667,7.18,32,0,0.0003,Low,Casual Browsers
U00710,9,7,411.44,31,13,11,0.3636363636363636,6.77,17,0,0.0002,Low,At-Risk Spenders
U00711,24,2,37.38,16,9,5,0.6,6.34,64,0,0.0004,Low,Casual Browsers
U00712,5,1,33.66,22,17,4,0.75,9.3,55,0,0.0005,Low,Casual Browsers
U00713,28,0,0.0,10,9,1,1.0,6.95,58,0,0.0003,Low,Casual Browsers
U00714,24,0,0.0,14,14,0,1.0,5.98,54,0,0.0002,Low,Casual Browsers
U00715,25,1,28.23,24,20,3,0.6666666666666667,6.25,77,0,0.0005,Low,Casual Browsers
U00716,8,0,0.0,9,7,2,1.0,10.31,38,0,0.0002,Low,Casual Browsers
U00717,29,0,0.0,20,17,3,1.0,7.54,59,0,0.0003,Low,Casual Browsers
U00718,22,3,158.93,18,12,3,0.0,6.06,84,0,0.0008,Low,At-Risk Spenders
U00719,106,0,0.0,22,19,3,1.0,7.46,136,1,0.9998,High,Churned
U00720,28,0,0.0,14,10,4,1.0,6.91,58,0,0.0003,Low,Casual Browsers
U00721,4,10,445.4,63,32,21,0.5238095238095238,7.12,39,0,0.0005,Low,At-Risk Spenders
U00722,10,1,49.7,21,18,2,0.5,9.01,77,0,0.0005,Low,At-Risk Spenders
U00723,32,1,40.05,14,7,6,0.8333333333333334,8.91,54,1,0.9993,High,Churned
U00724,27,5,325.25,59,33,21,0.7619047619047619,7.46,37,0,0.0004,Low,Casual Browsers
U00725,10,13,830.39,74,35,26,0.5,8.27,26,0,0.0002,Low,At-Risk Spenders
U00726,21,7,402.62,60,32,21,0.6666666666666667,6.78,22,0,0.0002,Low,At-Risk Spenders
U00727,46,0,0.0,14,14,0,1.0,11.74,76,1,0.9998,High,Churned
U00728,23,15,990.25,76,39,22,0.3181818181818182,5.97,32,0,0.0004,Low,At-Risk Spenders
U00729,7,0,0.0,29,23,6,1.0,6.98,37,0,0.0003,Low,Casual Browsers
U00730,8,1,65.78,21,17,3,0.6666666666666667,7.21,64,0,0.0005,Low,Casual Browsers
U00731,20,1,28.43,12,11,0,1.0,9.79,110,0,0.0007,Low,Casual Browsers
U00732,9,17,1164.85,68,32,19,0.1052631578947368,8.76,9,0,0.0002,Low,At-Risk Spenders
U00733,26,0,0.0,5,5,0,1.0,8.62,56,0,0.0003,Low,Casual Browsers
U00734,23,13,1000.07,39,17,9,0.0,8.5,52,0,0.0008,Low,At-Risk Spenders
U00735,26,7,295.86,30,14,9,0.2222222222222222,8.04,49,0,0.0005,Low,At-Risk Spenders
U00736,6,2,58.72,17,13,2,0.0,3.63,112,0,0.0007,Low,At-Risk Spenders
U00737,8,2,78.33,24,15,7,0.7142857142857143,7.8,13,0,0.0002,Low,Casual Browsers
U00738,16,0,0.0,9,9,0,1.0,8.2,46,0,0.0002,Low,Casual Browsers
U00739,25,1,10.43,11,9,1,0.0,6.5,37,0,0.0002,Low,At-Risk Spenders
U00740,19,0,0.0,13,12,1,1.0,5.85,49,0,0.0002,Low,Casual Browsers
U00741,18,1,51.71,29,23,5,0.8,6.7,165,0,0.0008,Low,Casual Browsers
U00742,28,4,159.05,28,19,5,0.1999999999999999,9.09,35,0,0.0003,Low,At-Risk Spenders
U00743,19,44,7510.49,144,20,80,0.4499999999999999,7.57,19,0,0.0002,Low,High-Value Loyalists
U00744,0,0,0.0,15,11,4,1.0,5.33,30,0,0.0002,Low,Casual Browsers
U00745,10,1,33.56,17,12,4,0.75,6.52,153,0,0.0008,Low,Casual Browsers
U00746,21,10,689.1,77,40,27,0.6296296296296297,6.18,22,0,0.0002,Low,At-Risk Spenders
U00747,10,2,76.89,12,8,2,0.0,5.05,37,0,0.0003,Low,At-Risk Spenders
U00748,20,46,5142.17,130,26,58,0.2068965517241379,7.91,20,0,0.0002,Low,High-Value Loyalists
U00749,6,1,16.73,13,12,0,1.0,12.67,10,0,0.0002,Low,Casual Browsers
U00750,8,1,12.36,4,3,0,1.0,10.2,148,0,0.0007,Low,Casual Browsers
U00751,98,0,0.0,9,8,1,1.0,10.33,128,1,0.9998,High,Churned
U00752,10,10,738.18,77,44,23,0.5652173913043479,9.15,73,0,0.0014,Low,At-Risk Spenders
U00753,27,50,6682.73,177,24,103,0.5145631067961165,8.94,28,0,0.0002,Low,High-Value Loyalists
U00754,25,0,0.0,12,10,2,1.0,7.45,55,0,0.0003,Low,Casual Browsers
U00755,37,1,27.74,28,23,4,0.75,8.83,143,1,0.9995,High,Churned
U00756,7,14,1118.29,72,26,32,0.5625,8.23,9,0,0.0002,Low,At-Risk Spenders
U00757,14,4,325.86,38,16,18,0.7777777777777778,8.95,14,0,0.0002,Low,Casual Browsers
U00758,3,6,436.61,34,15,13,0.5384615384615384,8.76,3,0,0.0002,Low,At-Risk Spenders
U00759,27,1,24.89,28,21,6,0.8333333333333334,10.11,112,0,0.0008,Low,Casual Browsers
U00760,26,9,656.1,56,28,19,0.5263157894736843,7.54,67,0,0.0014,Low,At-Risk Spenders
U00761,20,1,11.35,27,22,4,0.75,8.15,87,0,0.0007,Low,Casual Browsers
U00762,9,1,35.25,26,20,5,0.8,8.29,92,0,0.0008,Low,Casual Browsers
U00763,12,0,0.0,11,11,0,1.0,6.68,42,0,0.0002,Low,Casual Browsers
U00764,23,2,124.6,22,16,4,0.5,7.53,24,0,0.0002,Low,At-Risk Spenders
U00765,88,2,66.52,26,21,3,0.3333333333333333,6.89,157,1,0.9995,High,Churned
U00766,16,13,736.04,64,36,15,0.1333333333333333,9.81,24,0,0.0002,Low,At-Risk Spenders
U00767,19,0,0.0,7,7,0,1.0,5.17,49,0,0.0002,Low,Casual Browsers
U00768,25,29,3625.38,124,22,73,0.6027397260273972,7.86,27,0,0.0002,Low,High-Value Loyalists
U00769,24,2,169.67,22,18,2,0.0,5.78,74,0,0.0006,Low,At-Risk Spenders
U00770,11,18,868.32,76,43,15,0.0,7.6,12,0,0.0002,Low,At-Risk Spenders
U00771,57,12,833.37,73,36,25,0.52,8.75,71,1,0.9998,High,Churned
U00772,2,9,1029.4,30,14,7,0.0,6.22,2,0,0.0002,Low,At-Risk Spenders
U00773,106,1,61.61,14,13,0,1.0,7.79,143,1,0.9995,High,Churned
U00774,16,41,5401.47,155,22,92,0.5543478260869565,7.31,17,0,0.0002,Low,High-Value Loyalists
U00775,23,0,0.0,6,6,0,1.0,7.63,53,0,0.0002,Low,Casual Browsers
U00776,83,4,186.63,21,12,5,0.1999999999999999,9.8,83,1,0.9997,High,Churned
U00777,1,14,669.39,60,29,17,0.1764705882352941,6.41,27,0,0.0002,Low,At-Risk Spenders
U00778,14,1,12.03,13,10,2,0.5,7.1,63,0,0.0004,Low,At-Risk Spenders
U00779,26,0,0.0,5,4,1,1.0,5.86,56,0,0.0003,Low,Casual Browsers
U00780,11,2,72.91,20,18,0,1.0,11.55,91,0,0.0008,Low,Casual Browsers
U00781,16,6,369.92,61,41,14,0.5714285714285714,7.08,40,0,0.0004,Low,At-Risk Spenders
U00782,10,0,0.0,7,6,1,1.0,6.5,40,0,0.0002,Low,Casual Browsers
U00783,8,1,25.11,24,20,3,0.6666666666666667,9.0,96,0,0.0008,Low,Casual Browsers
U00784,6,0,0.0,8,8,0,1.0,9.4,36,0,0.0002,Low,Casual Browsers
U00785,9,0,0.0,8,8,0,1.0,7.74,39,0,0.0002,Low,Casual Browsers
U00786,9,0,0.0,9,9,0,1.0,9.02,39,0,0.0002,Low,Casual Browsers
U00787,27,1,74.17,14,10,3,0.6666666666666667,9.62,145,0,0.0008,Low,Casual Browsers
U00788,2,44,7089.3,154,22,88,0.5,7.58,13,0,0.0002,Low,High-Value Loyalists
U00789,4,0,0.0,7,7,0,1.0,6.43,34,0,0.0002,Low,Casual Browsers
U00790,3,0,0.0,8,8,0,1.0,6.48,33,0,0.0002,Low,Casual Browsers
U00791,11,0,0.0,14,14,0,1.0,6.91,41,0,0.0002,Low,Casual Browsers
U00792,14,0,0.0,16,14,2,1.0,8.06,44,0,0.0002,Low,Casual Browsers
U00793,17,2,34.29,28,23,3,0.3333333333333333,7.53,80,0,0.0007,Low,At-Risk Spenders
U00794,5,0,0.0,9,9,0,1.0,7.96,35,0,0.0002,Low,Casual Browsers
U00795,74,0,0.0,9,9,0,1.0,11.48,104,1,0.9998,High,Churned
U00796,3,0,0.0,11,11,0,1.0,6.41,33,0,0.0002,Low,Casual Browsers
U00797,5,10,686.59,57,27,20,0.5,7.52,13,0,0.0002,Low,At-Risk Spenders
U00798,7,15,1028.03,62,26,21,0.2857142857142857,7.57,13,0,0.0002,Low,At-Risk Spenders
U00799,28,42,4830.69,137,14,81,0.4814814814814815,7.8,30,0,0.0002,Low,High-Value Loyalists
U00800,12,43,5788.85,128,16,69,0.3768115942028985,8.53,12,0,0.0002,Low,High-Value Loyalists
U00801,24,9,610.79,65,31,25,0.64,8.67,24,0,0.0002,Low,At-Risk Spenders
U00802,7,0,0.0,3,3,0,1.0,4.7,37,0,0.0002,Low,Casual Browsers
U00803,0,2,39.56,24,18,4,0.5,6.17,43,0,0.0003,Low,At-Risk Spenders
U00804,24,1,27.62,25,18,6,0.8333333333333334,9.24,149,0,0.0008,Low,Casual Browsers
U00805,19,10,570.43,78,39,29,0.6551724137931034,8.07,19,0,0.0002,Low,At-Risk Spenders
U00806,17,0,0.0,10,9,1,1.0,8.8,47,0,0.0002,Low,Casual Browsers
U00807,13,1,13.92,11,9,1,0.0,8.82,130,0,0.0008,Low,At-Risk Spenders
U00808,6,0,0.0,3,3,0,1.0,2.13,36,0,0.0002,Low,Casual Browsers
U00809,20,1,45.1,11,8,2,0.5,6.51,95,0,0.0008,Low,At-Risk Spenders
U00810,39,7,386.5,31,11,13,0.4615384615384615,7.35,39,1,0.9992,High,Churned
U00811,28,6,308.13,43,26,11,0.4545454545454546,9.0,31,0,0.0003,Low,At-Risk Spenders
U00812,25,6,381.55,53,23,24,0.75,7.44,29,0,0.0002,Low,Casual Browsers
U00813,71,1,27.26,22,14,7,0.8571428571428572,6.25,116,1,0.9995,High,Churned
U00814,27,0,0.0,3,3,0,1.0,2.9,57,0,0.0002,Low,Casual Browsers
U00815,14,2,72.0,13,9,2,0.0,8.69,17,0,0.0002,Low,At-Risk Spenders
U00816,29,11,920.69,70,33,26,0.5769230769230769,8.39,40,0,0.0005,Low,At-Risk Spenders
U00817,22,4,107.91,22,17,1,0.0,5.75,26,0,0.0002,Low,At-Risk Spenders
U00818,3,17,1053.42,57,28,12,0.0,7.83,27,0,0.0002,Low,At-Risk Spenders
U00819,71,56,7579.12,193,30,107,0.4766355140186916,8.53,75,1,0.9998,High,Churned
U00820,29,0,0.0,10,10,0,1.0,7.28,59,0,0.0003,Low,Casual Browsers
U00821,16,14,862.29,75,33,28,0.5,7.93,27,0,0.0002,Low,At-Risk Spenders
U00822,40,2,245.46,30,18,10,0.8,8.83,46,1,0.9991,High,Churned
U00823,6,0,0.0,21,17,4,1.0,4.91,36,0,0.0002,Low,Casual Browsers
U00824,20,5,417.67,36,19,12,0.5833333333333333,7.99,22,0,0.0002,Low,At-Risk Spenders
U00825,20,0,0.0,11,11,0,1.0,7.11,50,0,0.0002,Low,Casual Browsers
U00826,3,0,0.0,5,4,1,1.0,11.56,33,0,0.0002,Low,Casual Browsers
U00827,14,0,0.0,24,23,1,1.0,6.51,44,0,0.0002,Low,Casual Browsers
U00828,4,1,39.82,11,7,3,0.6666666666666667,10.68,107,0,0.0008,Low,Casual Browsers
U00829,17,26,3386.04,82,15,41,0.3658536585365853,7.86,17,0,0.0002,Low,At-Risk Spenders
U00830,24,2,60.8,12,8,2,0.0,6.21,62,0,0.0004,Low,At-Risk Spenders
U00831,16,34,4889.65,110,19,57,0.4035087719298246,8.5,16,0,0.0002,Low,High-Value Loyalists
U00832,20,2,129.92,14,11,1,0.0,9.62,98,0,0.001,Low,At-Risk Spenders
U00833,79,2,66.5,26,20,4,0.5,6.1,102,1,0.9995,High,Churned
U00834,10,64,8878.63,193,26,103,0.3786407766990292,7.12,15,0,0.0002,Low,High-Value Loyalists
U00835,8,2,110.5,28,18,8,0.75,7.72,40,0,0.0004,Low,Casual Browsers
U00836,13,0,0.0,5,5,0,1.0,7.98,43,0,0.0002,Low,Casual Browsers
U00837,27,1,57.55,21,18,2,0.5,7.24,146,0,0.0008,Low,At-Risk Spenders
U00838,6,52,8856.73,147,19,76,0.3157894736842105,8.78,6,0,0.0002,Low,High-Value Loyalists
U00839,10,9,553.51,68,38,21,0.5714285714285714,5.96,10,0,0.0002,Low,At-Risk Spenders
U00840,5,3,158.83,29,23,3,0.0,7.0,62,0,0.0005,Low,At-Risk Spenders
U00841,89,0,0.0,8,8,0,1.0,5.99,119,1,0.9998,High,Churned
U00842,16,9,709.77,66,28,29,0.6896551724137931,8.23,46,0,0.0005,Low,At-Risk Spenders
U00843,16,1,14.19,14,13,0,1.0,8.24,135,0,0.0008,Low,Casual Browsers
U00844,8,12,1134.23,76,42,22,0.4545454545454546,6.34,8,0,0.0002,Low,At-Risk Spenders
U00845,54,2,29.47,19,15,2,0.0,7.56,82,1,0.9995,High,Churned
U00846,15,9,420.47,78,36,33,0.7272727272727273,7.58,15,0,0.0002,Low,At-Risk Spenders
U00847,77,0,0.0,12,12,0,1.0,11.43,107,1,0.9998,High,Churned
U00848,15,0,0.0,24,22,2,1.0,7.68,45,0,0.0002,Low,Casual Browsers
U00849,15,12,619.69,63,33,18,0.3333333333333333,7.56,86,0,0.0015,Low,At-Risk Spenders
U00850,10,0,0.0,5,4,1,1.0,4.94,40,0,0.0002,Low,Casual Browsers
U00851,61,0,0.0,6,6,0,1.0,4.65,91,1,0.9998,High,Churned
U00852,29,0,0.0,12,11,1,1.0,9.12,59,0,0.0003,Low,Casual Browsers
U00853,5,3,78.98,23,17,3,0.0,7.36,85,0,0.0007,Low,At-Risk Spenders
U00854,25,11,563.96,60,33,16,0.3125,8.53,40,0,0.0005,Low,At-Risk Spenders
U00855,2,0,0.0,11,9,2,1.0,7.41,32,0,0.0002,Low,Casual Browsers
U00856,27,1,8.52,11,7,3,0.6666666666666667,7.43,57,0,0.0003,Low,Casual Browsers
U00857,72,1,40.07,26,22,3,0.6666666666666667,7.06,92,1,0.9995,High,Churned
U00858,2,0,0.0,8,8,0,1.0,9.51,32,0,0.0002,Low,Casual Browsers
U00859,21,16,960.4,72,30,26,0.3846153846153846,8.68,21,0,0.0002,Low,At-Risk Spenders
U00860,50,58,8745.74,199,28,113,0.4867256637168141,7.79,55,1,0.9997,High,Churned
U00861,5,21,1616.09,68,30,17,0.0,6.69,5,0,0.0002,Low,At-Risk Spenders
U00862,10,0,0.0,12,10,2,1.0,7.88,40,0,0.0002,Low,Casual Browsers
U00863,16,3,65.22,28,23,2,0.0,10.17,52,0,0.0005,Low,At-Risk Spenders
U00864,2,2,94.49,23,20,1,0.0,6.53,109,0,0.0008,Low,At-Risk Spenders
U00865,12,0,0.0,28,21,7,1.0,7.47,42,0,0.0003,Low,Casual Browsers
U00866,19,13,913.6,57,28,16,0.1875,7.61,19,0,0.0002,Low,At-Risk Spenders
U00867,24,11,730.48,72,32,29,0.6206896551724138,7.07,32,0,0.0003,Low,At-Risk Spenders
U00868,10,11,651.32,43,19,13,0.1538461538461538,10.51,10,0,0.0002,Low,At-Risk Spenders
U00869,23,0,0.0,3,3,0,1.0,1.27,53,0,0.0002,Low,Casual Browsers
U00870,25,0,0.0,6,6,0,1.0,7.63,55,0,0.0003,Low,Casual Browsers
U00871,2,0,0.0,3,3,0,1.0,6.13,32,0,0.0002,Low,Casual Browsers
U00872,12,0,0.0,5,5,0,1.0,7.1,42,0,0.0002,Low,Casual Browsers
U00873,18,1,40.35,12,10,1,0.0,6.56,106,0,0.0008,Low,At-Risk Spenders
U00874,5,1,20.82,23,20,2,0.5,13.19,5,0,0.0002,Low,At-Risk Spenders
U00875,117,0,0.0,6,5,1,1.0,5.67,147,1,0.9998,High,Churned
U00876,11,0,0.0,4,4,0,1.0,5.68,41,0,0.0002,Low,Casual Browsers
U00877,6,0,0.0,7,7,0,1.0,13.7,36,0,0.0002,Low,Casual Browsers
U00878,16,13,826.04,61,23,25,0.48,8.27,16,0,0.0002,Low,At-Risk Spenders
U00879,50,3,109.86,27,20,4,0.25,8.42,116,1,0.9996,High,Churned
U00880,8,9,521.58,42,20,13,0.3076923076923077,7.25,18,0,0.0002,Low,At-Risk Spenders
U00881,15,0,0.0,4,3,1,1.0,10.42,45,0,0.0002,Low,Casual Browsers
U00882,1,3,87.76,15,10,2,0.0,7.37,5,0,0.0002,Low,At-Risk Spenders
U00883,104,9,706.26,53,24,20,0.55,8.86,115,1,0.9998,High,Churned
U00884,84,18,1016.67,74,29,27,0.3333333333333333,7.54,84,1,0.9997,High,Churned
U00885,9,7,432.72,45,22,16,0.5625,7.65,25,0,0.0002,Low,At-Risk Spenders
U00886,2,70,8911.66,198,31,97,0.2783505154639175,8.49,2,0,0.0002,Low,High-Value Loyalists
U00887,0,0,0.0,22,19,3,1.0,6.65,30,0,0.0002,Low,Casual Browsers
U00888,12,0,0.0,15,12,3,1.0,11.37,42,0,0.0002,Low,Casual Browsers
U00889,88,5,180.88,20,15,0,1.0,8.97,105,1,0.9997,High,Churned
U00890,14,0,0.0,14,13,1,1.0,9.17,44,0,0.0002,Low,Casual Browsers
U00891,15,3,68.37,24,18,3,0.0,9.87,78,0,0.0005,Low,At-Risk Spenders
U00892,21,0,0.0,7,7,0,1.0,7.7,51,0,0.0002,Low,Casual Browsers
U00893,5,32,5047.94,116,18,66,0.5151515151515151,8.6,17,0,0.0002,Low,High-Value Loyalists
U00894,6,0,0.0,12,12,0,1.0,6.39,36,0,0.0002,Low,Casual Browsers
U00895,13,6,355.11,34,20,8,0.25,4.95,39,0,0.0004,Low,At-Risk Spenders
U00896,12,0,0.0,9,8,1,1.0,8.94,42,0,0.0002,Low,Casual Browsers
U00897,25,6,286.65,78,44,28,0.7857142857142857,9.48,30,0,0.0002,Low,At-Risk Spenders
U00898,7,15,997.28,71,36,20,0.25,9.62,7,0,0.0002,Low,At-Risk Spenders
U00899,70,0,0.0,10,10,0,1.0,9.84,100,1,0.9998,High,Churned
U00900,70,0,0.0,3,3,0,1.0,5.5,100,1,0.9998,High,Churned
U00901,13,15,623.35,66,39,12,0.0,7.57,13,0,0.0002,Low,At-Risk Spenders
U00902,70,34,5296.0,112,17,61,0.4426229508196722,8.49,70,1,0.9997,High,Churned
U00903,15,2,164.64,26,20,4,0.5,7.13,78,0,0.0007,Low,At-Risk Spenders
U00904,25,7,424.34,33,14,12,0.4166666666666666,8.82,63,0,0.0011,Low,At-Risk Spenders
U00905,20,3,78.81,16,12,1,0.0,6.84,70,0,0.0004,Low,At-Risk Spenders
U00906,19,0,0.0,10,10,0,1.0,7.75,49,0,0.0002,Low,Casual Browsers
U00907,20,0,0.0,14,14,0,1.0,9.05,50,0,0.0002,Low,Casual Browsers
U00908,20,2,86.06,19,15,2,0.0,8.4,59,0,0.0005,Low,At-Risk Spenders
U00909,24,7,563.7,64,33,24,0.7083333333333333,8.53,55,0,0.0007,Low,At-Risk Spenders
U00910,28,1,40.76,13,12,0,1.0,5.38,46,0,0.0003,Low,Casual Browsers
U00911,5,0,0.0,13,11,2,1.0,7.52,35,0,0.0002,Low,Casual Browsers
U00912,17,34,6477.37,100,14,52,0.3461538461538461,8.32,22,0,0.0002,Low,High-Value Loyalists
U00913,2,9,439.15,58,30,19,0.5263157894736843,8.49,14,0,0.0002,Low,At-Risk Spenders
U00914,23,2,62.53,22,19,1,0.0,7.27,83,0,0.0007,Low,At-Risk Spenders
U00915,10,2,35.6,29,24,3,0.3333333333333333,6.19,71,0,0.0005,Low,At-Risk Spenders
U00916,15,0,0.0,11,11,0,1.0,8.55,45,0,0.0002,Low,Casual Browsers
U00917,18,2,77.32,34,18,14,0.8571428571428572,7.79,108,0,0.0008,Low,Casual Browsers
U00918,9,0,0.0,23,20,3,1.0,7.37,39,0,0.0002,Low,Casual Browsers
U00919,26,49,7400.76,143,24,70,0.3,8.19,26,0,0.0002,Low,High-Value Loyalists
U00920,85,0,0.0,14,13,1,1.0,9.2,115,1,0.9998,High,Churned
U00921,21,11,690.55,63,29,23,0.5217391304347826,9.19,27,0,0.0002,Low,At-Risk Spenders
U00922,9,53,6314.23,152,15,84,0.369047619047619,7.61,11,0,0.0002,Low,High-Value Loyalists
U00923,28,7,428.56,41,21,13,0.4615384615384615,7.96,30,0,0.0002,Low,At-Risk Spenders
U00924,4,0,0.0,10,9,1,1.0,8.42,34,0,0.0002,Low,Casual Browsers
U00925,27,0,0.0,21,18,3,1.0,9.03,57,0,0.0003,Low,Casual Browsers
U00926,60,12,949.93,46,22,12,0.0,5.52,60,1,0.9997,High,Churned
U00927,10,29,4353.77,91,16,46,0.3695652173913043,8.64,10,0,0.0002,Low,High-Value Loyalists
U00928,18,0,0.0,12,12,0,1.0,8.35,48,0,0.0002,Low,Casual Browsers
U00929,1,43,6198.58,120,15,62,0.3064516129032257,7.46,1,0,0.0002,Low,High-Value Loyalists
U00930,9,49,7747.44,161,30,82,0.4024390243902439,7.3,21,0,0.0002,Low,High-Value Loyalists
U00931,40,6,320.33,29,19,4,0.0,6.23,43,1,0.9988,High,Churned
U00932,11,9,487.22,62,41,12,0.25,6.55,27,0,0.0002,Low,At-Risk Spenders
U00933,25,11,697.12,61,27,23,0.5217391304347826,7.95,36,0,0.0005,Low,At-Risk Spenders
U00934,21,0,0.0,10,8,2,1.0,6.3,51,0,0.0002,Low,Casual Browsers
U00935,13,3,80.37,14,10,1,0.0,10.31,33,0,0.0003,Low,At-Risk Spenders
U00936,28,8,551.09,50,28,14,0.4285714285714286,6.91,38,0,0.0004,Low,At-Risk Spenders
U00937,81,1,44.74,28,21,6,0.8333333333333334,9.26,130,1,0.9995,High,Churned
U00938,9,55,8891.88,177,24,98,0.4387755102040817,8.44,10,0,0.0002,Low,High-Value Loyalists
U00939,36,3,566.64,30,14,13,0.7692307692307692,9.42,62,1,0.9995,High,Churned
U00940,25,0,0.0,8,8,0,1.0,4.51,55,0,0.0002,Low,Casual Browsers
U00941,10,0,0.0,9,8,1,1.0,6.93,40,0,0.0002,Low,Casual Browsers
U00942,3,2,44.71,20,15,3,0.3333333333333333,10.61,3,0,0.0002,Low,At-Risk Spenders
U00943,12,10,553.86,54,29,15,0.3333333333333333,6.75,12,0,0.0002,Low,At-Risk Spenders
U00944,9,0,0.0,5,5,0,1.0,7.14,39,0,0.0002,Low,Casual Browsers
U00945,22,1,21.07,26,22,3,0.6666666666666667,7.68,89,0,0.0007,Low,Casual Browsers
U00946,89,0,0.0,11,10,1,1.0,5.88,119,1,0.9998,High,Churned
U00947,53,6,489.54,36,23,7,0.1428571428571429,7.4,53,1,0.9995,High,Churned
U00948,20,1,132.13,19,16,2,0.5,12.1,45,0,0.0003,Low,At-Risk Spenders
U00949,10,4,216.78,36,15,17,0.7647058823529411,9.91,23,0,0.0002,Low,Casual Browsers
U00950,4,1,30.18,12,10,1,0.0,8.38,122,0,0.0008,Low,At-Risk Spenders
U00951,27,12,879.23,74,33,29,0.5862068965517242,5.82,64,0,0.0013,Low,At-Risk Spenders
U00952,29,31,4817.66,129,16,82,0.6219512195121951,6.86,31,0,0.0003,Low,High-Value Loyalists
U00953,27,0,0.0,12,12,0,1.0,8.61,57,0,0.0003,Low,Casual Browsers
U00954,23,2,44.86,16,11,3,0.3333333333333333,7.56,86,0,0.0007,Low,At-Risk Spenders
U00955,9,0,0.0,26,22,4,1.0,9.43,39,0,0.0002,Low,Casual Browsers
U00956,22,10,624.86,56,37,9,0.0,8.46,47,0,0.0005,Low,At-Risk Spenders
U00957,19,2,40.93,25,21,2,0.0,11.5,155,0,0.0007,Low,At-Risk Spenders
U00958,58,2,128.29,10,7,1,0.0,4.88,94,1,0.9996,High,Churned
U00959,16,27,4360.48,84,19,38,0.2894736842105263,8.19,16,0,0.0002,Low,High-Value Loyalists
U00960,17,1,37.04,22,20,1,0.0,8.83,178,0,0.0006,Low,At-Risk Spenders
U00961,74,0,0.0,11,11,0,1.0,17.41,104,1,0.9998,High,Churned
U00962,5,14,1078.02,61,29,18,0.2222222222222222,6.92,11,0,0.0002,Low,At-Risk Spenders
U00963,6,0,0.0,3,3,0,1.0,6.23,36,0,0.0002,Low,Casual Browsers
U00964,3,2,87.49,27,21,4,0.5,8.63,37,0,0.0003,Low,At-Risk Spenders
U00965,6,0,0.0,5,5,0,1.0,4.28,36,0,0.0002,Low,Casual Browsers
U00966,12,4,106.98,25,16,5,0.1999999999999999,6.41,24,0,0.0002,Low,At-Risk Spenders
U00967,10,0,0.0,14,13,1,1.0,9.07,40,0,0.0002,Low,Casual Browsers
U00968,13,0,0.0,28,21,7,1.0,10.36,43,0,0.0003,Low,Casual Browsers
U00969,15,5,298.21,34,15,14,0.6428571428571428,6.64,15,0,0.0002,Low,At-Risk Spenders
U00970,18,8,429.79,42,20,14,0.4285714285714286,6.89,18,0,0.0002,Low,At-Risk Spenders
U00971,26,0,0.0,16,14,2,1.0,3.28,56,0,0.0002,Low,Casual Browsers
U00972,24,28,3939.09,118,21,69,0.5942028985507246,8.84,24,0,0.0002,Low,High-Value Loyalists
U00973,14,12,792.22,79,42,25,0.52,7.47,29,0,0.0002,Low,At-Risk Spenders
U00974,14,0,0.0,24,19,5,1.0,8.18,44,0,0.0002,Low,Casual Browsers
U00975,113,9,721.0,47,24,14,0.3571428571428571,6.78,126,1,0.9998,High,Churned
U00976,15,41,6180.48,157,28,88,0.5340909090909092,8.87,17,0,0.0002,Low,High-Value Loyalists
U00977,29,7,459.27,38,18,13,0.4615384615384615,9.47,32,0,0.0003,Low,At-Risk Spenders
U00978,39,10,675.37,72,33,29,0.6551724137931034,8.83,46,1,0.9992,High,Churned
U00979,11,0,0.0,7,5,2,1.0,7.66,41,0,0.0002,Low,Casual Browsers
U00980,21,14,1037.84,61,31,16,0.125,8.8,38,0,0.0006,Low,At-Risk Spenders
U00981,26,0,0.0,6,6,0,1.0,9.37,56,0,0.0003,Low,Casual Browsers
U00982,10,1,58.54,14,10,3,0.6666666666666667,7.42,94,0,0.0008,Low,Casual Browsers
U00983,54,0,0.0,14,14,0,1.0,6.77,84,1,0.9998,High,Churned
U00984,38,2,44.78,19,15,2,0.0,4.91,118,1,0.9995,High,Churned
U00985,15,38,4775.97,123,21,64,0.40625,7.07,16,0,0.0002,Low,High-Value Loyalists
U00986,17,8,419.7,50,26,16,0.5,7.93,22,0,0.0002,Low,At-Risk Spenders
U00987,25,11,729.31,67,36,20,0.4499999999999999,7.47,29,0,0.0002,Low,At-Risk Spenders
U00988,2,0,0.0,4,3,1,1.0,5.6,32,0,0.0002,Low,Casual Browsers
U00989,2,45,6850.24,143,24,74,0.3918918918918919,7.67,5,0,0.0002,Low,High-Value Loyalists
U00990,6,1,40.39,4,3,0,1.0,9.18,6,0,0.0002,Low,Casual Browsers
U00991,20,0,0.0,7,6,1,1.0,6.51,50,0,0.0002,Low,Casual Browsers
U00992,9,1,61.17,21,17,3,0.6666666666666667,4.36,124,0,0.0008,Low,Casual Browsers
U00993,23,0,0.0,14,13,1,1.0,7.79,53,0,0.0002,Low,Casual Browsers
U00994,16,3,105.6,29,22,4,0.25,10.41,37,0,0.0003,Low,At-Risk Spenders
U00995,29,3,112.32,20,13,4,0.25,4.96,90,0,0.0009,Low,At-Risk Spenders
U00996,39,9,528.24,64,36,19,0.5263157894736843,8.77,41,1,0.9992,High,Churned
U00997,28,0,0.0,4,3,1,1.0,9.3,58,0,0.0002,Low,Casual Browsers
U00998,71,0,0.0,9,9,0,1.0,5.47,101,1,0.9998,High,Churned
U00999,12,0,0.0,13,11,2,1.0,4.19,42,0,0.0002,Low,Casual Browsers
U01000,7,0,0.0,12,12,0,1.0,5.71,37,0,0.0002,Low,Casual Browsers
U01001,3,15,921.19,73,33,25,0.4,7.56,3,0,0.0002,Low,At-Risk Spenders
U01002,1,0,0.0,3,3,0,1.0,18.23,31,0,0.0002,Low,Casual Browsers
U01003,5,0,0.0,12,12,0,1.0,6.91,35,0,0.0002,Low,Casual Browsers
U01004,4,10,624.37,68,27,31,0.6774193548387097,7.46,6,0,0.0002,Low,At-Risk Spenders
U01005,8,1,55.64,24,17,6,0.8333333333333334,6.78,97,0,0.0008,Low,Casual Browsers
U01006,10,7,481.11,42,20,15,0.5333333333333333,9.9,10,0,0.0002,Low,At-Risk Spenders
U01007,22,6,546.82,30,15,9,0.3333333333333333,7.89,40,0,0.0004,Low,At-Risk Spenders
U01008,17,0,0.0,4,4,0,1.0,6.55,47,0,0.0002,Low,Casual Browsers
U01009,0,4,316.38,32,17,11,0.6363636363636364,6.98,10,0,0.0002,Low,At-Risk Spenders
U01010,9,1,20.0,18,15,2,0.5,9.31,113,0,0.0008,Low,At-Risk Spenders
U01011,20,2,63.98,18,14,2,0.0,9.96,65,0,0.0004,Low,At-Risk Spenders
U01012,28,2,78.63,22,17,3,0.3333333333333333,4.53,87,0,0.0007,Low,At-Risk Spenders
U01013,24,1,107.18,27,25,1,0.0,10.02,42,0,0.0004,Low,At-Risk Spenders
U01014,76,5,254.8,52,24,23,0.782608695652174,8.63,115,1,0.9997,High,Churned
U01015,5,0,0.0,10,8,2,1.0,5.3,35,0,0.0002,Low,Casual Browsers
U01016,28,11,562.82,44,21,12,0.0833333333333333,7.97,28,0,0.0002,Low,At-Risk Spenders
U01017,3,2,82.16,17,13,2,0.0,6.92,19,0,0.0002,Low,At-Risk Spenders
U01018,10,53,6479.71,164,27,84,0.369047619047619,7.84,10,0,0.0002,Low,High-Value Loyalists
U01019,17,0,0.0,17,12,5,1.0,10.31,47,0,0.0002,Low,Casual Browsers
U01020,103,0,0.0,11,9,2,1.0,7.95,133,1,0.9998,High,Churned
U01021,15,0,0.0,13,13,0,1.0,5.14,45,0,0.0002,Low,Casual Browsers
U01022,12,13,878.32,79,36,30,0.5666666666666667,8.39,15,0,0.0002,Low,At-Risk Spenders
U01023,21,51,8425.77,176,25,100,0.49,7.95,30,0,0.0002,Low,High-Value Loyalists
U01024,0,1,59.73,20,18,1,0.0,7.27,15,0,0.0002,Low,At-Risk Spenders
U01025,28,0,0.0,5,4,1,1.0,4.64,58,0,0.0002,Low,Casual Browsers
U01026,7,0,0.0,11,11,0,1.0,6.69,37,0,0.0002,Low,Casual Browsers
U01027,10,6,464.11,41,18,17,0.6470588235294117,7.5,33,0,0.0003,Low,At-Risk Spenders
U01028,2,5,355.1,45,27,13,0.6153846153846154,8.01,2,0,0.0002,Low,At-Risk Spenders
U01029,22,21,2570.57,109,14,74,0.7162162162162162,8.43,22,0,0.0002,Low,At-Risk Spenders
U01030,22,1,30.69,14,11,2,0.5,4.51,41,0,0.0003,Low,At-Risk Spenders
U01031,63,2,49.69,20,17,1,0.0,7.74,72,1,0.9992,High,Churned
U01032,26,2,38.31,14,12,0,1.0,9.13,147,0,0.0008,Low,Casual Browsers
U01033,22,0,0.0,11,11,0,1.0,9.38,52,0,0.0002,Low,Casual Browsers
U01034,43,0,0.0,3,3,0,1.0,9.0,73,1,0.9998,High,Churned
U01035,68,13,892.8,76,38,25,0.48,8.32,71,1,0.9998,High,Churned
U01036,6,2,38.12,19,16,1,0.0,5.07,137,0,0.0007,Low,At-Risk Spenders
U01037,11,3,106.07,26,20,3,0.0,6.28,20,0,0.0002,Low,At-Risk Spenders
U01038,13,1,31.23,25,21,3,0.6666666666666667,7.95,95,0,0.0008,Low,Casual Browsers
U01039,107,0,0.0,6,4,2,1.0,15.03,137,1,0.9998,High,Churned
U01040,14,1,21.77,13,9,3,0.6666666666666667,7.62,19,0,0.0002,Low,Casual Browsers
U01041,4,1,52.89,19,16,2,0.5,7.26,133,0,0.0008,Low,At-Risk Spenders
U01042,13,5,351.95,43,21,17,0.7058823529411764,9.5,55,0,0.0007,Low,Casual Browsers
U01043,21,1,28.87,21,17,3,0.6666666666666667,3.92,37,0,0.0003,Low,Casual Browsers
U01044,16,0,0.0,15,13,2,1.0,5.02,46,0,0.0002,Low,Casual Browsers
U01045,17,70,9979.57,196,23,103,0.3203883495145631,7.63,17,0,0.0002,Low,High-Value Loyalists
U01046,1,0,0.0,12,11,1,1.0,6.87,31,0,0.0002,Low,Casual Browsers
U01047,10,33,5126.92,102,13,56,0.4107142857142857,8.85,18,0,0.0002,Low,High-Value Loyalists
U01048,104,59,9052.16,163,19,85,0.3058823529411765,7.07,104,1,0.9998,High,Churned
U01049,15,3,87.71,22,14,5,0.4,6.66,50,0,0.0004,Low,At-Risk Spenders
U01050,36,12,694.04,45,20,13,0.0769230769230768,8.54,51,1,0.9995,High,Churned
U01051,16,0,0.0,13,9,4,1.0,6.18,46,0,0.0002,Low,Casual Browsers
U01052,14,1,43.79,13,10,2,0.5,7.65,79,0,0.0007,Low,At-Risk Spenders
U01053,23,1,24.11,20,15,4,0.75,4.6,78,0,0.0005,Low,Casual Browsers
U01054,2,53,7215.73,183,21,109,0.5137614678899083,8.86,9,0,0.0002,Low,High-Value Loyalists
U01055,11,8,721.87,56,29,19,0.5789473684210527,7.32,64,0,0.0011,Low,At-Risk Spenders
U01056,1,10,460.48,42,17,15,0.3333333333333333,6.1,13,0,0.0002,Low,At-Risk Spenders
U01057,28,0,0.0,10,9,1,1.0,9.89,58,0,0.0003,Low,Casual Browsers
U01058,11,0,0.0,10,10,0,1.0,8.71,41,0,0.0002,Low,Casual Browsers
U01059,11,0,0.0,12,11,1,1.0,12.46,41,0,0.0002,Low,Casual Browsers
U01060,25,0,0.0,3,3,0,1.0,11.87,55,0,0.0003,Low,Casual Browsers
U01061,0,7,329.03,36,18,11,0.3636363636363636,8.04,23,0,0.0002,Low,At-Risk Spenders
U01062,21,1,29.49,7,6,0,1.0,5.96,151,0,0.0008,Low,Casual Browsers
U01063,8,10,599.44,75,45,20,0.5,9.22,35,0,0.0005,Low,At-Risk Spenders
U01064,3,0,0.0,7,7,0,1.0,4.24,33,0,0.0002,Low,Casual Browsers
U01065,16,8,757.09,43,21,14,0.4285714285714286,9.5,49,0,0.0006,Low,At-Risk Spenders
U01066,1,2,55.0,20,14,4,0.5,8.04,112,0,0.0008,Low,At-Risk Spenders
U01067,25,7,641.5,46,24,15,0.5333333333333333,9.13,50,0,0.0006,Low,At-Risk Spenders
U01068,104,12,891.08,67,30,25,0.52,7.44,104,1,0.9997,High,Churned
U01069,7,7,368.13,39,19,13,0.4615384615384615,7.22,7,0,0.0002,Low,At-Risk Spenders
U01070,4,4,121.76,28,21,3,0.0,8.79,6,0,0.0002,Low,At-Risk Spenders
U01071,16,1,8.97,14,11,2,0.5,6.4,54,0,0.0003,Low,At-Risk Spenders
U01072,9,12,653.59,67,37,18,0.3333333333333333,6.51,33,0,0.0004,Low,At-Risk Spenders
U01073,84,15,893.41,77,42,20,0.25,6.59,87,1,0.9998,High,Churned
U01074,82,11,905.17,73,39,23,0.5217391304347826,7.7,82,1,0.9998,High,Churned
U01075,27,12,819.15,68,34,22,0.4545454545454546,6.97,31,0,0.0003,Low,At-Risk Spenders
U01076,9,1,29.21,15,13,1,0.0,10.3,88,0,0.0007,Low,At-Risk Spenders
U01077,23,39,5684.25,120,23,58,0.3275862068965517,7.14,27,0,0.0002,Low,High-Value Loyalists
U01078,16,0,0.0,5,4,1,1.0,8.98,46,0,0.0002,Low,Casual Browsers
U01079,21,53,8070.49,168,24,91,0.4175824175824175,7.32,21,0,0.0002,Low,High-Value Loyalists
U01080,27,9,559.99,47,22,16,0.4375,6.59,54,0,0.0007,Low,At-Risk Spenders
U01081,24,0,0.0,19,17,2,1.0,8.39,54,0,0.0002,Low,Casual Browsers
U01082,64,50,6538.64,158,33,75,0.3333333333333333,8.1,69,1,0.9998,High,Churned
U01083,27,1,24.52,19,13,5,0.8,6.1,146,0,0.0008,Low,Casual Browsers
U01084,16,2,121.12,15,9,4,0.5,7.28,16,0,0.0002,Low,At-Risk Spenders
U01085,17,1,39.3,10,9,0,1.0,9.76,25,0,0.0002,Low,Casual Browsers
U01086,15,56,8229.78,177,29,92,0.3913043478260869,8.42,15,0,0.0002,Low,High-Value Loyalists
U01087,5,5,299.91,36,21,10,0.5,10.25,10,0,0.0002,Low,At-Risk Spenders
U01088,3,0,0.0,6,5,1,1.0,8.83,33,0,0.0002,Low,Casual Browsers
U01089,7,19,1450.69,76,34,23,0.1739130434782608,8.02,7,0,0.0002,Low,At-Risk Spenders
U01090,6,1,15.93,29,24,4,0.75,7.27,67,0,0.0005,Low,Casual Browsers
U01091,9,17,956.72,67,37,13,0.0,8.45,9,0,0.0002,Low,At-Risk Spenders
U01092,1,0,0.0,13,13,0,1.0,10.11,31,0,0.0002,Low,Casual Browsers
U01093,23,2,61.04,20,14,4,0.5,8.22,91,0,0.0008,Low,At-Risk Spenders
U01094,25,2,89.46,13,10,1,0.0,8.75,101,0,0.0009,Low,At-Risk Spenders
U01095,16,17,2747.64,89,16,56,0.6964285714285714,8.01,16,0,0.0002,Low,At-Risk Spenders
U01096,3,14,965.14,52,21,17,0.1764705882352941,7.37,18,0,0.0002,Low,At-Risk Spenders
U01097,19,0,0.0,4,4,0,1.0,6.52,49,0,0.0002,Low,Casual Browsers
U01098,16,0,0.0,10,10,0,1.0,7.75,46,0,0.0002,Low,Casual Browsers
U01099,29,0,0.0,8,8,0,1.0,7.39,59,0,0.0003,Low,Casual Browsers
U01100,17,28,4952.65,105,25,52,0.4615384615384615,7.47,17,0,0.0002,Low,High-Value Loyalists
U01101,34,0,0.0,6,6,0,1.0,7.72,64,1,0.9998,High,Churned
U01102,1,14,1231.91,53,32,7,0.0,9.68,19,0,0.0002,Low,At-Risk Spenders
U01103,23,56,7157.3,195,31,108,0.4814814814814815,8.53,23,0,0.0002,Low,High-Value Loyalists
U01104,1,12,844.4,64,34,18,0.3333333333333333,9.37,4,0,0.0002,Low,At-Risk Spenders
U01105,26,22,3199.52,81,21,38,0.4210526315789473,7.83,26,0,0.0002,Low,At-Risk Spenders
U01106,7,0,0.0,24,21,3,1.0,10.33,37,0,0.0002,Low,Casual Browsers
U01107,22,46,6818.83,155,29,80,0.425,8.45,23,0,0.0002,Low,High-Value Loyalists
U01108,3,1,23.57,26,24,1,0.0,6.43,91,0,0.0008,Low,At-Risk Spenders
U01109,29,0,0.0,17,12,5,1.0,5.62,59,0,0.0003,Low,Casual Browsers
U01110,10,3,85.89,29,24,2,0.0,7.47,68,0,0.0004,Low,At-Risk Spenders
U01111,22,0,0.0,10,9,1,1.0,5.35,52,0,0.0002,Low,Casual Browsers
U01112,27,10,703.81,45,24,11,0.0909090909090909,7.03,46,0,0.0006,Low,At-Risk Spenders
U01113,7,13,758.19,56,27,16,0.1875,8.0,44,0,0.0006,Low,At-Risk Spenders
U01114,24,1,21.79,10,7,2,0.5,10.05,165,0,0.0008,Low,At-Risk Spenders
U01115,28,0,0.0,13,9,4,1.0,7.4,58,0,0.0003,Low,Casual Browsers
U01116,23,12,1086.85,66,32,22,0.4545454545454546,7.11,33,0,0.0005,Low,At-Risk Spenders
U01117,44,1,17.07,16,14,1,0.0,9.24,90,1,0.9995,High,Churned
U01118,26,1,50.18,11,9,1,0.0,10.05,149,0,0.0008,Low,At-Risk Spenders
U01119,10,2,75.3,16,11,3,0.3333333333333333,4.7,10,0,0.0002,Low,At-Risk Spenders
U01120,82,0,0.0,11,9,2,1.0,6.57,112,1,0.9998,High,Churned
U01121,8,17,1120.95,77,39,21,0.1904761904761904,8.38,8,0,0.0002,Low,At-Risk Spenders
U01122,12,3,66.7,21,18,0,1.0,5.5,35,0,0.0003,Low,Casual Browsers
U01123,24,2,83.1,23,20,1,0.0,10.83,104,0,0.0008,Low,At-Risk Spenders
U01124,25,48,7003.73,182,34,100,0.52,7.26,25,0,0.0002,Low,High-Value Loyalists
U01125,2,1,17.58,19,14,4,0.75,7.17,83,0,0.0007,Low,Casual Browsers
U01126,3,0,0.0,14,14,0,1.0,4.7,33,0,0.0002,Low,Casual Browsers
U01127,73,0,0.0,10,10,0,1.0,12.79,103,1,0.9998,High,Churned
U01128,5,5,284.49,32,19,8,0.375,8.52,33,0,0.0004,Low,At-Risk Spenders
U01129,3,3,83.96,29,23,3,0.0,8.53,8,0,0.0002,Low,At-Risk Spenders
U01130,29,0,0.0,17,14,3,1.0,9.06,59,0,0.0003,Low,Casual Browsers
U01131,12,2,67.92,11,7,2,0.0,8.07,12,0,0.0002,Low,At-Risk Spenders
U01132,22,0,0.0,8,8,0,1.0,7.74,52,0,0.0002,Low,Casual Browsers
U01133,49,8,633.99,55,24,23,0.6521739130434783,8.55,80,1,0.9998,High,Churned
U01134,29,7,616.86,60,29,24,0.7083333333333333,8.2,29,0,0.0002,Low,At-Risk Spenders
U01135,29,4,111.98,23,18,1,0.0,9.8,29,0,0.0002,Low,At-Risk Spenders
U01136,93,39,6525.37,128,26,63,0.3809523809523809,7.51,94,1,0.9998,High,Churned
U01137,4,1,50.28,21,19,1,0.0,6.3,165,0,0.0008,Low,At-Risk Spenders
U01138,29,0,0.0,25,23,2,1.0,5.07,59,0,0.0003,Low,Casual Browsers
U01139,6,3,246.1,34,20,11,0.7272727272727273,8.57,29,0,0.0002,Low,Casual Browsers
U01140,27,2,68.24,18,12,4,0.5,11.16,78,0,0.0005,Low,At-Risk Spenders
U01141,15,1,41.05,29,24,4,0.75,10.45,42,0,0.0004,Low,Casual Browsers
U01142,24,22,3509.35,99,16,61,0.639344262295082,7.89,24,0,0.0002,Low,High-Value Loyalists
U01143,14,39,5424.0,128,30,59,0.3389830508474576,9.14,16,0,0.0002,Low,High-Value Loyalists
U01144,23,0,0.0,12,12,0,1.0,8.33,53,0,0.0002,Low,Casual Browsers
U01145,0,9,624.49,39,17,13,0.3076923076923077,8.76,32,0,0.0004,Low,At-Risk Spenders
U01146,9,40,5724.65,130,21,69,0.4202898550724637,7.45,10,0,0.0002,Low,High-Value Loyalists
U01147,29,2,43.48,20,16,2,0.0,8.5,30,0,0.0002,Low,At-Risk Spenders
U01148,6,12,878.94,67,36,19,0.368421052631579,7.18,53,0,0.0008,Low,At-Risk Spenders
U01149,1,2,75.92,24,20,2,0.0,7.61,112,0,0.0008,Low,At-Risk Spenders
U01150,17,42,5666.33,157,31,84,0.5,8.73,18,0,0.0002,Low,High-Value Loyalists
U01151,29,11,793.54,41,19,11,0.0,8.34,49,0,0.0006,Low,At-Risk Spenders
U01152,0,2,105.48,24,20,2,0.0,8.06,128,0,0.0009,Low,At-Risk Spenders
U01153,22,8,512.46,49,30,11,0.2727272727272727,6.65,24,0,0.0002,Low,At-Risk Spenders
U01154,10,1,43.1,21,17,3,0.6666666666666667,4.97,88,0,0.0007,Low,Casual Browsers
U01155,22,4,386.13,30,15,11,0.6363636363636364,6.84,89,0,0.0013,Low,Casual Browsers
U01156,12,0,0.0,8,8,0,1.0,8.06,42,0,0.0002,Low,Casual Browsers
U01157,5,4,107.68,28,20,4,0.0,8.36,8,0,0.0002,Low,At-Risk Spenders
U01158,22,38,5271.52,120,18,64,0.40625,8.76,28,0,0.0002,Low,High-Value Loyalists
U01159,14,1,52.34,13,10,2,0.5,7.92,30,0,0.0002,Low,At-Risk Spenders
U01160,50,2,43.45,28,21,5,0.6,10.21,87,1,0.9995,High,Churned
U01161,11,1,31.48,17,12,4,0.75,6.98,116,0,0.0008,Low,Casual Browsers
U01162,61,12,916.17,56,22,22,0.4545454545454546,8.49,97,1,0.9998,High,Churned
U01163,9,1,28.76,14,10,3,0.6666666666666667,6.14,103,0,0.0008,Low,Casual Browsers
U01164,2,1,20.68,22,16,5,0.8,8.2,16,0,0.0002,Low,Casual Browsers
U01165,10,3,89.3,23,15,5,0.4,6.26,61,0,0.0004,Low,At-Risk Spenders
U01166,0,0,0.0,5,5,0,1.0,7.76,30,0,0.0002,Low,Casual Browsers
U01167,12,4,182.5,14,8,2,0.0,10.98,21,0,0.0002,Low,At-Risk Spenders
U01168,21,12,783.1,67,32,23,0.4782608695652174,7.92,26,0,0.0002,Low,At-Risk Spenders
U01169,54,14,910.69,62,33,15,0.0666666666666666,7.71,62,1,0.9997,High,Churned
U01170,9,4,460.26,45,28,13,0.6923076923076923,8.46,21,0,0.0002,Low,Casual Browsers
U01171,5,0,0.0,14,14,0,1.0,6.9,35,0,0.0002,Low,Casual Browsers
U01172,8,1,23.6,11,9,1,0.0,7.5,88,0,0.0007,Low,At-Risk Spenders
U01173,19,2,46.27,28,22,4,0.5,6.2,36,0,0.0004,Low,At-Risk Spenders
U01174,12,47,6640.0,134,17,70,0.3285714285714286,6.68,12,0,0.0002,Low,High-Value Loyalists
U01175,18,2,66.59,17,11,4,0.5,7.62,60,0,0.0004,Low,At-Risk Spenders
U01176,10,0,0.0,18,14,4,1.0,9.35,40,0,0.0002,Low,Casual Browsers
U01177,24,0,0.0,19,17,2,1.0,10.81,54,0,0.0003,Low,Casual Browsers
U01178,101,0,0.0,10,9,1,1.0,8.86,131,1,0.9998,High,Churned
U01179,21,1,7.33,7,5,1,0.0,7.26,111,0,0.0008,Low,At-Risk Spenders
U01180,1,1,26.64,4,3,0,1.0,6.38,112,0,0.0007,Low,Casual Browsers
U01181,16,56,8144.36,164,24,84,0.3333333333333333,7.52,17,0,0.0002,Low,High-Value Loyalists
U01182,14,6,271.98,32,14,12,0.5,8.0,77,0,0.0014,Low,At-Risk Spenders
U01183,14,1,29.21,25,17,7,0.8571428571428572,9.35,37,0,0.0003,Low,Casual Browsers
U01184,24,47,5753.61,168,28,93,0.4946236559139785,9.9,25,0,0.0002,Low,High-Value Loyalists
U01185,67,17,1127.24,74,34,23,0.2608695652173913,7.26,72,1,0.9997,High,Churned
U01186,4,1,32.37,9,7,1,0.0,6.22,100,0,0.0007,Low,At-Risk Spenders
U01187,18,0,0.0,13,12,1,1.0,6.65,48,0,0.0002,Low,Casual Browsers
U01188,97,4,392.86,30,18,8,0.5,9.55,99,1,0.9997,High,Churned
U01189,11,0,0.0,7,7,0,1.0,12.06,41,0,0.0002,Low,Casual Browsers
U01190,24,7,571.39,62,31,24,0.7083333333333333,8.17,37,0,0.0004,Low,At-Risk Spenders
U01191,67,2,32.92,24,21,1,0.0,6.97,126,1,0.9995,High,Churned
U01192,14,0,0.0,9,9,0,1.0,11.61,44,0,0.0002,Low,Casual Browsers
U01193,24,10,614.09,57,27,20,0.5,6.8,27,0,0.0002,Low,At-Risk Spenders
U01194,8,0,0.0,8,7,1,1.0,5.29,38,0,0.0002,Low,Casual Browsers
U01195,98,0,0.0,3,2,1,1.0,8.3,128,1,0.9998,High,Churned
U01196,3,0,0.0,12,12,0,1.0,7.68,33,0,0.0002,Low,Casual Browsers
U01197,2,9,445.58,36,11,16,0.4375,8.29,2,0,0.0002,Low,At-Risk Spenders
U01198,18,2,62.62,14,10,2,0.0,8.26,42,0,0.0003,Low,At-Risk Spenders
U01199,29,2,99.96,14,10,2,0.0,5.45,29,0,0.0002,Low,At-Risk Spenders
U01200,53,0,0.0,19,16,3,1.0,8.49,83,1,0.9998,High,Churned
U01201,22,4,439.09,57,30,23,0.8260869565217391,6.6,62,0,0.0007,Low,Casual Browsers
U01202,42,6,375.76,48,25,17,0.6470588235294117,7.71,57,1,0.9995,High,Churned
U01203,33,6,170.74,29,17,6,0.0,9.2,33,1,0.999,High,Churned
U01204,22,1,85.96,11,9,1,0.0,10.06,44,0,0.0003,Low,At-Risk Spenders
U01205,14,1,15.79,24,18,5,0.8,9.81,162,0,0.0008,Low,Casual Browsers
U01206,28,2,48.1,13,10,1,0.0,6.85,94,0,0.0008,Low,At-Risk Spenders
U01207,2,48,6316.08,135,22,65,0.2615384615384615,6.87,4,0,0.0002,Low,High-Value Loyalists
U01208,8,2,40.97,13,10,1,0.0,6.64,90,0,0.0008,Low,At-Risk Spenders
U01209,9,3,83.32,13,10,0,1.0,8.75,31,0,0.0002,Low,Casual Browsers
U01210,13,0,0.0,9,9,0,1.0,7.76,43,0,0.0002,Low,Casual Browsers
U01211,7,1,106.07,16,11,4,0.75,9.11,123,0,0.0009,Low,Casual Browsers
U01212,3,2,22.76,29,18,9,0.7777777777777778,7.67,140,0,0.0008,Low,Casual Browsers
U01213,20,3,72.87,16,10,3,0.0,8.94,57,0,0.0005,Low,At-Risk Spenders
U01214,1,12,588.65,49,22,15,0.1999999999999999,9.53,8,0,0.0002,Low,At-Risk Spenders
U01215,0,6,337.31,41,22,13,0.5384615384615384,10.22,0,0,0.0002,Low,At-Risk Spenders
U01216,7,0,0.0,25,22,3,1.0,6.45,37,0,0.0002,Low,Casual Browsers
U01217,117,0,0.0,11,10,1,1.0,6.91,147,1,0.9998,High,Churned
U01218,3,4,117.09,25,15,6,0.3333333333333333,8.42,147,0,0.0013,Low,At-Risk Spenders
U01219,2,1,52.04,27,22,4,0.75,7.83,94,0,0.0008,Low,Casual Browsers
U01220,10,2,99.21,19,16,1,0.0,5.35,49,0,0.0004,Low,At-Risk Spenders
U01221,8,8,390.09,44,20,16,0.5,8.65,29,0,0.0002,Low,At-Risk Spenders
U01222,26,1,38.05,19,15,3,0.6666666666666667,7.0,26,0,0.0002,Low,Casual Browsers
U01223,17,0,0.0,8,8,0,1.0,15.65,47,0,0.0002,Low,Casual Browsers
U01224,8,0,0.0,7,7,0,1.0,12.47,38,0,0.0002,Low,Casual Browsers
U01225,25,0,0.0,18,15,3,1.0,6.68,55,0,0.0003,Low,Casual Browsers
U01226,25,1,35.7,15,12,2,0.5,7.11,54,0,0.0005,Low,At-Risk Spenders
U01227,26,8,471.07,69,41,20,0.6,7.78,39,0,0.0004,Low,At-Risk Spenders
U01228,15,3,82.77,16,12,1,0.0,7.11,59,0,0.0005,Low,At-Risk Spenders
U01229,5,53,7616.81,153,19,81,0.345679012345679,8.4,5,0,0.0002,Low,High-Value Loyalists
U01230,25,0,0.0,18,16,2,1.0,4.87,55,0,0.0002,Low,Casual Browsers
U01231,7,1,46.02,13,12,0,1.0,5.22,170,0,0.0008,Low,Casual Browsers
U01232,18,10,595.64,42,20,12,0.1666666666666666,5.47,28,0,0.0002,Low,At-Risk Spenders
U01233,23,21,1335.98,78,32,25,0.16,9.1,26,0,0.0002,Low,At-Risk Spenders
U01234,109,2,188.41,27,18,7,0.7142857142857143,8.44,109,1,0.9996,High,Churned
U01235,0,0,0.0,14,14,0,1.0,6.28,30,0,0.0002,Low,Casual Browsers
U01236,23,16,1305.56,75,34,25,0.36,8.58,32,0,0.0004,Low,At-Risk Spenders
U01237,11,0,0.0,14,14,0,1.0,5.32,41,0,0.0002,Low,Casual Browsers
U01238,4,10,737.85,61,29,22,0.5454545454545454,7.86,30,0,0.0002,Low,At-Risk Spenders
U01239,20,11,677.74,39,13,15,0.2666666666666667,7.33,24,0,0.0002,Low,At-Risk Spenders
U01240,11,0,0.0,13,13,0,1.0,10.2,41,0,0.0002,Low,Casual Browsers
U01241,19,5,330.66,28,20,3,0.0,7.25,33,0,0.0003,Low,At-Risk Spenders
U01242,1,4,92.24,20,15,1,0.0,7.62,1,0,0.0002,Low,At-Risk Spenders
U01243,10,11,517.31,50,20,19,0.4210526315789473,7.61,10,0,0.0002,Low,At-Risk Spenders
U01244,17,0,0.0,9,9,0,1.0,6.59,47,0,0.0002,Low,Casual Browsers
U01245,16,2,23.69,18,13,3,0.3333333333333333,6.61,39,0,0.0003,Low,At-Risk Spenders
U01246,26,47,6710.02,160,19,94,0.5,7.88,26,0,0.0002,Low,High-Value Loyalists
U01247,46,0,0.0,9,8,1,1.0,6.66,76,1,0.9998,High,Churned
U01248,31,63,9330.67,199,25,111,0.4324324324324324,7.97,31,1,0.9992,High,Churned
U01249,19,3,93.77,21,16,2,0.0,9.88,151,0,0.0008,Low,At-Risk Spenders
U01250,15,11,772.15,69,35,23,0.5217391304347826,8.88,36,0,0.0005,Low,At-Risk Spenders
U01251,21,4,111.72,27,20,3,0.0,10.71,21,0,0.0002,Low,At-Risk Spenders
U01252,7,0,0.0,3,2,1,1.0,4.13,37,0,0.0002,Low,Casual Browsers
U01253,103,3,109.04,21,16,2,0.0,8.71,160,1,0.9996,High,Churned
U01254,113,0,0.0,5,5,0,1.0,11.44,143,1,0.9998,High,Churned
U01255,8,0,0.0,11,11,0,1.0,6.22,38,0,0.0002,Low,Casual Browsers
U01256,20,0,0.0,12,12,0,1.0,8.89,50,0,0.0002,Low,Casual Browsers
U01257,19,20,1183.94,75,34,21,0.0476190476190476,7.83,34,0,0.0005,Low,At-Risk Spenders
U01258,1,0,0.0,11,11,0,1.0,7.24,31,0,0.0002,Low,Casual Browsers
U01259,106,13,634.57,72,36,23,0.4347826086956522,8.1,106,1,0.9998,High,Churned
U01260,7,64,9292.01,194,27,103,0.3786407766990292,8.18,7,0,0.0002,Low,High-Value Loyalists
U01261,22,0,0.0,12,12,0,1.0,8.11,52,0,0.0002,Low,Casual Browsers
U01262,3,0,0.0,10,10,0,1.0,14.53,33,0,0.0002,Low,Casual Browsers
U01263,4,6,391.88,41,25,10,0.4,8.0,22,0,0.0002,Low,At-Risk Spenders
U01264,24,9,730.18,46,21,16,0.4375,8.92,24,0,0.0002,Low,At-Risk Spenders
U01265,44,0,0.0,14,14,0,1.0,10.37,74,1,0.9998,High,Churned
U01266,31,7,529.41,53,28,18,0.6111111111111112,6.38,51,1,0.9993,High,Churned
U01267,17,6,383.91,31,19,6,0.0,7.52,18,0,0.0002,Low,At-Risk Spenders
U01268,7,32,4210.55,122,24,66,0.5151515151515151,7.54,16,0,0.0002,Low,High-Value Loyalists
U01269,10,2,63.34,25,19,4,0.5,7.55,73,0,0.0005,Low,At-Risk Spenders
U01270,26,0,0.0,15,13,2,1.0,9.21,56,0,0.0003,Low,Casual Browsers
U01271,10,2,83.49,13,9,2,0.0,6.89,118,0,0.0008,Low,At-Risk Spenders
U01272,16,1,25.69,5,2,2,0.5,10.3,16,0,0.0002,Low,At-Risk Spenders
U01273,18,0,0.0,12,12,0,1.0,8.72,48,0,0.0002,Low,Casual Browsers
U01274,60,6,292.61,43,20,17,0.6470588235294117,7.72,60,1,0.9996,High,Churned
U01275,10,0,0.0,7,7,0,1.0,5.87,40,0,0.0002,Low,Casual Browsers
U01276,91,9,666.57,42,14,19,0.5263157894736843,6.47,92,1,0.9997,High,Churned
U01277,6,13,949.49,74,40,21,0.3809523809523809,7.76,7,0,0.0002,Low,At-Risk Spenders
U01278,23,1,16.0,10,9,0,1.0,5.61,83,0,0.0007,Low,Casual Browsers
U01279,76,0,0.0,11,11,0,1.0,5.08,106,1,0.9998,High,Churned
U01280,20,0,0.0,10,9,1,1.0,10.82,50,0,0.0002,Low,Casual Browsers
U01281,15,0,0.0,6,5,1,1.0,6.97,45,0,0.0002,Low,Casual Browsers
U01282,2,5,274.57,33,15,13,0.6153846153846154,10.16,3,0,0.0002,Low,At-Risk Spenders
U01283,9,2,160.05,11,9,0,1.0,10.94,9,0,0.0002,Low,Casual Browsers
U01284,57,11,569.52,50,27,12,0.0833333333333333,5.67,71,1,0.9997,High,Churned
U01285,2,3,138.5,13,7,3,0.0,8.11,13,0,0.0002,Low,At-Risk Spenders
U01286,15,52,7022.42,178,33,93,0.4408602150537635,7.02,23,0,0.0002,Low,High-Value Loyalists
U01287,60,10,550.56,70,39,21,0.5238095238095238,9.33,67,1,0.9997,High,Churned
U01288,20,10,583.46,75,36,29,0.6551724137931034,7.95,31,0,0.0003,Low,At-Risk Spenders
U01289,52,0,0.0,7,7,0,1.0,12.17,82,1,0.9998,High,Churned
U01290,48,7,342.61,37,16,14,0.5,6.41,49,1,0.9993,High,Churned
U01291,19,3,66.73,27,17,7,0.5714285714285714,8.74,130,0,0.0008,Low,At-Risk Spenders
U01292,93,0,0.0,9,9,0,1.0,4.94,123,1,0.9998,High,Churned
U01293,23,2,53.69,14,10,2,0.0,8.91,100,0,0.0008,Low,At-Risk Spenders
U01294,7,2,68.72,14,9,3,0.3333333333333333,7.54,125,0,0.0008,Low,At-Risk Spenders
U01295,20,0,0.0,6,6,0,1.0,9.97,50,0,0.0002,Low,Casual Browsers
U01296,13,16,904.99,53,20,17,0.0588235294117647,7.45,18,0,0.0002,Low,At-Risk Spenders
U01297,19,3,104.71,14,8,3,0.0,11.51,56,0,0.0005,Low,At-Risk Spenders
U01298,110,2,86.97,22,16,4,0.5,7.09,149,1,0.9996,High,Churned
U01299,25,0,0.0,3,3,0,1.0,6.83,55,0,0.0003,Low,Casual Browsers
U01300,6,3,69.2,26,21,2,0.0,8.44,38,0,0.0003,Low,At-Risk Spenders
U01301,54,12,588.6,60,26,22,0.4545454545454546,7.34,54,1,0.9995,High,Churned
U01302,16,12,1076.1,64,35,17,0.2941176470588235,8.72,18,0,0.0002,Low,At-Risk Spenders
U01303,59,14,767.08,68,29,25,0.4399999999999999,7.42,68,1,0.9997,High,Churned
U01304,24,0,0.0,13,12,1,1.0,8.11,54,0,0.0002,Low,Casual Browsers
U01305,27,3,115.21,27,20,4,0.25,7.04,42,0,0.0003,Low,At-Risk Spenders
U01306,2,1,24.17,11,9,1,0.0,8.37,141,0,0.0008,Low,At-Risk Spenders
U01307,26,0,0.0,12,11,1,1.0,7.5,56,0,0.0003,Low,Casual Browsers
U01308,4,0,0.0,18,15,3,1.0,10.77,34,0,0.0002,Low,Casual Browsers
U01309,0,1,10.83,20,16,3,0.6666666666666667,11.78,175,0,0.0006,Low,Casual Browsers
U01310,9,3,121.74,14,10,1,0.0,9.31,88,0,0.0009,Low,At-Risk Spenders
U01311,56,0,0.0,14,14,0,1.0,7.3,86,1,0.9998,High,Churned
U01312,9,1,29.82,11,7,3,0.6666666666666667,10.05,94,0,0.0007,Low,Casual Browsers
U01313,12,14,1060.63,46,14,18,0.2222222222222222,5.73,12,0,0.0002,Low,At-Risk Spenders
U01314,25,1,27.55,17,16,0,1.0,6.59,39,0,0.0003,Low,Casual Browsers
U01315,3,0,0.0,5,5,0,1.0,5.96,33,0,0.0002,Low,Casual Browsers
U01316,1,55,9231.24,182,30,97,0.4329896907216495,8.32,1,0,0.0002,Low,High-Value Loyalists
U01317,8,39,6145.71,138,19,80,0.5125,9.36,8,0,0.0002,Low,High-Value Loyalists
U01318,23,15,977.02,72,35,22,0.3181818181818182,8.88,35,0,0.0006,Low,At-Risk Spenders
U01319,36,5,371.96,38,18,15,0.6666666666666667,9.01,39,1,0.9991,High,Churned
U01320,63,1,11.62,13,12,0,1.0,7.98,79,1,0.9995,High,Churned
U01321,26,1,18.71,22,18,3,0.6666666666666667,9.17,144,0,0.0008,Low,Casual Browsers
U01322,8,1,54.95,33,19,13,0.9230769230769232,6.85,137,0,0.0008,Low,Casual Browsers
U01323,1,1,9.03,16,12,3,0.6666666666666667,6.31,51,0,0.0003,Low,Casual Browsers
U01324,11,13,899.85,60,27,20,0.35,6.8,21,0,0.0002,Low,At-Risk Spenders
U01325,20,17,1122.68,67,30,20,0.15,9.11,30,0,0.0002,Low,At-Risk Spenders
U01326,14,60,9049.7,192,22,110,0.4545454545454546,7.48,21,0,0.0002,Low,High-Value Loyalists
U01327,29,8,279.87,33,16,9,0.1111111111111111,8.21,29,0,0.0002,Low,At-Risk Spenders
U01328,23,10,667.34,49,24,15,0.3333333333333333,7.8,23,0,0.0002,Low,At-Risk Spenders
U01329,11,2,118.89,16,10,4,0.5,4.89,11,0,0.0002,Low,At-Risk Spenders
U01330,12,1,15.73,10,9,0,1.0,9.7,166,0,0.0008,Low,Casual Browsers
U01331,18,0,0.0,9,8,1,1.0,10.79,48,0,0.0002,Low,Casual Browsers
U01332,1,53,7428.88,186,28,105,0.4952380952380952,7.96,2,0,0.0002,Low,High-Value Loyalists
U01333,4,0,0.0,12,11,1,1.0,7.5,34,0,0.0002,Low,Casual Browsers
U01334,2,0,0.0,7,7,0,1.0,6.41,32,0,0.0002,Low,Casual Browsers
U01335,17,0,0.0,12,10,2,1.0,9.24,47,0,0.0002,Low,Casual Browsers
U01336,18,33,4663.91,178,36,109,0.6972477064220184,7.99,18,0,0.0002,Low,High-Value Loyalists
U01337,11,0,0.0,3,3,0,1.0,4.87,41,0,0.0002,Low,Casual Browsers
U01338,4,14,1248.05,67,29,24,0.4166666666666666,8.0,4,0,0.0002,Low,At-Risk Spenders
U01339,96,13,1034.38,75,36,26,0.5,7.87,102,1,0.9998,High,Churned
U01340,102,4,254.62,42,23,15,0.7333333333333334,8.49,118,1,0.9996,High,Churned
U01341,26,0,0.0,12,12,0,1.0,13.04,56,0,0.0003,Low,Casual Browsers
U01342,13,8,446.97,53,26,19,0.5789473684210527,6.22,26,0,0.0002,Low,At-Risk Spenders
U01343,26,0,0.0,14,12,2,1.0,9.06,56,0,0.0003,Low,Casual Browsers
U01344,17,7,655.35,63,34,22,0.6818181818181819,8.22,22,0,0.0002,Low,At-Risk Spenders
U01345,23,0,0.0,12,12,0,1.0,6.88,53,0,0.0002,Low,Casual Browsers
U01346,16,16,736.3,74,37,21,0.2380952380952381,8.3,68,0,0.0014,Low,At-Risk Spenders
U01347,8,13,857.53,75,42,20,0.35,7.36,8,0,0.0002,Low,At-Risk Spenders
U01348,25,14,793.14,73,29,30,0.5333333333333333,7.4,45,0,0.0007,Low,At-Risk Spenders
U01349,12,1,44.56,11,9,1,0.0,9.25,128,0,0.0008,Low,At-Risk Spenders
U01350,52,1,28.4,12,9,2,0.5,10.43,111,1,0.9995,High,Churned
U01351,8,60,8893.26,173,20,93,0.3548387096774194,8.14,8,0,0.0002,Low,High-Value Loyalists
U01352,18,2,56.09,12,7,3,0.3333333333333333,8.02,29,0,0.0002,Low,At-Risk Spenders
U01353,11,63,8906.32,184,27,94,0.3297872340425531,8.75,11,0,0.0002,Low,High-Value Loyalists
U01354,5,12,822.08,58,25,21,0.4285714285714286,8.36,9,0,0.0002,Low,At-Risk Spenders
U01355,22,0,0.0,19,16,3,1.0,5.81,52,0,0.0002,Low,Casual Browsers
U01356,5,48,6775.33,140,27,65,0.2615384615384615,8.06,9,0,0.0002,Low,High-Value Loyalists
U01357,12,5,308.79,39,21,13,0.6153846153846154,8.41,12,0,0.0002,Low,At-Risk Spenders
U01358,29,2,93.1,22,20,0,1.0,8.17,36,0,0.0003,Low,Casual Browsers
U01359,1,10,743.1,70,34,26,0.6153846153846154,8.54,22,0,0.0002,Low,At-Risk Spenders
U01360,18,1,11.67,11,9,1,0.0,5.31,93,0,0.0007,Low,At-Risk Spenders
U01361,27,2,51.21,25,20,3,0.3333333333333333,7.94,42,0,0.0003,Low,At-Risk Spenders
U01362,5,5,226.87,40,21,14,0.6428571428571428,9.31,16,0,0.0002,Low,At-Risk Spenders
U01363,1,10,675.3,54,27,17,0.4117647058823529,8.72,1,0,0.0002,Low,At-Risk Spenders
U01364,3,60,9066.24,197,28,109,0.4495412844036697,8.84,3,0,0.0002,Low,High-Value Loyalists
U01365,10,0,0.0,13,12,1,1.0,11.12,40,0,0.0002,Low,Casual Browsers
U01366,89,3,146.53,26,21,2,0.0,6.24,91,1,0.9996,High,Churned
U01367,10,16,960.89,35,12,7,0.0,7.25,10,0,0.0002,Low,At-Risk Spenders
U01368,15,0,0.0,17,16,1,1.0,5.08,45,0,0.0002,Low,Casual Browsers
U01369,17,3,113.84,20,15,2,0.0,5.24,17,0,0.0002,Low,At-Risk Spenders
U01370,16,1,19.54,14,6,7,0.8571428571428572,7.73,179,0,0.0006,Low,Casual Browsers
U01371,6,2,58.08,17,14,1,0.0,8.83,17,0,0.0002,Low,At-Risk Spenders
U01372,4,11,719.69,66,30,25,0.56,7.75,26,0,0.0002,Low,At-Risk Spenders
U01373,22,8,483.18,49,22,19,0.5789473684210527,9.63,26,0,0.0002,Low,At-Risk Spenders
U01374,0,0,0.0,16,15,1,1.0,7.92,30,0,0.0002,Low,Casual Browsers
U01375,19,11,979.12,52,24,17,0.3529411764705882,9.15,20,0,0.0002,Low,At-Risk Spenders
U01376,0,11,761.71,51,27,13,0.1538461538461538,9.12,0,0,0.0002,Low,At-Risk Spenders
U01377,7,0,0.0,22,16,6,1.0,8.79,37,0,0.0003,Low,Casual Browsers
U01378,19,2,151.22,17,14,1,0.0,12.18,71,0,0.0006,Low,At-Risk Spenders
U01379,5,9,755.72,30,11,10,0.0999999999999999,9.38,5,0,0.0002,Low,At-Risk Spenders
U01380,3,12,826.43,35,14,9,0.0,9.8,3,0,0.0002,Low,At-Risk Spenders
U01381,23,2,180.03,25,19,4,0.5,8.39,119,0,0.001,Low,At-Risk Spenders
U01382,25,0,0.0,24,21,3,1.0,7.59,55,0,0.0003,Low,Casual Browsers
U01383,19,2,44.1,27,23,2,0.0,6.67,103,0,0.0008,Low,At-Risk Spenders
U01384,28,45,6333.82,138,24,69,0.3478260869565217,8.81,35,0,0.0006,Low,High-Value Loyalists
U01385,14,1,4.48,7,6,0,1.0,4.11,152,0,0.0008,Low,Casual Browsers
U01386,8,15,948.28,71,37,19,0.2105263157894736,9.58,8,0,0.0002,Low,At-Risk Spenders
U01387,25,0,0.0,12,12,0,1.0,5.7,55,0,0.0003,Low,Casual Browsers
U01388,72,5,454.06,62,37,20,0.75,6.99,72,1,0.9996,High,Churned
U01389,2,37,4953.11,151,21,93,0.6021505376344086,8.2,2,0,0.0002,Low,High-Value Loyalists
U01390,9,4,251.81,40,23,13,0.6923076923076923,6.59,61,0,0.0007,Low,Casual Browsers
U01391,16,1,12.36,4,3,0,1.0,13.08,16,0,0.0002,Low,Casual Browsers
U01392,86,29,3404.09,101,21,51,0.4313725490196078,8.1,86,1,0.9998,High,Churned
U01393,5,0,0.0,6,6,0,1.0,5.98,35,0,0.0002,Low,Casual Browsers
U01394,24,1,11.83,13,11,1,0.0,8.62,54,0,0.0005,Low,At-Risk Spenders
U01395,2,2,57.05,16,11,3,0.3333333333333333,12.72,141,0,0.0008,Low,At-Risk Spenders
U01396,22,17,808.32,70,32,21,0.1904761904761904,7.4,25,0,0.0002,Low,At-Risk Spenders
U01397,21,1,7.28,9,8,0,1.0,7.53,79,0,0.0007,Low,Casual Browsers
U01398,11,1,12.74,27,23,3,0.6666666666666667,10.25,88,0,0.0007,Low,Casual Browsers
U01399,18,0,0.0,13,12,1,1.0,5.25,48,0,0.0002,Low,Casual Browsers
U01400,3,13,1199.83,75,37,25,0.48,7.71,42,0,0.0006,Low,At-Risk Spenders
U01401,17,12,616.79,62,25,25,0.52,9.23,29,0,0.0002,Low,At-Risk Spenders
U01402,0,5,466.0,44,22,17,0.7058823529411764,7.27,5,0,0.0002,Low,Casual Browsers
U01403,53,0,0.0,14,12,2,1.0,11.39,83,1,0.9998,High,Churned
U01404,16,43,6188.13,156,20,93,0.5376344086021505,8.11,20,0,0.0002,Low,High-Value Loyalists
U01405,26,9,893.95,51,25,17,0.4705882352941176,9.64,40,0,0.0005,Low,At-Risk Spenders
U01406,0,9,743.95,41,17,15,0.4,6.3,3,0,0.0002,Low,At-Risk Spenders
U01407,23,0,0.0,16,13,3,1.0,8.74,53,0,0.0002,Low,Casual Browsers
U01408,4,0,0.0,12,12,0,1.0,6.2,34,0,0.0002,Low,Casual Browsers
U01409,8,0,0.0,10,9,1,1.0,7.14,38,0,0.0002,Low,Casual Browsers
U01410,18,20,1252.54,77,29,28,0.2857142857142857,7.91,51,0,0.0009,Low,At-Risk Spenders
U01411,22,4,100.14,29,22,3,0.0,10.58,125,0,0.0011,Low,At-Risk Spenders
U01412,67,0,0.0,4,4,0,1.0,13.98,97,1,0.9998,High,Churned
U01413,23,3,143.62,17,13,1,0.0,5.65,54,0,0.0005,Low,At-Risk Spenders
U01414,105,0,0.0,6,6,0,1.0,2.55,135,1,0.9998,High,Churned
U01415,28,0,0.0,7,7,0,1.0,6.57,58,0,0.0003,Low,Casual Browsers
U01416,1,2,37.01,10,8,0,1.0,6.35,10,0,0.0002,Low,Casual Browsers
U01417,119,0,0.0,23,18,5,1.0,8.29,149,1,0.9998,High,Churned
U01418,114,7,481.48,33,17,9,0.2222222222222222,7.11,123,1,0.9997,High,Churned
U01419,13,0,0.0,7,6,1,1.0,3.7,43,0,0.0002,Low,Casual Browsers
U01420,28,10,610.01,79,46,23,0.5652173913043479,10.05,28,0,0.0002,Low,At-Risk Spenders
U01421,10,3,82.56,12,8,1,0.0,5.57,54,0,0.0005,Low,At-Risk Spenders
U01422,10,1,26.73,9,8,0,1.0,8.56,10,0,0.0002,Low,Casual Browsers
U01423,64,5,368.07,39,22,12,0.5833333333333333,8.55,75,1,0.9997,High,Churned
U01424,68,10,642.76,63,30,23,0.5652173913043479,7.3,82,1,0.9997,High,Churned
U01425,24,0,0.0,10,9,1,1.0,6.51,54,0,0.0002,Low,Casual Browsers
U01426,0,0,0.0,10,7,3,1.0,7.37,30,0,0.0002,Low,Casual Browsers
U01427,94,0,0.0,8,8,0,1.0,5.3,124,1,0.9998,High,Churned
U01428,6,0,0.0,10,10,0,1.0,7.35,36,0,0.0002,Low,Casual Browsers
U01429,1,2,38.05,22,18,2,0.0,7.7,1,0,0.0002,Low,At-Risk Spenders
U01430,16,0,0.0,19,16,3,1.0,6.14,46,0,0.0002,Low,Casual Browsers
U01431,19,0,0.0,3,2,1,1.0,12.2,49,0,0.0002,Low,Casual Browsers
U01432,12,0,0.0,11,11,0,1.0,6.04,42,0,0.0002,Low,Casual Browsers
U01433,20,0,0.0,4,4,0,1.0,1.42,50,0,0.0002,Low,Casual Browsers
U01434,8,0,0.0,22,19,3,1.0,7.1,38,0,0.0002,Low,Casual Browsers
U01435,99,0,0.0,15,14,1,1.0,11.31,129,1,0.9998,High,Churned
U01436,80,7,540.87,44,18,19,0.631578947368421,6.36,80,1,0.9997,High,Churned
U01437,8,47,5515.17,149,19,83,0.4337349397590361,10.01,9,0,0.0002,Low,High-Value Loyalists
U01438,11,0,0.0,12,12,0,1.0,6.28,41,0,0.0002,Low,Casual Browsers
U01439,28,57,8200.78,181,35,89,0.3595505617977528,8.36,28,0,0.0002,Low,High-Value Loyalists
U01440,19,1,14.56,27,23,3,0.6666666666666667,7.19,162,0,0.0008,Low,Casual Browsers
U01441,14,28,4503.98,86,12,46,0.3913043478260869,7.0,14,0,0.0002,Low,High-Value Loyalists
U01442,54,13,905.82,63,30,20,0.35,7.96,63,1,0.9997,High,Churned
U01443,6,0,0.0,4,4,0,1.0,5.03,36,0,0.0002,Low,Casual Browsers
U01444,2,2,44.23,20,16,2,0.0,6.73,2,0,0.0002,Low,At-Risk Spenders
U01445,24,4,267.38,64,33,27,0.8518518518518519,6.02,57,0,0.0007,Low,Casual Browsers
U01446,2,11,952.89,55,28,16,0.3125,8.35,8,0,0.0002,Low,At-Risk Spenders
U01447,16,0,0.0,12,9,3,1.0,8.22,46,0,0.0002,Low,Casual Browsers
U01448,2,0,0.0,12,12,0,1.0,6.63,32,0,0.0002,Low,Casual Browsers
U01449,13,4,203.77,39,22,13,0.6923076923076923,9.74,15,0,0.0002,Low,Casual Browsers
U01450,9,1,57.61,11,9,1,0.0,8.75,41,0,0.0003,Low,At-Risk Spenders
U01451,5,28,4222.89,82,15,39,0.282051282051282,7.55,5,0,0.0002,Low,High-Value Loyalists
U01452,10,1,32.14,29,24,4,0.75,7.3,99,0,0.0008,Low,Casual Browsers
U01453,26,35,4815.97,116,18,63,0.4444444444444444,8.04,26,0,0.0002,Low,High-Value Loyalists
U01454,22,1,42.16,12,9,2,0.5,8.83,136,0,0.0008,Low,At-Risk Spenders
U01455,72,19,2533.0,118,21,78,0.7564102564102564,8.83,76,1,0.9997,High,Churned
U01456,12,2,140.04,24,17,5,0.6,8.25,30,0,0.0002,Low,Casual Browsers
U01457,2,12,612.84,56,24,20,0.4,8.23,2,0,0.0002,Low,At-Risk Spenders
U01458,7,44,6626.57,140,24,72,0.3888888888888888,7.9,8,0,0.0002,Low,High-Value Loyalists
U01459,1,0,0.0,9,8,1,1.0,12.14,31,0,0.0002,Low,Casual Browsers
U01460,24,0,0.0,5,5,0,1.0,8.38,54,0,0.0002,Low,Casual Browsers
U01461,4,0,0.0,13,13,0,1.0,8.62,34,0,0.0002,Low,Casual Browsers
U01462,11,1,14.27,20,16,3,0.6666666666666667,8.28,179,0,0.0006,Low,Casual Browsers
U01463,103,0,0.0,4,4,0,1.0,5.5,133,1,0.9998,High,Churned
U01464,29,0,0.0,11,10,1,1.0,8.26,59,0,0.0003,Low,Casual Browsers
U01465,2,11,829.88,64,34,19,0.4210526315789473,8.09,4,0,0.0002,Low,At-Risk Spenders
U01466,72,0,0.0,6,6,0,1.0,7.0,102,1,0.9998,High,Churned
U01467,5,3,148.13,21,15,3,0.0,7.71,105,0,0.001,Low,At-Risk Spenders
U01468,11,2,126.57,27,20,5,0.6,9.32,76,0,0.0007,Low,At-Risk Spenders
U01469,28,1,28.59,14,10,3,0.6666666666666667,7.01,80,0,0.0007,Low,Casual Browsers
U01470,29,5,324.01,33,17,11,0.5454545454545454,7.79,53,0,0.0007,Low,At-Risk Spenders
U01471,19,1,25.16,4,3,0,1.0,6.28,151,0,0.0007,Low,Casual Browsers
U01472,22,8,534.67,68,35,25,0.6799999999999999,9.64,34,0,0.0004,Low,At-Risk Spenders
U01473,2,11,779.78,49,27,11,0.0,8.23,2,0,0.0002,Low,At-Risk Spenders
U01474,28,14,1078.0,53,23,16,0.125,8.2,28,0,0.0002,Low,At-Risk Spenders
U01475,2,0,0.0,4,4,0,1.0,5.68,32,0,0.0002,Low,Casual Browsers
U01476,12,50,7522.75,158,16,92,0.4565217391304348,8.17,12,0,0.0002,Low,High-Value Loyalists
U01477,11,0,0.0,8,8,0,1.0,5.93,41,0,0.0002,Low,Casual Browsers
U01478,12,5,300.08,36,21,10,0.5,9.08,16,0,0.0002,Low,At-Risk Spenders
U01479,27,1,33.79,24,16,7,0.8571428571428572,8.84,105,0,0.0008,Low,Casual Browsers
U01480,17,0,0.0,6,6,0,1.0,8.67,47,0,0.0002,Low,Casual Browsers
U01481,7,0,0.0,11,10,1,1.0,7.46,37,0,0.0002,Low,Casual Browsers
U01482,58,0,0.0,8,8,0,1.0,9.74,88,1,0.9998,High,Churned
U01483,7,8,535.38,38,20,10,0.1999999999999999,10.59,7,0,0.0002,Low,At-Risk Spenders
U01484,98,7,406.4,58,31,20,0.65,7.73,116,1,0.9997,High,Churned
U01485,3,0,0.0,9,8,1,1.0,6.7,33,0,0.0002,Low,Casual Browsers
U01486,21,1,47.75,29,21,7,0.8571428571428572,10.38,54,0,0.0005,Low,Casual Browsers
U01487,1,3,50.77,22,17,2,0.0,6.62,1,0,0.0002,Low,At-Risk Spenders
U01488,9,3,97.29,13,8,2,0.0,8.82,26,0,0.0002,Low,At-Risk Spenders
U01489,7,3,91.19,22,17,2,0.0,10.27,38,0,0.0003,Low,At-Risk Spenders
U01490,29,8,374.32,46,21,17,0.5294117647058824,10.18,56,0,0.0008,Low,At-Risk Spenders
U01491,9,3,137.41,22,13,6,0.5,7.47,33,0,0.0004,Low,At-Risk Spenders
U01492,5,2,46.2,10,6,2,0.0,12.34,7,0,0.0002,Low,At-Risk Spenders
U01493,23,32,4025.15,129,21,76,0.5789473684210527,8.05,23,0,0.0002,Low,High-Value Loyalists
U01494,59,5,140.12,21,14,2,0.0,11.01,67,1,0.9997,High,Churned
U01495,18,12,703.65,63,30,21,0.4285714285714286,9.9,18,0,0.0002,Low,At-Risk Spenders
U01496,20,0,0.0,3,2,1,1.0,9.13,50,0,0.0002,Low,Casual Browsers
U01497,5,7,399.64,35,18,10,0.3,7.42,15,0,0.0002,Low,At-Risk Spenders
U01498,3,0,0.0,13,13,0,1.0,14.13,33,0,0.0002,Low,Casual Browsers
U01499,14,14,946.31,56,26,16,0.125,6.12,32,0,0.0004,Low,At-Risk Spenders
U01500,3,2,93.85,20,16,2,0.0,11.88,36,0,0.0003,Low,At-Risk Spenders
U01501,5,8,466.56,42,19,15,0.4666666666666667,9.11,75,0,0.0014,Low,At-Risk Spenders
U01502,16,1,100.27,15,13,1,0.0,6.63,66,0,0.0005,Low,At-Risk Spenders
U01503,87,1,27.05,20,17,2,0.5,7.48,100,1,0.9995,High,Churned
U01504,22,2,50.14,25,20,3,0.3333333333333333,11.0,67,0,0.0004,Low,At-Risk Spenders
U01505,15,0,0.0,19,15,4,1.0,8.64,45,0,0.0002,Low,Casual Browsers
U01506,23,12,717.71,79,38,29,0.5862068965517242,8.97,28,0,0.0002,Low,At-Risk Spenders
U01507,25,8,461.96,63,40,15,0.4666666666666667,8.46,26,0,0.0002,Low,At-Risk Spenders
U01508,0,0,0.0,10,10,0,1.0,5.02,30,0,0.0002,Low,Casual Browsers
U01509,29,14,877.23,45,18,13,0.0,5.51,29,0,0.0002,Low,At-Risk Spenders
U01510,7,10,739.34,52,20,22,0.5454545454545454,8.34,23,0,0.0002,Low,At-Risk Spenders
U01511,6,11,847.16,75,41,23,0.5217391304347826,7.34,6,0,0.0002,Low,At-Risk Spenders
U01512,27,2,61.86,22,15,5,0.6,5.06,114,0,0.0007,Low,Casual Browsers
U01513,12,1,72.0,21,19,1,0.0,7.81,75,0,0.0005,Low,At-Risk Spenders
U01514,46,0,0.0,6,6,0,1.0,4.43,76,1,0.9998,High,Churned
U01515,24,0,0.0,6,5,1,1.0,3.55,54,0,0.0003,Low,Casual Browsers
U01516,110,13,954.31,74,38,23,0.4347826086956522,7.94,114,1,0.9998,High,Churned
U01517,10,12,729.19,48,21,15,0.1999999999999999,6.82,13,0,0.0002,Low,At-Risk Spenders
U01518,14,0,0.0,24,21,3,1.0,7.17,44,0,0.0002,Low,Casual Browsers
U01519,24,2,35.54,29,21,6,0.6666666666666667,10.7,58,0,0.0006,Low,Casual Browsers
U01520,20,0,0.0,9,9,0,1.0,8.69,50,0,0.0002,Low,Casual Browsers
U01521,68,0,0.0,12,10,2,1.0,6.05,98,1,0.9998,High,Churned
U01522,15,11,613.74,69,39,19,0.4210526315789473,7.79,27,0,0.0002,Low,At-Risk Spenders
U01523,16,1,11.22,19,13,5,0.8,6.57,50,0,0.0003,Low,Casual Browsers
U01524,50,10,497.12,57,30,17,0.4117647058823529,8.36,65,1,0.9997,High,Churned
U01525,24,0,0.0,13,13,0,1.0,6.25,54,0,0.0002,Low,Casual Browsers
U01526,18,0,0.0,26,24,2,1.0,7.15,48,0,0.0002,Low,Casual Browsers
U01527,22,4,128.19,22,18,0,1.0,5.32,64,0,0.0007,Low,Casual Browsers
U01528,4,11,737.62,54,25,18,0.3888888888888888,8.47,8,0,0.0002,Low,At-Risk Spenders
U01529,12,57,7252.81,158,19,82,0.3048780487804878,7.41,12,0,0.0002,Low,High-Value Loyalists
U01530,17,0,0.0,13,12,1,1.0,7.65,47,0,0.0002,Low,Casual Browsers
U01531,2,11,672.83,49,24,14,0.2142857142857143,6.35,3,0,0.0002,Low,At-Risk Spenders
U01532,1,41,4837.39,141,17,83,0.5060240963855422,7.71,4,0,0.0002,Low,High-Value Loyalists
U01533,18,44,5837.23,123,18,61,0.2786885245901639,7.71,18,0,0.0002,Low,High-Value Loyalists
U01534,15,0,0.0,14,13,1,1.0,7.24,45,0,0.0002,Low,Casual Browsers
U01535,6,29,3259.58,91,10,52,0.4423076923076923,8.02,11,0,0.0002,Low,High-Value Loyalists
U01536,86,0,0.0,10,9,1,1.0,13.18,116,1,0.9998,High,Churned
U01537,29,0,0.0,10,10,0,1.0,5.39,59,0,0.0003,Low,Casual Browsers
U01538,10,1,19.43,12,9,2,0.5,9.02,61,0,0.0004,Low,At-Risk Spenders
U01539,26,0,0.0,19,16,3,1.0,8.58,56,0,0.0003,Low,Casual Browsers
U01540,24,0,0.0,9,9,0,1.0,8.91,54,0,0.0003,Low,Casual Browsers
U01541,11,0,0.0,14,12,2,1.0,11.84,41,0,0.0002,Low,Casual Browsers
U01542,115,7,408.91,53,25,21,0.6666666666666667,7.68,116,1,0.9997,High,Churned
U01543,5,0,0.0,3,3,0,1.0,1.93,35,0,0.0002,Low,Casual Browsers
U01544,27,1,25.85,15,14,0,1.0,6.72,93,0,0.0008,Low,Casual Browsers
U01545,6,5,111.03,27,16,6,0.1666666666666666,9.84,23,0,0.0002,Low,At-Risk Spenders
U01546,11,0,0.0,4,4,0,1.0,6.92,41,0,0.0002,Low,Casual Browsers
U01547,1,3,180.77,24,20,1,0.0,5.18,1,0,0.0002,Low,At-Risk Spenders
U01548,1,0,0.0,19,14,5,1.0,8.37,31,0,0.0002,Low,Casual Browsers
U01549,119,0,0.0,25,23,2,1.0,7.16,149,1,0.9998,High,Churned
U01550,25,2,61.93,11,8,1,0.0,6.65,73,0,0.0005,Low,At-Risk Spenders
U01551,25,0,0.0,9,9,0,1.0,6.69,55,0,0.0003,Low,Casual Browsers
U01552,13,3,93.56,15,11,1,0.0,8.38,13,0,0.0002,Low,At-Risk Spenders
U01553,27,5,193.73,54,29,20,0.75,8.01,50,0,0.0004,Low,Casual Browsers
U01554,11,2,63.27,15,11,2,0.0,6.29,40,0,0.0003,Low,At-Risk Spenders
U01555,10,6,420.19,40,23,11,0.4545454545454546,8.54,10,0,0.0002,Low,At-Risk Spenders
U01556,11,44,6724.49,155,21,90,0.5111111111111111,9.31,11,0,0.0002,Low,High-Value Loyalists
U01557,13,0,0.0,17,14,3,1.0,6.32,43,0,0.0002,Low,Casual Browsers
U01558,22,1,48.84,21,19,1,0.0,12.22,22,0,0.0002,Low,At-Risk Spenders
U01559,14,0,0.0,8,7,1,1.0,6.14,44,0,0.0002,Low,Casual Browsers
U01560,24,0,0.0,21,20,1,1.0,8.05,54,0,0.0002,Low,Casual Browsers
U01561,21,0,0.0,26,24,2,1.0,7.05,51,0,0.0002,Low,Casual Browsers
U01562,20,0,0.0,14,13,1,1.0,5.96,50,0,0.0002,Low,Casual Browsers
U01563,17,13,903.9,69,40,16,0.1875,8.58,23,0,0.0002,Low,At-Risk Spenders
U01564,18,6,272.88,59,29,24,0.75,9.55,31,0,0.0003,Low,Casual Browsers
U01565,27,15,781.36,65,27,23,0.3478260869565217,10.24,34,0,0.0005,Low,At-Risk Spenders
U01566,8,4,164.1,39,21,14,0.7142857142857143,6.98,15,0,0.0002,Low,Casual Browsers
U01567,29,7,434.27,62,36,19,0.631578947368421,8.2,29,0,0.0002,Low,At-Risk Spenders
U01568,67,40,5370.59,117,21,56,0.2857142857142857,10.0,67,1,0.9997,High,Churned
U01569,21,0,0.0,15,12,3,1.0,7.93,51,0,0.0002,Low,Casual Browsers
U01570,10,3,76.12,19,16,0,1.0,6.74,12,0,0.0002,Low,Casual Browsers
U01571,4,12,1155.47,63,32,19,0.368421052631579,7.22,24,0,0.0002,Low,At-Risk Spenders
U01572,16,0,0.0,11,11,0,1.0,8.39,46,0,0.0002,Low,Casual Browsers
U01573,13,1,68.46,23,20,2,0.5,8.14,78,0,0.0005,Low,At-Risk Spenders
U01574,6,2,72.29,19,16,1,0.0,7.29,9,0,0.0002,Low,At-Risk Spenders
U01575,27,3,60.47,15,10,2,0.0,5.97,119,0,0.0008,Low,At-Risk Spenders
U01576,64,54,7327.63,167,20,93,0.4193548387096774,6.79,64,1,0.9997,High,Churned
U01577,47,5,209.43,29,20,4,0.0,7.73,81,1,0.9997,High,Churned
U01578,0,9,443.92,60,34,17,0.4705882352941176,7.41,0,0,0.0002,Low,At-Risk Spenders
U01579,9,0,0.0,14,14,0,1.0,12.05,39,0,0.0002,Low,Casual Browsers
U01580,6,10,473.69,39,17,12,0.1666666666666666,7.33,35,0,0.0005,Low,At-Risk Spenders
U01581,13,0,0.0,10,10,0,1.0,6.26,43,0,0.0002,Low,Casual Browsers
U01582,21,2,41.4,22,20,0,1.0,8.7,67,0,0.0005,Low,Casual Browsers
U01583,15,1,26.89,10,6,3,0.6666666666666667,5.78,31,0,0.0002,Low,Casual Browsers
U01584,26,12,760.88,70,37,21,0.4285714285714286,7.61,28,0,0.0002,Low,At-Risk Spenders
U01585,5,0,0.0,7,6,1,1.0,6.59,35,0,0.0002,Low,Casual Browsers
U01586,79,46,8730.67,171,32,93,0.5053763440860215,8.55,82,1,0.9998,High,Churned
U01587,23,11,661.8,65,33,21,0.4761904761904761,7.38,28,0,0.0002,Low,At-Risk Spenders
U01588,20,1,14.73,26,22,3,0.6666666666666667,7.46,68,0,0.0005,Low,Casual Browsers
U01589,2,0,0.0,3,2,1,1.0,4.6,32,0,0.0002,Low,Casual Browsers
U01590,5,46,5850.26,182,28,108,0.5740740740740741,8.03,5,0,0.0002,Low,High-Value Loyalists
U01591,1,2,104.35,16,12,2,0.0,7.56,71,0,0.0005,Low,At-Risk Spenders
U01592,3,15,894.88,66,33,18,0.1666666666666666,6.87,3,0,0.0002,Low,At-Risk Spenders
U01593,98,7,486.78,42,19,16,0.5625,9.61,98,1,0.9997,High,Churned
U01594,66,0,0.0,9,8,1,1.0,9.77,96,1,0.9998,High,Churned
U01595,20,49,6303.01,168,25,94,0.4787234042553191,8.89,20,0,0.0002,Low,High-Value Loyalists
U01596,26,4,153.05,25,20,1,0.0,8.9,48,0,0.0004,Low,At-Risk Spenders
U01597,20,10,605.26,35,20,5,0.0,7.73,34,0,0.0004,Low,At-Risk Spenders
U01598,116,16,788.53,77,39,22,0.2727272727272727,7.51,117,1,0.9998,High,Churned
U01599,99,0,0.0,28,25,3,1.0,6.51,129,1,0.9998,High,Churned
U01600,14,15,1054.09,61,30,16,0.0625,7.22,34,0,0.0005,Low,At-Risk Spenders
U01601,23,33,4478.4,87,17,37,0.1081081081081081,8.23,28,0,0.0002,Low,High-Value Loyalists
U01602,3,0,0.0,10,10,0,1.0,4.85,33,0,0.0002,Low,Casual Browsers
U01603,18,2,48.63,21,13,6,0.6666666666666667,9.45,19,0,0.0002,Low,Casual Browsers
U01604,29,0,0.0,13,9,4,1.0,9.34,59,0,0.0003,Low,Casual Browsers
U01605,110,1,9.85,11,9,1,0.0,11.09,148,1,0.9995,High,Churned
U01606,19,0,0.0,10,10,0,1.0,6.02,49,0,0.0002,Low,Casual Browsers
U01607,42,2,40.19,27,24,1,0.0,7.26,104,1,0.9995,High,Churned
U01608,25,6,362.88,65,39,20,0.7,8.06,72,0,0.0012,Low,At-Risk Spenders
U01609,17,3,70.89,26,20,3,0.0,8.53,17,0,0.0002,Low,At-Risk Spenders
U01610,27,2,100.21,11,9,0,1.0,9.28,121,0,0.0008,Low,Casual Browsers
U01611,7,8,428.19,59,26,25,0.6799999999999999,8.01,29,0,0.0002,Low,At-Risk Spenders
U01612,20,12,764.49,54,21,21,0.4285714285714286,9.65,20,0,0.0002,Low,At-Risk Spenders
U01613,26,2,40.94,17,13,2,0.0,5.31,36,0,0.0003,Low,At-Risk Spenders
U01614,15,1,16.53,15,13,1,0.0,11.73,15,0,0.0002,Low,At-Risk Spenders
U01615,28,2,60.86,21,16,3,0.3333333333333333,7.44,60,0,0.0004,Low,At-Risk Spenders
U01616,7,0,0.0,9,8,1,1.0,5.86,37,0,0.0002,Low,Casual Browsers
U01617,22,1,22.77,15,11,3,0.6666666666666667,6.32,69,0,0.0005,Low,Casual Browsers
U01618,15,4,276.56,24,16,4,0.0,12.12,42,0,0.0003,Low,At-Risk Spenders
U01619,19,0,0.0,5,4,1,1.0,3.14,49,0,0.0002,Low,Casual Browsers
U01620,18,30,4603.24,88,12,46,0.3478260869565217,9.76,40,0,0.0006,Low,High-Value Loyalists
U01621,13,1,11.2,13,9,3,0.6666666666666667,5.65,22,0,0.0002,Low,Casual Browsers
U01622,103,6,191.17,23,16,1,0.0,9.04,103,1,0.9997,High,Churned
U01623,17,10,730.12,53,24,19,0.4736842105263158,8.07,50,0,0.0006,Low,At-Risk Spenders
U01624,19,10,759.66,79,45,24,0.5833333333333333,9.24,27,0,0.0002,Low,At-Risk Spenders
U01625,13,1,3.89,11,10,0,1.0,8.91,19,0,0.0002,Low,Casual Browsers
U01626,0,8,777.93,36,19,9,0.1111111111111111,10.3,1,0,0.0002,Low,At-Risk Spenders
U01627,4,4,287.16,27,18,5,0.1999999999999999,8.25,4,0,0.0002,Low,At-Risk Spenders
U01628,14,0,0.0,14,14,0,1.0,6.69,44,0,0.0002,Low,Casual Browsers
U01629,80,14,787.68,63,37,12,0.0,6.47,80,1,0.9998,High,Churned
U01630,14,2,89.95,26,20,4,0.5,9.25,14,0,0.0002,Low,At-Risk Spenders
U01631,25,1,27.74,10,9,0,1.0,11.2,134,0,0.0008,Low,Casual Browsers
U01632,0,7,521.22,50,23,20,0.65,7.13,16,0,0.0002,Low,At-Risk Spenders
U01633,12,0,0.0,7,6,1,1.0,11.29,42,0,0.0002,Low,Casual Browsers
U01634,17,5,416.7,62,30,27,0.8148148148148149,6.93,17,0,0.0002,Low,Casual Browsers
U01635,27,8,561.31,62,29,25,0.6799999999999999,7.05,44,0,0.0004,Low,At-Risk Spenders
U01636,11,1,22.66,28,26,1,0.0,9.14,147,0,0.0008,Low,At-Risk Spenders
U01637,17,14,1175.76,54,27,13,0.0,7.54,30,0,0.0002,Low,At-Risk Spenders
U01638,9,2,33.37,20,16,2,0.0,11.98,131,0,0.0008,Low,At-Risk Spenders
U01639,23,12,699.84,69,35,22,0.4545454545454546,9.61,32,0,0.0004,Low,At-Risk Spenders
U01640,6,0,0.0,3,3,0,1.0,4.97,36,0,0.0002,Low,Casual Browsers
U01641,8,0,0.0,13,10,3,1.0,5.87,38,0,0.0002,Low,Casual Browsers
U01642,25,3,83.05,11,5,3,0.0,7.44,58,0,0.0005,Low,At-Risk Spenders
U01643,9,0,0.0,26,23,3,1.0,7.53,39,0,0.0002,Low,Casual Browsers
U01644,6,51,7649.38,166,25,90,0.4333333333333333,8.27,7,0,0.0002,Low,High-Value Loyalists
U01645,33,0,0.0,4,3,1,1.0,6.5,63,1,0.9998,High,Churned
U01646,27,32,4511.93,122,25,65,0.5076923076923077,8.76,28,0,0.0002,Low,High-Value Loyalists
U01647,54,10,494.99,62,31,21,0.5238095238095238,9.48,55,1,0.9995,High,Churned
U01648,14,0,0.0,3,3,0,1.0,12.73,44,0,0.0002,Low,Casual Browsers
U01649,27,1,7.52,19,13,5,0.8,5.06,31,0,0.0002,Low,Casual Browsers
U01650,0,38,5136.27,126,19,69,0.4492753623188406,7.5,0,0,0.0002,Low,High-Value Loyalists
U01651,101,10,775.32,73,38,25,0.6,6.72,101,1,0.9997,High,Churned
U01652,17,2,46.47,16,13,1,0.0,8.34,17,0,0.0002,Low,At-Risk Spenders
U01653,22,13,833.44,66,29,24,0.4583333333333333,8.36,29,0,0.0002,Low,At-Risk Spenders
U01654,8,9,391.1,58,32,17,0.4705882352941176,10.01,15,0,0.0002,Low,At-Risk Spenders
U01655,49,50,6335.67,160,26,84,0.4047619047619047,8.19,49,1,0.9996,High,Churned
U01656,2,0,0.0,5,5,0,1.0,6.96,32,0,0.0002,Low,Casual Browsers
U01657,8,0,0.0,8,8,0,1.0,6.51,38,0,0.0002,Low,Casual Browsers
U01658,19,48,7122.43,172,31,93,0.4838709677419355,8.42,19,0,0.0002,Low,High-Value Loyalists
U01659,21,10,443.64,73,41,22,0.5454545454545454,9.48,48,0,0.0005,Low,At-Risk Spenders
U01660,23,13,852.83,46,18,15,0.1333333333333333,7.91,23,0,0.0002,Low,At-Risk Spenders
U01661,2,2,87.67,36,22,12,0.8333333333333334,7.96,40,0,0.0004,Low,Casual Browsers
U01662,26,55,7544.66,193,32,106,0.4811320754716981,7.69,26,0,0.0002,Low,High-Value Loyalists
U01663,7,0,0.0,11,11,0,1.0,5.63,37,0,0.0002,Low,Casual Browsers
U01664,26,0,0.0,9,8,1,1.0,6.82,56,0,0.0003,Low,Casual Browsers
U01665,22,1,12.94,25,23,1,0.0,10.54,102,0,0.0008,Low,At-Risk Spenders
U01666,3,3,99.9,23,17,3,0.0,6.15,15,0,0.0002,Low,At-Risk Spenders
U01667,3,0,0.0,7,6,1,1.0,7.49,33,0,0.0002,Low,Casual Browsers
U01668,13,0,0.0,20,17,3,1.0,7.12,43,0,0.0002,Low,Casual Browsers
U01669,84,0,0.0,8,7,1,1.0,10.28,114,1,0.9998,High,Churned
U01670,14,6,296.5,40,18,16,0.625,7.02,81,0,0.0014,Low,At-Risk Spenders
U01671,17,0,0.0,7,7,0,1.0,5.66,47,0,0.0002,Low,Casual Browsers
U01672,1,13,622.07,62,36,13,0.0,7.49,3,0,0.0002,Low,At-Risk Spenders
U01673,11,1,30.18,20,13,6,0.8333333333333334,9.35,179,0,0.0006,Low,Casual Browsers
U01674,11,8,422.13,56,27,21,0.6190476190476191,9.41,12,0,0.0002,Low,At-Risk Spenders
U01675,28,47,6385.86,140,25,68,0.3088235294117647,7.37,30,0,0.0002,Low,High-Value Loyalists
U01676,14,3,125.56,13,7,3,0.0,11.7,52,0,0.0005,Low,At-Risk Spenders
U01677,41,0,0.0,11,11,0,1.0,10.42,71,1,0.9998,High,Churned
U01678,12,0,0.0,10,9,1,1.0,6.46,42,0,0.0002,Low,Casual Browsers
U01679,14,8,481.18,42,19,15,0.4666666666666667,8.34,54,0,0.0007,Low,At-Risk Spenders
U01680,28,48,6349.58,157,25,84,0.4285714285714286,8.46,36,0,0.0006,Low,High-Value Loyalists
U01681,11,24,2828.52,115,24,67,0.6417910447761195,8.13,12,0,0.0002,Low,High-Value Loyalists
U01682,14,5,317.1,62,35,22,0.7727272727272727,7.42,15,0,0.0002,Low,Casual Browsers
U01683,5,10,622.89,71,42,19,0.4736842105263158,9.18,13,0,0.0002,Low,At-Risk Spenders
U01684,0,0,0.0,11,10,1,1.0,10.64,30,0,0.0002,Low,Casual Browsers
U01685,76,46,6625.0,145,27,72,0.3611111111111111,8.47,76,1,0.9998,High,Churned
U01686,26,0,0.0,9,9,0,1.0,6.67,56,0,0.0003,Low,Casual Browsers
U01687,21,1,24.12,19,15,3,0.6666666666666667,9.71,121,0,0.0008,Low,Casual Browsers
U01688,29,2,58.75,11,6,3,0.3333333333333333,6.86,66,0,0.0005,Low,At-Risk Spenders
U01689,18,3,85.93,15,8,4,0.25,5.07,70,0,0.0004,Low,At-Risk Spenders
U01690,25,0,0.0,11,11,0,1.0,8.03,55,0,0.0003,Low,Casual Browsers
U01691,17,0,0.0,12,11,1,1.0,6.39,47,0,0.0002,Low,Casual Browsers
U01692,22,16,1320.38,68,31,21,0.2380952380952381,8.54,22,0,0.0002,Low,At-Risk Spenders
U01693,29,2,50.32,22,15,5,0.6,7.08,52,0,0.0005,Low,Casual Browsers
U01694,105,48,6545.78,140,28,64,0.25,9.13,105,1,0.9998,High,Churned
U01695,13,12,733.97,59,27,20,0.4,8.37,26,0,0.0002,Low,At-Risk Spenders
U01696,106,14,690.11,68,31,23,0.3913043478260869,8.67,106,1,0.9997,High,Churned
U01697,58,0,0.0,9,9,0,1.0,8.64,88,1,0.9998,High,Churned
U01698,110,1,40.66,23,19,3,0.6666666666666667,8.2,165,1,0.9995,High,Churned
U01699,22,3,126.4,20,16,1,0.0,12.22,61,0,0.0005,Low,At-Risk Spenders
U01700,1,9,556.93,70,41,20,0.55,7.0,23,0,0.0002,Low,At-Risk Spenders
U01701,29,9,624.26,63,38,16,0.4375,8.0,49,0,0.0006,Low,At-Risk Spenders
U01702,29,3,352.4,40,26,11,0.7272727272727273,8.82,40,0,0.0004,Low,Casual Browsers
U01703,0,14,791.21,67,32,21,0.3333333333333333,8.82,2,0,0.0002,Low,At-Risk Spenders
U01704,29,12,1003.62,68,42,14,0.1428571428571429,8.4,58,0,0.0009,Low,At-Risk Spenders
U01705,0,7,417.5,32,16,9,0.2222222222222222,7.33,4,0,0.0002,Low,At-Risk Spenders
U01706,80,2,208.2,20,17,1,0.0,6.36,99,1,0.9996,High,Churned
U01707,25,7,629.21,51,24,20,0.65,7.47,33,0,0.0003,Low,At-Risk Spenders
U01708,29,12,660.74,62,25,25,0.52,8.76,30,0,0.0002,Low,At-Risk Spenders
U01709,29,0,0.0,14,14,0,1.0,5.33,59,0,0.0002,Low,Casual Browsers
U01710,17,4,206.8,30,12,14,0.7142857142857143,7.09,88,0,0.001,Low,Casual Browsers
U01711,16,16,1211.76,66,29,21,0.2380952380952381,8.97,16,0,0.0002,Low,At-Risk Spenders
U01712,102,0,0.0,4,4,0,1.0,14.42,132,1,0.9998,High,Churned
U01713,25,0,0.0,13,13,0,1.0,5.85,55,0,0.0003,Low,Casual Browsers
U01714,6,1,25.47,14,11,2,0.5,8.79,169,0,0.0008,Low,At-Risk Spenders
U01715,97,8,599.54,39,14,17,0.5294117647058824,8.36,97,1,0.9997,High,Churned
U01716,9,7,417.2,63,32,24,0.7083333333333333,6.84,28,0,0.0002,Low,At-Risk Spenders
U01717,68,1,12.36,11,9,1,0.0,5.93,120,1,0.9995,High,Churned
U01718,21,44,6615.65,136,19,73,0.3972602739726028,9.14,21,0,0.0002,Low,High-Value Loyalists
U01719,19,5,204.11,30,14,11,0.5454545454545454,7.03,20,0,0.0002,Low,At-Risk Spenders
U01720,0,0,0.0,8,7,1,1.0,11.16,30,0,0.0002,Low,Casual Browsers
U01721,82,0,0.0,6,6,0,1.0,6.6,112,1,0.9998,High,Churned
U01722,74,1,20.69,29,26,2,0.5,7.19,131,1,0.9995,High,Churned
U01723,9,1,23.42,13,9,3,0.6666666666666667,6.52,31,0,0.0003,Low,Casual Browsers
U01724,91,7,334.58,35,17,11,0.3636363636363636,7.52,104,1,0.9997,High,Churned
U01725,3,8,672.38,55,26,21,0.6190476190476191,8.3,23,0,0.0002,Low,At-Risk Spenders
U01726,32,9,557.55,52,28,15,0.4,7.84,32,1,0.9989,High,Churned
U01727,27,1,22.58,11,8,2,0.5,5.6,39,0,0.0003,Low,At-Risk Spenders
U01728,24,0,0.0,4,4,0,1.0,6.2,54,0,0.0002,Low,Casual Browsers
U01729,15,1,5.68,12,6,5,0.8,6.87,159,0,0.0008,Low,Casual Browsers
U01730,8,1,31.57,10,8,1,0.0,9.78,31,0,0.0002,Low,At-Risk Spenders
U01731,27,2,44.91,21,17,2,0.0,7.46,68,0,0.0004,Low,At-Risk Spenders
U01732,29,0,0.0,15,14,1,1.0,6.59,59,0,0.0003,Low,Casual Browsers
U01733,25,0,0.0,16,11,5,1.0,7.18,55,0,0.0003,Low,Casual Browsers
U01734,18,1,34.44,28,23,4,0.75,10.83,112,0,0.0008,Low,Casual Browsers
U01735,60,5,347.09,32,12,15,0.6666666666666667,6.37,83,1,0.9997,High,Churned
U01736,20,6,452.96,37,19,12,0.5,8.17,51,0,0.0007,Low,At-Risk Spenders
U01737,25,0,0.0,9,9,0,1.0,10.0,55,0,0.0003,Low,Casual Browsers
U01738,3,2,35.94,12,10,0,1.0,12.97,3,0,0.0002,Low,Casual Browsers
U01739,1,1,36.17,13,9,3,0.6666666666666667,7.65,27,0,0.0002,Low,Casual Browsers
U01740,3,2,57.66,15,10,3,0.3333333333333333,7.11,48,0,0.0004,Low,At-Risk Spenders
U01741,4,2,101.36,14,9,3,0.3333333333333333,6.83,91,0,0.0009,Low,At-Risk Spenders
U01742,10,2,50.45,29,21,6,0.6666666666666667,9.25,78,0,0.0008,Low,Casual Browsers
U01743,2,7,479.57,52,30,15,0.5333333333333333,8.71,13,0,0.0002,Low,At-Risk Spenders
U01744,96,38,5389.24,138,27,73,0.4794520547945206,9.19,96,1,0.9998,High,Churned
U01745,29,0,0.0,10,8,2,1.0,6.17,59,0,0.0003,Low,Casual Browsers
U01746,13,1,15.76,14,10,3,0.6666666666666667,8.84,13,0,0.0002,Low,Casual Browsers
U01747,97,0,0.0,5,5,0,1.0,9.6,127,1,0.9998,High,Churned
U01748,27,15,912.44,78,37,26,0.4230769230769231,8.25,47,0,0.0007,Low,At-Risk Spenders
U01749,16,1,13.69,4,3,0,1.0,5.82,16,0,0.0002,Low,Casual Browsers
U01750,67,47,6983.65,169,23,99,0.5252525252525253,8.63,67,1,0.9998,High,Churned
U01751,10,0,0.0,8,7,1,1.0,5.94,40,0,0.0002,Low,Casual Browsers
U01752,23,48,6118.52,175,22,105,0.5428571428571429,7.63,38,0,0.0006,Low,High-Value Loyalists
U01753,106,8,425.36,36,21,7,0.0,7.91,108,1,0.9997,High,Churned
U01754,2,1,34.01,8,7,0,1.0,11.19,59,0,0.0004,Low,Casual Browsers
U01755,25,3,159.56,29,23,3,0.0,11.87,68,0,0.0005,Low,At-Risk Spenders
U01756,9,5,272.59,43,25,13,0.6153846153846154,8.88,37,0,0.0004,Low,At-Risk Spenders
U01757,3,4,274.49,11,6,1,0.0,7.72,6,0,0.0002,Low,At-Risk Spenders
U01758,29,0,0.0,6,6,0,1.0,7.67,59,0,0.0003,Low,Casual Browsers
U01759,49,5,179.78,36,19,12,0.5833333333333333,9.16,57,1,0.9995,High,Churned
U01760,23,10,576.06,78,39,29,0.6551724137931034,7.07,34,0,0.0004,Low,At-Risk Spenders
U01761,18,0,0.0,4,4,0,1.0,4.35,48,0,0.0002,Low,Casual Browsers
U01762,12,0,0.0,12,12,0,1.0,5.88,42,0,0.0002,Low,Casual Browsers
U01763,67,6,468.16,37,23,8,0.25,7.89,70,1,0.9997,High,Churned
U01764,6,3,91.98,25,19,3,0.0,7.28,66,0,0.0004,Low,At-Risk Spenders
U01765,23,5,192.45,31,18,8,0.375,7.68,68,0,0.0012,Low,At-Risk Spenders
U01766,26,0,0.0,10,8,2,1.0,6.74,56,0,0.0003,Low,Casual Browsers
U01767,13,0,0.0,12,11,1,1.0,6.98,43,0,0.0002,Low,Casual Browsers
U01768,4,8,393.32,50,27,15,0.4666666666666667,6.0,53,0,0.0007,Low,At-Risk Spenders
U01769,23,2,36.44,22,19,1,0.0,4.78,156,0,0.0007,Low,At-Risk Spenders
U01770,14,51,7617.75,126,10,65,0.2153846153846154,7.74,14,0,0.0002,Low,High-Value Loyalists
U01771,11,3,94.94,22,18,1,0.0,9.63,24,0,0.0002,Low,At-Risk Spenders
U01772,17,11,445.72,71,40,20,0.4499999999999999,8.42,24,0,0.0002,Low,At-Risk Spenders
U01773,0,0,0.0,7,7,0,1.0,5.77,30,0,0.0002,Low,Casual Browsers
U01774,26,1,36.26,18,13,4,0.75,6.77,33,0,0.0003,Low,Casual Browsers
U01775,5,17,1055.43,65,33,15,0.0,6.99,26,0,0.0002,Low,At-Risk Spenders
U01776,4,34,4324.07,111,16,61,0.4426229508196722,7.22,15,0,0.0002,Low,High-Value Loyalists
U01777,19,0,0.0,10,8,2,1.0,4.59,49,0,0.0002,Low,Casual Browsers
U01778,21,39,5385.6,128,27,62,0.3709677419354839,7.78,25,0,0.0002,Low,High-Value Loyalists
U01779,4,0,0.0,8,8,0,1.0,8.16,34,0,0.0002,Low,Casual Browsers
U01780,3,0,0.0,6,6,0,1.0,14.9,33,0,0.0002,Low,Casual Browsers
U01781,86,5,142.25,27,17,5,0.0,6.71,86,1,0.9997,High,Churned
U01782,19,3,110.69,29,20,6,0.5,7.27,26,0,0.0002,Low,At-Risk Spenders
U01783,12,1,30.77,6,5,0,1.0,6.37,12,0,0.0002,Low,Casual Browsers
U01784,20,9,489.42,58,29,20,0.55,9.85,20,0,0.0002,Low,At-Risk Spenders
U01785,17,5,343.29,38,26,7,0.2857142857142857,6.44,45,0,0.0004,Low,At-Risk Spenders
U01786,14,0,0.0,12,12,0,1.0,8.65,44,0,0.0002,Low,Casual Browsers
U01787,0,7,373.16,52,25,20,0.65,7.28,0,0,0.0002,Low,At-Risk Spenders
U01788,0,0,0.0,7,7,0,1.0,11.39,30,0,0.0002,Low,Casual Browsers
U01789,110,39,4821.64,126,21,66,0.409090909090909,8.43,115,1,0.9998,High,Churned
U01790,14,1,42.21,14,12,1,0.0,9.52,31,0,0.0002,Low,At-Risk Spenders
U01791,7,0,0.0,5,5,0,1.0,16.82,37,0,0.0002,Low,Casual Browsers
U01792,22,0,0.0,11,8,3,1.0,5.82,52,0,0.0002,Low,Casual Browsers
U01793,29,3,199.57,41,19,19,0.8421052631578947,7.59,43,0,0.0004,Low,Casual Browsers
U01794,17,14,934.87,46,22,10,0.0,9.42,20,0,0.0002,Low,At-Risk Spenders
U01795,111,6,432.81,42,19,17,0.6470588235294117,7.76,118,1,0.9997,High,Churned
U01796,62,4,132.46,29,24,1,0.0,7.97,62,1,0.9996,High,Churned
U01797,13,0,0.0,24,22,2,1.0,9.38,43,0,0.0002,Low,Casual Browsers
U01798,52,2,66.57,25,19,4,0.5,7.19,150,1,0.9995,High,Churned
U01799,81,4,212.12,19,13,2,0.0,7.72,85,1,0.9997,High,Churned
U01800,67,15,975.95,66,30,21,0.2857142857142857,8.07,86,1,0.9998,High,Churned
U01801,25,38,5990.48,112,18,56,0.3214285714285714,7.44,25,0,0.0002,Low,High-Value Loyalists
U01802,13,14,1010.74,67,34,19,0.2631578947368421,8.67,24,0,0.0002,Low,At-Risk Spenders
U01803,20,0,0.0,13,11,2,1.0,7.78,50,0,0.0002,Low,Casual Browsers
U01804,26,0,0.0,15,11,4,1.0,9.39,56,0,0.0003,Low,Casual Browsers
U01805,28,38,4468.48,150,22,90,0.5777777777777777,8.63,31,0,0.0003,Low,High-Value Loyalists
U01806,2,2,46.54,19,13,4,0.5,8.16,160,0,0.0008,Low,At-Risk Spenders
U01807,1,12,849.96,51,25,14,0.1428571428571429,9.78,1,0,0.0002,Low,At-Risk Spenders
U01808,10,14,617.21,69,34,21,0.3333333333333333,6.52,14,0,0.0002,Low,At-Risk Spenders
U01809,27,12,905.69,70,31,27,0.5555555555555556,7.9,30,0,0.0002,Low,At-Risk Spenders
U01810,38,0,0.0,8,8,0,1.0,7.08,68,1,0.9998,High,Churned
U01811,10,0,0.0,3,3,0,1.0,10.8,40,0,0.0002,Low,Casual Browsers
U01812,9,0,0.0,11,11,0,1.0,9.28,39,0,0.0002,Low,Casual Browsers
U01813,16,2,142.64,13,9,2,0.0,9.22,21,0,0.0002,Low,At-Risk Spenders
U01814,75,1,35.69,10,8,1,0.0,10.36,105,1,0.9995,High,Churned
U01815,70,15,802.84,72,28,29,0.4827586206896551,7.96,70,1,0.9997,High,Churned
U01816,6,7,347.32,40,15,18,0.6111111111111112,5.9,15,0,0.0002,Low,At-Risk Spenders
U01817,29,8,744.31,36,19,9,0.1111111111111111,8.29,73,0,0.0015,Low,At-Risk Spenders
U01818,20,5,268.52,33,15,13,0.6153846153846154,7.63,21,0,0.0002,Low,At-Risk Spenders
U01819,19,0,0.0,11,11,0,1.0,5.77,49,0,0.0002,Low,Casual Browsers
U01820,15,9,595.18,32,16,7,0.0,5.67,16,0,0.0002,Low,At-Risk Spenders
U01821,1,53,7484.96,192,37,102,0.480392156862745,8.73,1,0,0.0002,Low,High-Value Loyalists
U01822,35,1,62.74,24,21,2,0.5,6.12,56,1,0.9993,High,Churned
U01823,0,40,5543.4,118,19,59,0.3220338983050848,6.92,0,0,0.0002,Low,High-Value Loyalists
U01824,13,59,7721.98,183,29,95,0.3789473684210526,7.4,16,0,0.0002,Low,High-Value Loyalists
U01825,9,10,763.42,56,28,18,0.4444444444444444,9.06,9,0,0.0002,Low,At-Risk Spenders
U01826,7,0,0.0,12,11,1,1.0,7.59,37,0,0.0002,Low,Casual Browsers
U01827,76,0,0.0,15,14,1,1.0,7.57,106,1,0.9998,High,Churned
U01828,25,54,7455.55,189,29,106,0.490566037735849,7.83,25,0,0.0002,Low,High-Value Loyalists
U01829,10,0,0.0,11,11,0,1.0,6.35,40,0,0.0002,Low,Casual Browsers
U01830,18,2,23.37,27,20,5,0.6,5.5,19,0,0.0002,Low,At-Risk Spenders
U01831,19,0,0.0,9,8,1,1.0,5.32,49,0,0.0002,Low,Casual Browsers
U01832,7,1,43.86,27,23,3,0.6666666666666667,8.76,7,0,0.0002,Low,Casual Browsers
U01833,14,15,1104.72,78,37,26,0.4230769230769231,8.47,16,0,0.0002,Low,At-Risk Spenders
U01834,19,1,26.87,6,5,0,1.0,7.88,24,0,0.0002,Low,Casual Browsers
U01835,24,2,82.92,27,22,3,0.3333333333333333,11.56,82,0,0.0007,Low,At-Risk Spenders
U01836,17,10,517.52,42,20,12,0.1666666666666666,7.3,40,0,0.0005,Low,At-Risk Spenders
U01837,108,0,0.0,10,10,0,1.0,11.74,138,1,0.9998,High,Churned
U01838,16,10,888.22,52,29,13,0.2307692307692307,7.42,16,0,0.0002,Low,At-Risk Spenders
U01839,1,0,0.0,13,13,0,1.0,8.48,31,0,0.0002,Low,Casual Browsers
U01840,6,1,30.09,19,17,1,0.0,8.99,158,0,0.0008,Low,At-Risk Spenders
U01841,1,33,5352.89,107,15,59,0.4406779661016949,8.11,1,0,0.0002,Low,High-Value Loyalists
U01842,16,1,47.66,29,24,4,0.75,7.11,74,0,0.0005,Low,Casual Browsers
U01843,17,4,86.51,19,13,2,0.0,10.88,74,0,0.0009,Low,At-Risk Spenders
U01844,14,1,27.81,19,14,4,0.75,6.19,65,0,0.0005,Low,Casual Browsers
U01845,29,55,8382.31,149,21,73,0.2465753424657534,8.12,41,0,0.0007,Low,High-Value Loyalists
U01846,10,1,25.23,26,21,4,0.75,6.95,24,0,0.0002,Low,Casual Browsers
U01847,102,2,117.83,17,11,4,0.5,11.99,129,1,0.9996,High,Churned
U01848,8,48,7315.86,190,33,109,0.5596330275229358,8.35,13,0,0.0002,Low,High-Value Loyalists
U01849,4,11,789.78,45,22,12,0.0833333333333333,11.28,6,0,0.0002,Low,At-Risk Spenders
U01850,26,31,4399.7,107,16,60,0.4833333333333333,7.49,26,0,0.0002,Low,High-Value Loyalists
U01851,22,26,3529.06,110,20,64,0.59375,7.16,47,0,0.0008,Low,High-Value Loyalists
U01852,26,0,0.0,3,3,0,1.0,8.77,56,0,0.0003,Low,Casual Browsers
U01853,29,4,121.42,24,19,1,0.0,6.36,48,0,0.0004,Low,At-Risk Spenders
U01854,23,13,907.26,54,32,9,0.0,6.58,24,0,0.0002,Low,At-Risk Spenders
U01855,13,10,606.64,60,31,19,0.4736842105263158,8.48,13,0,0.0002,Low,At-Risk Spenders
U01856,0,9,527.62,71,34,28,0.6785714285714286,7.41,39,0,0.0004,Low,At-Risk Spenders
U01857,0,3,67.18,28,21,4,0.25,7.9,15,0,0.0002,Low,At-Risk Spenders
U01858,17,3,103.16,28,23,2,0.0,8.18,67,0,0.0005,Low,At-Risk Spenders
U01859,17,0,0.0,6,5,1,1.0,11.28,47,0,0.0002,Low,Casual Browsers
U01860,26,2,97.1,26,23,1,0.0,8.35,52,0,0.0005,Low,At-Risk Spenders
U01861,17,2,67.41,28,23,3,0.3333333333333333,9.29,49,0,0.0004,Low,At-Risk Spenders
U01862,8,8,404.84,49,20,21,0.6190476190476191,10.81,23,0,0.0002,Low,At-Risk Spenders
U01863,17,1,20.32,12,9,2,0.5,8.85,48,0,0.0004,Low,At-Risk Spenders
U01864,20,1,49.46,17,15,1,0.0,7.54,93,0,0.0008,Low,At-Risk Spenders
U01865,12,0,0.0,6,6,0,1.0,7.33,42,0,0.0002,Low,Casual Browsers
U01866,22,14,734.89,57,27,16,0.125,7.07,26,0,0.0002,Low,At-Risk Spenders
U01867,83,0,0.0,16,13,3,1.0,10.55,113,1,0.9998,High,Churned
U01868,20,0,0.0,14,12,2,1.0,7.49,50,0,0.0002,Low,Casual Browsers
U01869,56,3,126.37,19,13,3,0.0,9.85,76,1,0.9995,High,Churned
U01870,20,1,48.4,11,8,2,0.5,4.42,129,0,0.0007,Low,At-Risk Spenders
U01871,20,8,654.52,38,17,13,0.3846153846153846,9.83,44,0,0.0005,Low,At-Risk Spenders
U01872,29,9,612.14,41,18,14,0.3571428571428571,5.86,37,0,0.0005,Low,At-Risk Spenders
U01873,28,0,0.0,4,4,0,1.0,9.02,58,0,0.0003,Low,Casual Browsers
U01874,12,11,659.71,40,18,11,0.0,7.64,13,0,0.0002,Low,At-Risk Spenders
U01875,25,1,30.24,20,13,6,0.8333333333333334,10.05,25,0,0.0002,Low,Casual Browsers
U01876,28,5,394.94,43,30,8,0.375,6.35,58,0,0.0007,Low,At-Risk Spenders
U01877,11,5,305.87,36,22,9,0.4444444444444444,7.82,39,0,0.0004,Low,At-Risk Spenders
U01878,23,1,14.71,24,22,1,0.0,5.14,121,0,0.0007,Low,At-Risk Spenders
U01879,28,1,24.92,22,19,2,0.5,5.53,105,0,0.0008,Low,At-Risk Spenders
U01880,16,2,32.11,27,23,2,0.0,6.16,98,0,0.0007,Low,At-Risk Spenders
U01881,21,0,0.0,10,10,0,1.0,6.34,51,0,0.0002,Low,Casual Browsers
U01882,16,0,0.0,3,3,0,1.0,17.7,46,0,0.0002,Low,Casual Browsers
U01883,6,4,171.98,23,15,4,0.0,9.28,6,0,0.0002,Low,At-Risk Spenders
U01884,17,0,0.0,4,4,0,1.0,12.6,47,0,0.0002,Low,Casual Browsers
U01885,18,0,0.0,7,6,1,1.0,4.94,48,0,0.0002,Low,Casual Browsers
U01886,10,1,33.91,10,9,0,1.0,13.38,162,0,0.0008,Low,Casual Browsers
U01887,80,0,0.0,6,6,0,1.0,8.03,110,1,0.9998,High,Churned
U01888,17,9,625.3,66,34,23,0.6086956521739131,8.78,20,0,0.0002,Low,At-Risk Spenders
U01889,9,53,7596.96,177,28,96,0.4479166666666666,6.76,13,0,0.0002,Low,High-Value Loyalists
U01890,6,16,844.12,43,16,11,0.0,7.64,6,0,0.0002,Low,At-Risk Spenders
U01891,92,15,705.35,62,25,22,0.3181818181818182,9.29,92,1,0.9998,High,Churned
U01892,11,13,751.65,74,36,25,0.48,6.48,14,0,0.0002,Low,At-Risk Spenders
U01893,3,11,695.93,54,27,16,0.3125,8.59,10,0,0.0002,Low,At-Risk Spenders
U01894,18,7,422.44,48,25,16,0.5625,8.39,38,0,0.0004,Low,At-Risk Spenders
U01895,24,4,227.74,35,17,14,0.7142857142857143,9.48,30,0,0.0002,Low,Casual Browsers
U01896,29,7,465.47,71,42,22,0.6818181818181819,8.74,65,0,0.0009,Low,At-Risk Spenders
U01897,22,15,900.72,66,32,19,0.2105263157894736,7.53,25,0,0.0002,Low,At-Risk Spenders
U01898,13,0,0.0,4,4,0,1.0,3.45,43,0,0.0002,Low,Casual Browsers
U01899,19,0,0.0,12,12,0,1.0,6.68,49,0,0.0002,Low,Casual Browsers
U01900,4,11,537.74,65,37,17,0.3529411764705882,7.22,35,0,0.0005,Low,At-Risk Spenders
U01901,15,0,0.0,16,15,1,1.0,11.92,45,0,0.0002,Low,Casual Browsers
U01902,39,0,0.0,6,5,1,1.0,3.42,69,1,0.9998,High,Churned
U01903,18,35,4902.79,141,20,86,0.5930232558139534,8.98,18,0,0.0002,Low,High-Value Loyalists
U01904,109,0,0.0,29,25,4,1.0,8.78,139,1,0.9998,High,Churned
U01905,22,0,0.0,11,11,0,1.0,6.61,52,0,0.0002,Low,Casual Browsers
U01906,1,12,696.11,62,29,21,0.4285714285714286,9.13,33,0,0.0004,Low,At-Risk Spenders
U01907,13,5,303.19,37,22,10,0.5,8.02,32,0,0.0003,Low,At-Risk Spenders
U01908,25,1,38.1,22,18,3,0.6666666666666667,7.78,109,0,0.0008,Low,Casual Browsers
U01909,10,0,0.0,5,4,1,1.0,4.82,40,0,0.0002,Low,Casual Browsers
U01910,54,0,0.0,13,12,1,1.0,8.38,84,1,0.9998,High,Churned
U01911,6,0,0.0,3,3,0,1.0,2.67,36,0,0.0002,Low,Casual Browsers
U01912,13,0,0.0,6,6,0,1.0,17.4,43,0,0.0002,Low,Casual Browsers
U01913,29,1,42.1,12,8,3,0.6666666666666667,9.35,29,0,0.0002,Low,Casual Browsers
U01914,2,0,0.0,21,18,3,1.0,12.47,32,0,0.0002,Low,Casual Browsers
U01915,18,4,396.55,32,18,10,0.6,9.28,57,0,0.0008,Low,At-Risk Spenders
U01916,20,8,462.01,67,34,25,0.6799999999999999,8.27,27,0,0.0002,Low,At-Risk Spenders
U01917,24,20,1071.92,76,31,25,0.1999999999999999,7.67,34,0,0.0005,Low,At-Risk Spenders
U01918,15,6,286.75,41,20,15,0.6,7.21,20,0,0.0002,Low,At-Risk Spenders
U01919,14,7,590.47,51,31,13,0.4615384615384615,7.06,33,0,0.0004,Low,At-Risk Spenders
U01920,28,4,122.31,16,7,5,0.1999999999999999,6.08,48,0,0.0004,Low,At-Risk Spenders
U01921,23,7,582.79,41,16,18,0.6111111111111112,8.73,23,0,0.0002,Low,At-Risk Spenders
U01922,100,7,402.53,48,21,20,0.65,8.48,100,1,0.9997,High,Churned
U01923,11,0,0.0,13,12,1,1.0,5.32,41,0,0.0002,Low,Casual Browsers
U01924,19,1,13.02,14,13,0,1.0,12.01,19,0,0.0002,Low,Casual Browsers
U01925,29,0,0.0,13,12,1,1.0,8.63,59,0,0.0003,Low,Casual Browsers
U01926,52,0,0.0,3,2,1,1.0,4.13,82,1,0.9998,High,Churned
U01927,21,4,156.97,19,14,1,0.0,5.29,41,0,0.0003,Low,At-Risk Spenders
U01928,20,1,20.16,15,11,3,0.6666666666666667,9.92,103,0,0.0008,Low,Casual Browsers
U01929,23,39,5851.82,113,18,56,0.3035714285714286,7.65,23,0,0.0002,Low,High-Value Loyalists
U01930,41,0,0.0,11,10,1,1.0,7.13,71,1,0.9998,High,Churned
U01931,25,15,1154.93,79,26,38,0.6052631578947368,7.49,25,0,0.0002,Low,At-Risk Spenders
U01932,26,0,0.0,5,5,0,1.0,6.94,56,0,0.0003,Low,Casual Browsers
U01933,24,3,78.48,28,22,3,0.0,8.73,32,0,0.0003,Low,At-Risk Spenders
U01934,13,0,0.0,13,13,0,1.0,6.93,43,0,0.0002,Low,Casual Browsers
U01935,9,36,5199.84,98,12,50,0.28,6.26,10,0,0.0002,Low,High-Value Loyalists
U01936,13,35,5107.68,130,17,78,0.5512820512820513,8.45,13,0,0.0002,Low,High-Value Loyalists
U01937,8,0,0.0,6,5,1,1.0,8.48,38,0,0.0002,Low,Casual Browsers
U01938,4,12,562.26,59,32,15,0.1999999999999999,8.31,4,0,0.0002,Low,At-Risk Spenders
U01939,15,12,975.36,52,29,11,0.0,6.43,24,0,0.0002,Low,At-Risk Spenders
U01940,78,13,780.29,55,24,18,0.2777777777777778,6.96,78,1,0.9997,High,Churned
U01941,95,7,520.94,34,16,11,0.3636363636363636,6.61,96,1,0.9997,High,Churned
U01942,8,16,970.74,76,33,27,0.4074074074074074,7.41,8,0,0.0002,Low,At-Risk Spenders
U01943,1,9,494.77,55,33,13,0.3076923076923077,9.38,1,0,0.0002,Low,At-Risk Spenders
U01944,25,4,230.41,44,21,19,0.7894736842105263,8.58,120,0,0.0011,Low,Casual Browsers
U01945,4,2,122.41,15,11,2,0.0,3.51,12,0,0.0002,Low,At-Risk Spenders
U01946,20,19,2844.7,85,16,50,0.62,9.63,20,0,0.0002,Low,At-Risk Spenders
U01947,19,1,38.16,16,13,2,0.5,4.26,148,0,0.0007,Low,At-Risk Spenders
U01948,80,1,18.92,15,11,3,0.6666666666666667,7.23,112,1,0.9995,High,Churned
U01949,14,1,30.16,28,23,4,0.75,7.88,34,0,0.0003,Low,Casual Browsers
U01950,11,39,5877.99,113,13,61,0.360655737704918,7.37,14,0,0.0002,Low,High-Value Loyalists
U01951,84,0,0.0,7,7,0,1.0,3.86,114,1,0.9998,High,Churned
U01952,14,1,51.14,28,24,3,0.6666666666666667,6.25,144,0,0.0008,Low,Casual Browsers
U01953,8,0,0.0,15,11,4,1.0,7.69,38,0,0.0002,Low,Casual Browsers
U01954,21,0,0.0,9,9,0,1.0,8.84,51,0,0.0002,Low,Casual Browsers
U01955,9,10,457.05,56,31,15,0.3333333333333333,7.06,36,0,0.0005,Low,At-Risk Spenders
U01956,24,3,157.11,21,16,2,0.0,7.27,60,0,0.0005,Low,At-Risk Spenders
U01957,2,53,6936.25,162,25,84,0.369047619047619,8.78,5,0,0.0002,Low,High-Value Loyalists
U01958,27,1,64.93,25,21,3,0.6666666666666667,10.77,179,0,0.0006,Low,Casual Browsers
U01959,24,2,75.01,13,9,2,0.0,8.69,69,0,0.0004,Low,At-Risk Spenders
U01960,3,3,98.14,19,13,3,0.0,9.83,9,0,0.0002,Low,At-Risk Spenders
U01961,55,6,542.99,40,21,13,0.5384615384615384,7.09,64,1,0.9997,High,Churned
U01962,1,0,0.0,5,5,0,1.0,11.24,31,0,0.0002,Low,Casual Browsers
U01963,6,5,195.63,27,20,2,0.0,9.41,6,0,0.0002,Low,At-Risk Spenders
U01964,16,1,31.95,10,9,0,1.0,10.57,118,0,0.0007,Low,Casual Browsers
U01965,1,0,0.0,10,8,2,1.0,6.61,31,0,0.0002,Low,Casual Browsers
U01966,25,3,44.45,12,8,1,0.0,8.62,29,0,0.0002,Low,At-Risk Spenders
U01967,21,2,45.4,16,14,0,1.0,9.33,34,0,0.0003,Low,Casual Browsers
U01968,18,21,2788.17,80,13,46,0.5434782608695652,7.59,19,0,0.0002,Low,At-Risk Spenders
U01969,5,10,593.63,59,29,20,0.5,9.91,23,0,0.0002,Low,At-Risk Spenders
U01970,100,45,6964.45,121,19,57,0.2105263157894736,7.52,100,1,0.9998,High,Churned
U01971,83,10,763.27,44,21,13,0.2307692307692307,4.65,87,1,0.9997,High,Churned
U01972,6,1,27.39,24,20,3,0.6666666666666667,5.99,156,0,0.0008,Low,Casual Browsers
U01973,13,1,6.07,12,8,3,0.6666666666666667,8.87,21,0,0.0002,Low,Casual Browsers
U01974,11,4,587.11,49,26,19,0.7894736842105263,8.0,23,0,0.0002,Low,Casual Browsers
U01975,1,56,8147.01,153,23,74,0.2432432432432432,8.14,5,0,0.0002,Low,High-Value Loyalists
U01976,27,1,41.42,29,26,2,0.5,9.59,112,0,0.0008,Low,At-Risk Spenders
U01977,29,0,0.0,13,12,1,1.0,6.32,59,0,0.0003,Low,Casual Browsers
U01978,14,1,10.02,29,25,3,0.6666666666666667,6.44,175,0,0.0006,Low,Casual Browsers
U01979,25,6,348.28,35,21,8,0.25,8.78,26,0,0.0002,Low,At-Risk Spenders
U01980,19,4,86.63,22,14,4,0.0,7.14,58,0,0.0005,Low,At-Risk Spenders
U01981,14,0,0.0,9,9,0,1.0,5.19,44,0,0.0002,Low,Casual Browsers
U01982,24,0,0.0,14,13,1,1.0,6.64,54,0,0.0002,Low,Casual Browsers
U01983,21,11,906.09,57,27,19,0.4210526315789473,6.88,22,0,0.0002,Low,At-Risk Spenders
U01984,1,0,0.0,13,13,0,1.0,6.58,31,0,0.0002,Low,Casual Browsers
U01985,68,51,7961.57,188,32,105,0.5142857142857142,7.74,73,1,0.9997,High,Churned
U01986,65,9,539.93,47,25,13,0.3076923076923077,6.94,86,1,0.9997,High,Churned
U01987,15,3,145.02,20,14,3,0.0,7.61,15,0,0.0002,Low,At-Risk Spenders
U01988,22,10,554.45,58,32,16,0.375,8.23,22,0,0.0002,Low,At-Risk Spenders
U01989,28,15,1041.75,64,25,24,0.375,7.64,29,0,0.0002,Low,At-Risk Spenders
U01990,19,11,875.92,73,44,18,0.3888888888888888,7.24,61,0,0.0011,Low,At-Risk Spenders
U01991,9,6,376.57,70,43,21,0.7142857142857143,7.56,12,0,0.0002,Low,At-Risk Spenders
U01992,7,5,274.05,50,29,16,0.6875,6.22,14,0,0.0002,Low,At-Risk Spenders
U01993,1,11,797.3,41,20,10,0.0,8.27,1,0,0.0002,Low,At-Risk Spenders
U01994,75,2,64.81,17,13,2,0.0,7.71,75,1,0.9992,High,Churned
U01995,6,24,1868.33,79,33,22,0.0,10.32,10,0,0.0002,Low,At-Risk Spenders
U01996,7,12,651.12,58,30,16,0.25,8.69,7,0,0.0002,Low,At-Risk Spenders
U01997,22,5,213.71,41,20,16,0.6875,7.68,26,0,0.0002,Low,Casual Browsers
U01998,37,0,0.0,8,8,0,1.0,9.93,67,1,0.9998,High,Churned
U01999,49,6,287.15,38,21,11,0.4545454545454546,7.47,49,1,0.9993,High,Churned
U02000,14,0,0.0,23,19,4,1.0,9.07,44,0,0.0002,Low,Casual Browsers
U02001,27,42,5637.02,168,26,100,0.5800000000000001,7.97,28,0,0.0002,Low,High-Value Loyalists
U02002,24,34,5081.25,104,13,57,0.4035087719298246,8.69,28,0,0.0002,Low,High-Value Loyalists
U02003,0,3,109.73,13,9,1,0.0,6.11,15,0,0.0002,Low,At-Risk Spenders
U02004,26,9,459.5,71,39,23,0.6086956521739131,6.77,26,0,0.0002,Low,At-Risk Spenders
U02005,2,14,1021.87,52,21,17,0.1764705882352941,9.62,17,0,0.0002,Low,At-Risk Spenders
U02006,20,2,62.91,10,8,0,1.0,11.5,53,0,0.0004,Low,Casual Browsers
U02007,15,0,0.0,11,8,3,1.0,8.21,45,0,0.0002,Low,Casual Browsers
U02008,2,2,65.34,19,16,1,0.0,6.6,114,0,0.0008,Low,At-Risk Spenders
U02009,90,7,441.92,43,24,12,0.4166666666666666,7.48,124,1,0.9997,High,Churned
U02010,21,42,6344.46,140,22,76,0.4473684210526315,7.86,22,0,0.0002,Low,High-Value Loyalists
U02011,84,0,0.0,9,9,0,1.0,10.36,114,1,0.9998,High,Churned
U02012,92,0,0.0,10,9,1,1.0,7.07,122,1,0.9998,High,Churned
U02013,1,40,5874.31,113,14,59,0.3220338983050848,8.54,8,0,0.0002,Low,High-Value Loyalists
U02014,81,2,47.54,23,18,3,0.3333333333333333,9.07,98,1,0.9995,High,Churned
U02015,11,3,134.14,23,19,1,0.0,7.82,52,0,0.0005,Low,At-Risk Spenders
U02016,22,9,633.78,46,27,10,0.0999999999999999,6.06,28,0,0.0002,Low,At-Risk Spenders
U02017,5,2,80.95,17,9,6,0.6666666666666667,7.59,12,0,0.0002,Low,Casual Browsers
U02018,14,2,73.54,27,21,4,0.5,9.38,24,0,0.0002,Low,At-Risk Spenders
U02019,87,60,9193.8,163,22,81,0.2592592592592593,7.55,87,1,0.9998,High,Churned
U02020,29,1,14.95,10,9,0,1.0,3.35,98,0,0.0008,Low,Casual Browsers
U02021,9,15,1220.9,62,28,19,0.2105263157894736,10.74,9,0,0.0002,Low,At-Risk Spenders
U02022,18,6,471.7,36,25,5,0.0,7.24,66,0,0.0012,Low,At-Risk Spenders
U02023,20,0,0.0,4,4,0,1.0,4.05,50,0,0.0002,Low,Casual Browsers
U02024,49,6,339.83,40,23,11,0.4545454545454546,8.15,58,1,0.9995,High,Churned
U02025,5,12,1009.9,63,35,16,0.25,7.34,49,0,0.0007,Low,At-Risk Spenders
U02026,9,10,1166.94,40,22,8,0.0,8.19,50,0,0.0007,Low,At-Risk Spenders
U02027,4,0,0.0,12,9,3,1.0,13.42,34,0,0.0002,Low,Casual Browsers
U02028,21,0,0.0,14,13,1,1.0,6.77,51,0,0.0002,Low,Casual Browsers
U02029,22,44,6579.84,164,30,90,0.5111111111111111,7.56,32,0,0.0004,Low,High-Value Loyalists
U02030,16,0,0.0,13,13,0,1.0,7.23,46,0,0.0002,Low,Casual Browsers
U02031,18,1,82.29,20,18,1,0.0,8.58,109,0,0.0009,Low,At-Risk Spenders
U02032,26,0,0.0,3,3,0,1.0,5.1,56,0,0.0002,Low,Casual Browsers
U02033,26,4,113.15,28,22,2,0.0,8.46,49,0,0.0005,Low,At-Risk Spenders
U02034,29,0,0.0,11,11,0,1.0,9.97,59,0,0.0003,Low,Casual Browsers
U02035,7,3,130.05,27,19,5,0.4,6.76,10,0,0.0002,Low,At-Risk Spenders
U02036,20,0,0.0,13,9,4,1.0,9.12,50,0,0.0002,Low,Casual Browsers
U02037,102,3,102.35,23,14,6,0.5,8.73,104,1,0.9996,High,Churned
U02038,22,63,9040.76,178,19,96,0.34375,8.27,22,0,0.0002,Low,High-Value Loyalists
U02039,3,0,0.0,10,10,0,1.0,6.64,33,0,0.0002,Low,Casual Browsers
U02040,27,0,0.0,6,6,0,1.0,5.08,57,0,0.0002,Low,Casual Browsers
U02041,17,1,58.02,20,17,2,0.5,7.52,144,0,0.0008,Low,At-Risk Spenders
U02042,12,7,375.63,65,30,28,0.75,7.36,29,0,0.0002,Low,At-Risk Spenders
U02043,10,1,20.78,29,20,8,0.875,10.31,178,0,0.0006,Low,Casual Browsers
U02044,48,32,5455.3,94,19,43,0.2558139534883721,9.53,48,1,0.9995,High,Churned
U02045,22,2,117.41,16,12,2,0.0,10.02,48,0,0.0004,Low,At-Risk Spenders
U02046,3,3,76.79,29,24,2,0.0,9.29,13,0,0.0002,Low,At-Risk Spenders
U02047,57,1,29.24,10,9,0,1.0,10.34,109,1,0.9995,High,Churned
U02048,16,0,0.0,11,10,1,1.0,10.77,46,0,0.0002,Low,Casual Browsers
U02049,9,0,0.0,14,14,0,1.0,10.23,39,0,0.0002,Low,Casual Browsers
U02050,83,0,0.0,20,18,2,1.0,8.97,113,1,0.9998,High,Churned
U02051,6,1,33.4,25,19,5,0.8,9.36,164,0,0.0007,Low,Casual Browsers
U02052,2,2,83.97,28,21,5,0.6,8.65,2,0,0.0002,Low,At-Risk Spenders
U02053,12,46,5932.26,184,36,102,0.5490196078431373,7.33,12,0,0.0002,Low,High-Value Loyalists
U02054,15,12,1085.43,45,16,17,0.2941176470588235,8.16,22,0,0.0002,Low,At-Risk Spenders
U02055,11,0,0.0,11,11,0,1.0,5.12,41,0,0.0002,Low,Casual Browsers
U02056,11,8,660.29,62,27,27,0.7037037037037037,6.09,15,0,0.0002,Low,At-Risk Spenders
U02057,19,3,130.08,17,11,3,0.0,8.6,19,0,0.0002,Low,At-Risk Spenders
U02058,13,0,0.0,3,3,0,1.0,7.6,43,0,0.0002,Low,Casual Browsers
U02059,7,4,152.46,26,20,2,0.0,8.26,10,0,0.0002,Low,At-Risk Spenders
U02060,26,8,520.0,58,30,20,0.6,7.32,30,0,0.0002,Low,At-Risk Spenders
U02061,71,14,887.74,74,38,22,0.3636363636363636,8.5,71,1,0.9997,High,Churned
U02062,14,12,792.52,49,26,11,0.0,7.6,22,0,0.0002,Low,At-Risk Spenders
U02063,10,15,988.03,76,32,29,0.4827586206896551,10.3,11,0,0.0002,Low,At-Risk Spenders
U02064,27,0,0.0,8,8,0,1.0,9.34,57,0,0.0003,Low,Casual Browsers
U02065,53,0,0.0,3,3,0,1.0,5.37,83,1,0.9998,High,Churned
U02066,3,14,1045.73,55,20,21,0.3333333333333333,8.68,3,0,0.0002,Low,At-Risk Spenders
U02067,13,0,0.0,7,7,0,1.0,8.11,43,0,0.0002,Low,Casual Browsers
U02068,21,4,70.34,29,21,4,0.0,10.1,74,0,0.0009,Low,At-Risk Spenders
U02069,19,1,25.89,21,16,4,0.75,8.36,127,0,0.0008,Low,Casual Browsers
U02070,8,0,0.0,5,4,1,1.0,5.62,38,0,0.0002,Low,Casual Browsers
U02071,20,0,0.0,25,22,3,1.0,8.66,50,0,0.0002,Low,Casual Browsers
U02072,9,15,1044.43,74,41,18,0.1666666666666666,7.96,9,0,0.0002,Low,At-Risk Spenders
U02073,4,12,858.04,60,29,19,0.368421052631579,5.54,23,0,0.0002,Low,At-Risk Spenders
U02074,15,13,1160.72,68,37,18,0.2777777777777778,7.57,17,0,0.0002,Low,At-Risk Spenders
U02075,24,1,63.77,5,4,0,1.0,4.64,33,0,0.0003,Low,Casual Browsers
U02076,24,0,0.0,29,23,6,1.0,8.06,54,0,0.0003,Low,Casual Browsers
U02077,23,0,0.0,8,8,0,1.0,6.39,53,0,0.0002,Low,Casual Browsers
U02078,8,0,0.0,14,14,0,1.0,7.64,38,0,0.0002,Low,Casual Browsers
U02079,15,35,5399.98,111,11,65,0.4615384615384615,9.99,15,0,0.0002,Low,High-Value Loyalists
U02080,4,0,0.0,10,10,0,1.0,5.14,34,0,0.0002,Low,Casual Browsers
U02081,62,2,73.96,28,24,2,0.0,9.81,113,1,0.9995,High,Churned
U02082,78,0,0.0,16,15,1,1.0,8.26,108,1,0.9998,High,Churned
U02083,5,0,0.0,9,9,0,1.0,6.57,35,0,0.0002,Low,Casual Browsers
U02084,0,2,36.04,26,22,2,0.0,6.96,46,0,0.0004,Low,At-Risk Spenders
U02085,9,18,1388.49,76,35,23,0.217391304347826,7.56,17,0,0.0002,Low,At-Risk Spenders
U02086,27,14,629.47,72,38,20,0.3,7.88,27,0,0.0002,Low,At-Risk Spenders
U02087,32,0,0.0,10,10,0,1.0,5.94,62,1,0.9997,High,Churned
U02088,11,3,276.92,36,23,10,0.7,7.39,71,0,0.0008,Low,Casual Browsers
U02089,18,2,44.34,19,15,2,0.0,8.18,25,0,0.0002,Low,At-Risk Spenders
U02090,17,1,45.6,17,13,3,0.6666666666666667,6.19,62,0,0.0004,Low,Casual Browsers
U02091,7,5,310.43,30,13,12,0.5833333333333333,5.34,17,0,0.0002,Low,At-Risk Spenders
U02092,16,1,19.91,11,10,0,1.0,7.76,47,0,0.0003,Low,Casual Browsers
U02093,23,7,502.18,46,19,20,0.65,8.85,52,0,0.0006,Low,At-Risk Spenders
U02094,5,0,0.0,7,6,1,1.0,6.1,35,0,0.0002,Low,Casual Browsers
U02095,19,0,0.0,11,10,1,1.0,10.0,49,0,0.0002,Low,Casual Browsers
U02096,28,1,6.24,3,2,0,1.0,6.57,28,0,0.0002,Low,Casual Browsers
U02097,8,10,766.47,47,22,15,0.3333333333333333,7.18,10,0,0.0002,Low,At-Risk Spenders
U02098,8,5,159.05,28,20,3,0.0,6.12,15,0,0.0002,Low,At-Risk Spenders
U02099,15,53,6810.33,183,31,99,0.4646464646464646,8.06,15,0,0.0002,Low,High-Value Loyalists
U02100,17,0,0.0,10,9,1,1.0,10.44,47,0,0.0002,Low,Casual Browsers
U02101,11,1,40.01,28,20,7,0.8571428571428572,6.38,64,0,0.0007,Low,Casual Browsers
U02102,0,0,0.0,28,21,7,1.0,8.32,30,0,0.0002,Low,Casual Browsers
U02103,13,1,30.48,13,12,0,1.0,8.98,75,0,0.0005,Low,Casual Browsers
U02104,23,0,0.0,4,4,0,1.0,11.6,53,0,0.0003,Low,Casual Browsers
U02105,0,1,72.33,17,13,3,0.6666666666666667,7.59,145,0,0.0008,Low,Casual Browsers
U02106,20,5,204.26,25,17,3,0.0,6.67,53,0,0.0005,Low,At-Risk Spenders
U02107,26,2,119.95,21,17,2,0.0,6.0,27,0,0.0002,Low,At-Risk Spenders
U02108,10,22,2647.73,91,20,49,0.5510204081632653,9.06,30,0,0.0002,Low,At-Risk Spenders
U02109,0,3,97.8,22,18,1,0.0,7.53,10,0,0.0002,Low,At-Risk Spenders
U02110,1,5,393.33,47,28,14,0.6428571428571428,7.4,1,0,0.0002,Low,At-Risk Spenders
U02111,108,8,357.96,39,17,14,0.4285714285714286,8.39,108,1,0.9997,High,Churned
U02112,7,5,274.02,34,21,8,0.375,6.68,7,0,0.0002,Low,At-Risk Spenders
U02113,2,0,0.0,3,3,0,1.0,9.6,32,0,0.0002,Low,Casual Browsers
U02114,16,51,9210.71,190,29,110,0.5363636363636364,7.85,17,0,0.0002,Low,High-Value Loyalists
U02115,7,0,0.0,11,10,1,1.0,7.07,37,0,0.0002,Low,Casual Browsers
U02116,14,29,3963.01,101,18,54,0.4629629629629629,9.27,14,0,0.0002,Low,High-Value Loyalists
U02117,15,1,18.77,26,19,6,0.8333333333333334,8.91,141,0,0.0008,Low,Casual Browsers
U02118,8,7,265.47,58,32,19,0.631578947368421,9.11,19,0,0.0002,Low,At-Risk Spenders
U02119,50,0,0.0,14,14,0,1.0,5.48,80,1,0.9998,High,Churned
U02120,25,6,303.05,53,31,16,0.625,9.01,53,0,0.0006,Low,At-Risk Spenders
U02121,6,35,5718.11,148,17,96,0.6354166666666667,7.73,12,0,0.0002,Low,High-Value Loyalists
U02122,25,9,448.12,55,23,23,0.6086956521739131,8.41,32,0,0.0003,Low,At-Risk Spenders
U02123,29,3,68.6,23,14,6,0.5,6.26,43,0,0.0004,Low,At-Risk Spenders
U02124,6,1,48.51,12,11,0,1.0,8.07,9,0,0.0002,Low,Casual Browsers
U02125,20,11,717.61,53,29,13,0.1538461538461538,8.45,27,0,0.0002,Low,At-Risk Spenders
U02126,17,0,0.0,10,10,0,1.0,7.71,47,0,0.0002,Low,Casual Browsers
U02127,21,1,8.44,13,12,0,1.0,4.46,41,0,0.0002,Low,Casual Browsers
U02128,14,11,807.84,61,31,19,0.4210526315789473,9.21,17,0,0.0002,Low,At-Risk Spenders
U02129,2,2,35.19,20,15,3,0.3333333333333333,13.29,63,0,0.0004,Low,At-Risk Spenders
U02130,25,0,0.0,11,11,0,1.0,11.02,55,0,0.0003,Low,Casual Browsers
U02131,0,15,906.53,77,35,27,0.4444444444444444,7.34,25,0,0.0002,Low,At-Risk Spenders
U02132,52,1,66.49,11,8,2,0.5,6.75,52,1,0.9992,High,Churned
U02133,11,4,252.23,28,20,4,0.0,7.54,38,0,0.0003,Low,At-Risk Spenders
U02134,5,2,54.37,20,15,3,0.3333333333333333,7.33,53,0,0.0005,Low,At-Risk Spenders
U02135,13,8,475.73,42,23,11,0.2727272727272727,7.99,31,0,0.0003,Low,At-Risk Spenders
U02136,15,4,149.94,29,20,5,0.1999999999999999,8.49,39,0,0.0003,Low,At-Risk Spenders
U02137,35,14,1032.14,65,32,19,0.2631578947368421,8.8,35,1,0.9993,High,Churned
U02138,0,0,0.0,4,3,1,1.0,6.52,30,0,0.0002,Low,Casual Browsers
U02139,16,7,466.88,41,23,11,0.3636363636363636,8.85,31,0,0.0003,Low,At-Risk Spenders
U02140,18,10,559.18,51,31,10,0.0,8.02,22,0,0.0002,Low,At-Risk Spenders
U02141,12,0,0.0,18,17,1,1.0,6.98,42,0,0.0002,Low,Casual Browsers
U02142,4,2,61.88,25,21,2,0.0,8.78,47,0,0.0004,Low,At-Risk Spenders
U02143,18,0,0.0,8,8,0,1.0,6.48,48,0,0.0002,Low,Casual Browsers
U02144,3,3,118.61,25,21,1,0.0,8.39,94,0,0.001,Low,At-Risk Spenders
U02145,12,0,0.0,14,13,1,1.0,9.93,42,0,0.0002,Low,Casual Browsers
U02146,21,3,232.29,34,17,14,0.7857142857142857,9.43,52,0,0.0005,Low,Casual Browsers
U02147,7,0,0.0,29,25,4,1.0,6.33,37,0,0.0002,Low,Casual Browsers
U02148,25,1,43.54,13,11,1,0.0,6.95,37,0,0.0003,Low,At-Risk Spenders
U02149,8,1,45.68,14,13,0,1.0,6.1,167,0,0.0008,Low,Casual Browsers
U02150,24,1,21.99,18,15,2,0.5,8.83,126,0,0.0008,Low,At-Risk Spenders
U02151,6,12,739.62,45,25,8,0.0,6.95,6,0,0.0002,Low,At-Risk Spenders
U02152,14,3,340.57,34,14,17,0.8235294117647058,7.53,131,0,0.001,Low,Casual Browsers
U02153,20,10,456.97,65,28,27,0.6296296296296297,5.41,27,0,0.0002,Low,At-Risk Spenders
U02154,0,0,0.0,21,18,3,1.0,4.32,30,0,0.0002,Low,Casual Browsers
U02155,45,1,7.39,11,10,0,1.0,6.29,62,1,0.9992,High,Churned
U02156,27,3,134.62,10,5,2,0.0,7.01,57,0,0.0005,Low,At-Risk Spenders
U02157,46,1,23.67,26,21,4,0.75,7.07,47,1,0.9991,High,Churned
U02158,23,0,0.0,25,20,5,1.0,7.37,53,0,0.0003,Low,Casual Browsers
U02159,20,0,0.0,5,5,0,1.0,6.46,50,0,0.0002,Low,Casual Browsers
U02160,22,0,0.0,11,11,0,1.0,5.53,52,0,0.0002,Low,Casual Browsers
U02161,9,7,565.9,39,18,14,0.5,6.91,26,0,0.0002,Low,At-Risk Spenders
U02162,16,45,6027.07,132,15,72,0.375,8.88,19,0,0.0002,Low,High-Value Loyalists
U02163,12,0,0.0,10,8,2,1.0,7.3,42,0,0.0002,Low,Casual Browsers
U02164,26,0,0.0,12,12,0,1.0,8.29,56,0,0.0003,Low,Casual Browsers
U02165,8,2,74.16,21,16,3,0.3333333333333333,10.76,14,0,0.0002,Low,At-Risk Spenders
U02166,24,0,0.0,5,5,0,1.0,7.46,54,0,0.0003,Low,Casual Browsers
U02167,14,48,7353.24,181,29,104,0.5384615384615384,7.98,14,0,0.0002,Low,High-Value Loyalists
U02168,66,41,4941.4,130,24,65,0.3692307692307692,9.5,69,1,0.9997,High,Churned
U02169,21,12,753.81,73,35,26,0.5384615384615384,7.26,21,0,0.0002,Low,At-Risk Spenders
U02170,16,27,3190.35,93,12,54,0.5,7.53,16,0,0.0002,Low,High-Value Loyalists
U02171,18,1,10.18,6,5,0,1.0,3.75,49,0,0.0002,Low,Casual Browsers
U02172,105,0,0.0,6,6,0,1.0,7.63,135,1,0.9998,High,Churned
U02173,16,7,420.58,73,40,26,0.7307692307692308,8.92,45,0,0.0004,Low,At-Risk Spenders
U02174,18,0,0.0,14,14,0,1.0,10.27,48,0,0.0002,Low,Casual Browsers
U02175,7,0,0.0,3,3,0,1.0,2.97,37,0,0.0002,Low,Casual Browsers
U02176,21,56,7591.73,173,24,93,0.3978494623655914,8.14,23,0,0.0002,Low,High-Value Loyalists
U02177,19,10,733.0,75,36,29,0.6551724137931034,10.18,24,0,0.0002,Low,At-Risk Spenders
U02178,18,42,6361.68,152,28,82,0.4878048780487805,7.96,28,0,0.0002,Low,High-Value Loyalists
U02179,21,0,0.0,12,11,1,1.0,7.65,51,0,0.0002,Low,Casual Browsers
U02180,7,6,269.46,42,20,16,0.625,7.88,22,0,0.0002,Low,At-Risk Spenders
U02181,28,2,74.35,13,11,0,1.0,11.42,124,0,0.0008,Low,Casual Browsers
U02182,6,0,0.0,5,4,1,1.0,6.28,36,0,0.0002,Low,Casual Browsers
U02183,59,0,0.0,3,3,0,1.0,7.2,89,1,0.9998,High,Churned
U02184,20,2,23.33,14,11,1,0.0,5.31,38,0,0.0003,Low,At-Risk Spenders
U02185,22,45,7591.51,146,29,72,0.375,7.67,22,0,0.0002,Low,High-Value Loyalists
U02186,19,36,4927.24,99,11,52,0.3076923076923077,8.0,19,0,0.0002,Low,High-Value Loyalists
U02187,13,9,730.85,60,29,22,0.5909090909090908,8.0,13,0,0.0002,Low,At-Risk Spenders
U02188,4,2,35.14,14,9,3,0.3333333333333333,10.96,89,0,0.0007,Low,At-Risk Spenders
U02189,24,2,23.15,21,14,5,0.6,9.75,24,0,0.0002,Low,Casual Browsers
U02190,12,30,3953.08,115,18,67,0.5522388059701493,7.82,12,0,0.0002,Low,High-Value Loyalists
U02191,9,1,18.32,24,18,5,0.8,8.95,140,0,0.0008,Low,Casual Browsers
U02192,19,0,0.0,12,10,2,1.0,9.74,49,0,0.0002,Low,Casual Browsers
U02193,12,0,0.0,9,9,0,1.0,8.29,42,0,0.0002,Low,Casual Browsers
U02194,13,0,0.0,10,10,0,1.0,8.18,43,0,0.0002,Low,Casual Browsers
U02195,119,16,810.64,72,38,18,0.1111111111111111,7.6,119,1,0.9998,High,Churned
U02196,10,13,840.5,64,29,22,0.409090909090909,8.38,21,0,0.0002,Low,At-Risk Spenders
U02197,6,0,0.0,3,3,0,1.0,4.8,36,0,0.0002,Low,Casual Browsers
U02198,6,2,30.05,26,22,2,0.0,9.38,80,0,0.0007,Low,At-Risk Spenders
U02199,18,1,19.96,13,12,0,1.0,11.19,46,0,0.0003,Low,Casual Browsers
U02200,5,2,71.34,15,12,1,0.0,5.14,89,0,0.0007,Low,At-Risk Spenders
U02201,22,8,474.35,34,12,14,0.4285714285714286,6.84,52,0,0.0007,Low,At-Risk Spenders
U02202,31,1,34.47,26,17,8,0.875,6.58,100,1,0.9995,High,Churned
U02203,2,1,67.3,20,13,6,0.8333333333333334,5.26,133,0,0.0008,Low,Casual Browsers
U02204,107,3,116.9,20,14,3,0.0,4.85,129,1,0.9996,High,Churned
U02205,9,16,1006.62,47,19,12,0.0,8.69,20,0,0.0002,Low,At-Risk Spenders
U02206,22,0,0.0,5,5,0,1.0,9.82,52,0,0.0002,Low,Casual Browsers
U02207,21,3,109.99,32,17,12,0.75,11.08,100,0,0.001,Low,Casual Browsers
U02208,29,3,133.39,22,16,3,0.0,9.28,39,0,0.0003,Low,At-Risk Spenders
U02209,25,13,904.24,59,29,17,0.2352941176470588,7.62,59,0,0.0009,Low,At-Risk Spenders
U02210,22,16,1021.11,73,32,25,0.36,7.98,31,0,0.0003,Low,At-Risk Spenders
U02211,20,4,382.8,34,17,13,0.6923076923076923,8.27,47,0,0.0004,Low,Casual Browsers
U02212,13,3,128.74,22,16,3,0.0,10.18,55,0,0.0005,Low,At-Risk Spenders
U02213,115,3,84.15,28,21,4,0.25,8.13,123,1,0.9996,High,Churned
U02214,16,2,37.34,19,14,3,0.3333333333333333,7.2,69,0,0.0004,Low,At-Risk Spenders
U02215,29,0,0.0,5,5,0,1.0,6.28,59,0,0.0003,Low,Casual Browsers
U02216,25,1,28.37,23,20,2,0.5,10.18,105,0,0.0008,Low,At-Risk Spenders
U02217,2,0,0.0,23,22,1,1.0,6.9,32,0,0.0002,Low,Casual Browsers
U02218,8,0,0.0,11,11,0,1.0,6.52,38,0,0.0002,Low,Casual Browsers
U02219,1,1,19.26,21,16,4,0.75,7.65,146,0,0.0008,Low,Casual Browsers
U02220,52,4,124.38,29,21,4,0.0,6.5,95,1,0.9997,High,Churned
U02221,13,0,0.0,12,12,0,1.0,5.78,43,0,0.0002,Low,Casual Browsers
U02222,10,1,69.52,16,11,4,0.75,10.12,167,0,0.0008,Low,Casual Browsers
U02223,115,0,0.0,11,10,1,1.0,7.86,145,1,0.9998,High,Churned
U02224,12,0,0.0,21,19,2,1.0,9.97,42,0,0.0002,Low,Casual Browsers
U02225,67,8,554.25,59,33,18,0.5555555555555556,7.22,78,1,0.9997,High,Churned
U02226,5,0,0.0,12,10,2,1.0,6.4,35,0,0.0002,Low,Casual Browsers
U02227,6,5,203.96,30,11,14,0.6428571428571428,8.53,6,0,0.0002,Low,Casual Browsers
U02228,7,18,1324.79,66,29,19,0.0526315789473684,8.06,34,0,0.0005,Low,At-Risk Spenders
U02229,18,7,351.87,33,15,11,0.3636363636363636,7.15,26,0,0.0002,Low,At-Risk Spenders
U02230,2,0,0.0,6,5,1,1.0,7.05,32,0,0.0002,Low,Casual Browsers
U02231,10,0,0.0,15,13,2,1.0,11.45,40,0,0.0002,Low,Casual Browsers
U02232,69,4,224.4,34,17,13,0.6923076923076923,8.42,92,1,0.9997,High,Churned
U02233,7,3,49.03,18,12,3,0.0,6.33,7,0,0.0002,Low,At-Risk Spenders
U02234,20,0,0.0,12,11,1,1.0,5.86,50,0,0.0002,Low,Casual Browsers
U02235,7,8,510.38,64,37,19,0.5789473684210527,7.06,7,0,0.0002,Low,At-Risk Spenders
U02236,14,0,0.0,12,12,0,1.0,5.82,44,0,0.0002,Low,Casual Browsers
U02237,22,0,0.0,12,12,0,1.0,10.78,52,0,0.0002,Low,Casual Browsers
U02238,17,7,356.0,36,17,12,0.4166666666666666,10.54,17,0,0.0002,Low,At-Risk Spenders
U02239,109,11,855.58,50,31,8,0.0,7.05,109,1,0.9998,High,Churned
U02240,8,10,742.83,79,49,20,0.5,8.14,38,0,0.0005,Low,At-Risk Spenders
U02241,14,8,641.57,48,22,18,0.5555555555555556,9.78,14,0,0.0002,Low,At-Risk Spenders
U02242,57,0,0.0,6,6,0,1.0,7.92,87,1,0.9998,High,Churned
U02243,22,56,8131.98,186,25,105,0.4666666666666667,7.29,23,0,0.0002,Low,High-Value Loyalists
U02244,5,1,17.98,11,7,3,0.6666666666666667,9.99,160,0,0.0008,Low,Casual Browsers
U02245,28,0,0.0,10,9,1,1.0,10.6,58,0,0.0003,Low,Casual Browsers
U02246,14,54,7736.83,172,24,94,0.4255319148936169,8.77,14,0,0.0002,Low,High-Value Loyalists
U02247,118,1,84.69,29,24,4,0.75,10.77,160,1,0.9995,High,Churned
U02248,18,0,0.0,10,9,1,1.0,7.36,48,0,0.0002,Low,Casual Browsers
U02249,26,0,0.0,4,4,0,1.0,8.8,56,0,0.0003,Low,Casual Browsers
U02250,98,0,0.0,9,9,0,1.0,9.53,128,1,0.9998,High,Churned
U02251,77,0,0.0,11,11,0,1.0,13.23,107,1,0.9998,High,Churned
U02252,13,1,20.62,29,25,3,0.6666666666666667,8.52,116,0,0.0008,Low,Casual Browsers
U02253,23,0,0.0,6,6,0,1.0,5.08,53,0,0.0002,Low,Casual Browsers
U02254,10,0,0.0,10,9,1,1.0,11.36,40,0,0.0002,Low,Casual Browsers
U02255,20,13,653.5,72,40,19,0.3157894736842105,8.2,65,0,0.0013,Low,At-Risk Spenders
U02256,27,0,0.0,10,9,1,1.0,4.74,57,0,0.0003,Low,Casual Browsers
U02257,8,1,18.02,17,15,1,0.0,8.97,17,0,0.0002,Low,At-Risk Spenders
U02258,8,11,640.53,49,20,18,0.3888888888888888,9.11,10,0,0.0002,Low,At-Risk Spenders
U02259,9,0,0.0,4,4,0,1.0,7.78,39,0,0.0002,Low,Casual Browsers
U02260,13,11,660.6,57,28,18,0.3888888888888888,10.31,15,0,0.0002,Low,At-Risk Spenders
U02261,21,0,0.0,19,15,4,1.0,12.19,51,0,0.0002,Low,Casual Browsers
U02262,21,1,23.96,21,16,4,0.75,5.32,28,0,0.0002,Low,Casual Browsers
U02263,3,24,3717.68,93,13,56,0.5714285714285714,7.54,13,0,0.0002,Low,High-Value Loyalists
U02264,15,0,0.0,6,5,1,1.0,7.48,45,0,0.0002,Low,Casual Browsers
U02265,15,0,0.0,13,13,0,1.0,6.33,45,0,0.0002,Low,Casual Browsers
U02266,24,1,10.1,10,9,0,1.0,8.62,82,0,0.0007,Low,Casual Browsers
U02267,9,9,845.56,67,33,25,0.64,7.43,9,0,0.0002,Low,At-Risk Spenders
U02268,15,0,0.0,13,10,3,1.0,6.95,45,0,0.0002,Low,Casual Browsers
U02269,4,0,0.0,7,7,0,1.0,6.76,34,0,0.0002,Low,Casual Browsers
U02270,3,10,939.47,71,38,23,0.5652173913043479,8.22,3,0,0.0002,Low,At-Risk Spenders
U02271,117,13,896.31,63,34,16,0.1875,5.83,117,1,0.9998,High,Churned
U02272,18,0,0.0,26,23,3,1.0,8.51,48,0,0.0002,Low,Casual Browsers
U02273,13,0,0.0,13,13,0,1.0,5.52,43,0,0.0002,Low,Casual Browsers
U02274,5,0,0.0,9,9,0,1.0,11.07,35,0,0.0002,Low,Casual Browsers
U02275,27,1,13.41,3,2,0,1.0,6.23,47,0,0.0003,Low,Casual Browsers
U02276,22,7,375.2,32,15,10,0.3,4.29,22,0,0.0002,Low,At-Risk Spenders
U02277,26,13,1151.54,73,36,24,0.4583333333333333,6.27,34,0,0.0005,Low,At-Risk Spenders
U02278,25,16,829.1,71,34,21,0.2380952380952381,9.36,33,0,0.0005,Low,At-Risk Spenders
U02279,17,0,0.0,28,27,1,1.0,9.32,47,0,0.0002,Low,Casual Browsers
U02280,108,8,387.0,56,29,19,0.5789473684210527,9.15,115,1,0.9997,High,Churned
U02281,2,1,12.76,15,13,1,0.0,7.83,48,0,0.0004,Low,At-Risk Spenders
U02282,2,1,47.06,15,11,3,0.6666666666666667,4.36,52,0,0.0004,Low,Casual Browsers
U02283,14,24,3793.44,82,15,43,0.4418604651162791,9.64,14,0,0.0002,Low,High-Value Loyalists
U02284,35,0,0.0,4,4,0,1.0,13.08,65,1,0.9998,High,Churned
U02285,106,1,22.12,14,8,5,0.8,7.31,106,1,0.9995,High,Churned
U02286,2,0,0.0,8,8,0,1.0,8.02,32,0,0.0002,Low,Casual Browsers
U02287,20,0,0.0,25,22,3,1.0,7.64,50,0,0.0002,Low,Casual Browsers
U02288,12,0,0.0,12,10,2,1.0,5.77,42,0,0.0002,Low,Casual Browsers
U02289,6,0,0.0,18,15,3,1.0,7.82,36,0,0.0002,Low,Casual Browsers
U02290,21,9,649.62,53,22,22,0.5909090909090908,6.94,43,0,0.0004,Low,At-Risk Spenders
U02291,7,6,428.52,59,34,19,0.6842105263157895,7.59,7,0,0.0002,Low,At-Risk Spenders
U02292,8,4,132.98,23,17,2,0.0,9.37,19,0,0.0002,Low,At-Risk Spenders
U02293,0,2,67.75,18,14,2,0.0,13.18,124,0,0.0008,Low,At-Risk Spenders
U02294,11,3,69.48,12,9,0,1.0,13.82,88,0,0.0008,Low,Casual Browsers
U02295,106,3,63.44,18,12,3,0.0,9.16,122,1,0.9995,High,Churned
U02296,85,0,0.0,6,6,0,1.0,9.68,115,1,0.9998,High,Churned
U02297,22,0,0.0,3,3,0,1.0,8.47,52,0,0.0002,Low,Casual Browsers
U02298,54,1,47.46,15,10,4,0.75,7.24,60,1,0.9991,High,Churned
U02299,43,0,0.0,11,11,0,1.0,5.55,73,1,0.9998,High,Churned
U02300,10,3,63.2,23,15,5,0.4,8.3,21,0,0.0002,Low,At-Risk Spenders
U02301,15,6,546.48,38,19,13,0.5384615384615384,8.23,34,0,0.0004,Low,At-Risk Spenders
U02302,15,2,49.25,25,23,0,1.0,7.29,80,0,0.0007,Low,Casual Browsers
U02303,3,5,351.84,34,20,9,0.4444444444444444,7.8,11,0,0.0002,Low,At-Risk Spenders
U02304,27,12,722.58,71,32,27,0.5555555555555556,6.33,45,0,0.0005,Low,At-Risk Spenders
U02305,18,1,52.57,14,11,2,0.5,10.86,67,0,0.0004,Low,At-Risk Spenders
U02306,29,1,28.8,14,13,0,1.0,7.86,128,0,0.0008,Low,Casual Browsers
U02307,41,1,27.44,8,7,0,1.0,5.49,145,1,0.9995,High,Churned
U02308,26,0,0.0,3,3,0,1.0,3.9,56,0,0.0002,Low,Casual Browsers
U02309,65,4,111.41,25,16,5,0.1999999999999999,6.86,77,1,0.9997,High,Churned
U02310,2,3,65.7,17,12,2,0.0,5.27,18,0,0.0002,Low,At-Risk Spenders
U02311,11,11,743.02,66,33,22,0.5,7.04,22,0,0.0002,Low,At-Risk Spenders
U02312,20,0,0.0,29,23,6,1.0,7.67,50,0,0.0003,Low,Casual Browsers
U02313,22,0,0.0,3,3,0,1.0,2.63,52,0,0.0002,Low,Casual Browsers
U02314,3,0,0.0,7,7,0,1.0,8.7,33,0,0.0002,Low,Casual Browsers
U02315,10,9,584.57,65,36,20,0.55,7.22,27,0,0.0002,Low,At-Risk Spenders
U02316,64,11,761.65,70,34,25,0.56,9.74,68,1,0.9997,High,Churned
U02317,14,13,1291.99,75,42,20,0.35,7.79,34,0,0.0005,Low,At-Risk Spenders
U02318,28,1,46.03,12,10,1,0.0,10.02,31,0,0.0003,Low,At-Risk Spenders
U02319,24,6,360.94,44,26,12,0.5,7.03,50,0,0.0006,Low,At-Risk Spenders
U02320,19,0,0.0,22,17,5,1.0,7.08,49,0,0.0002,Low,Casual Browsers
U02321,4,0,0.0,6,6,0,1.0,4.22,34,0,0.0002,Low,Casual Browsers
U02322,5,9,563.13,69,38,22,0.5909090909090908,9.39,12,0,0.0002,Low,At-Risk Spenders
U02323,24,51,8637.91,179,38,90,0.4333333333333333,8.42,24,0,0.0002,Low,High-Value Loyalists
U02324,0,2,33.11,28,25,1,0.0,7.95,10,0,0.0002,Low,At-Risk Spenders
U02325,17,0,0.0,10,9,1,1.0,3.53,47,0,0.0002,Low,Casual Browsers
U02326,16,10,564.62,40,16,14,0.2857142857142857,7.54,16,0,0.0002,Low,At-Risk Spenders
U02327,16,1,56.65,26,22,3,0.6666666666666667,6.29,69,0,0.0005,Low,Casual Browsers
U02328,56,1,12.94,14,11,2,0.5,11.41,116,1,0.9995,High,Churned
U02329,24,0,0.0,11,11,0,1.0,3.75,54,0,0.0002,Low,Casual Browsers
U02330,87,2,87.31,14,11,1,0.0,8.16,133,1,0.9996,High,Churned
U02331,29,3,140.5,28,22,3,0.0,8.72,65,0,0.0005,Low,At-Risk Spenders
U02332,37,17,1010.79,56,27,12,0.0,9.02,37,1,0.9993,High,Churned
U02333,14,17,1302.66,63,24,22,0.2272727272727273,6.65,20,0,0.0002,Low,At-Risk Spenders
U02334,28,1,53.4,12,9,2,0.5,8.29,134,0,0.0008,Low,At-Risk Spenders
U02335,116,58,8742.57,178,27,93,0.3763440860215054,8.66,116,1,0.9997,High,Churned
U02336,8,4,94.69,26,19,3,0.0,9.7,12,0,0.0002,Low,At-Risk Spenders
U02337,2,0,0.0,13,13,0,1.0,4.82,32,0,0.0002,Low,Casual Browsers
U02338,15,2,73.47,27,22,3,0.3333333333333333,8.21,96,0,0.0008,Low,At-Risk Spenders
U02339,64,59,8324.61,199,28,112,0.4732142857142857,8.26,64,1,0.9998,High,Churned
U02340,27,11,799.16,43,21,11,0.0,7.21,41,0,0.0005,Low,At-Risk Spenders
U02341,13,41,5941.52,185,36,108,0.6203703703703703,8.21,17,0,0.0002,Low,High-Value Loyalists
U02342,33,9,549.16,63,35,19,0.5263157894736843,7.45,61,1,0.9997,High,Churned
U02343,32,0,0.0,12,12,0,1.0,9.45,62,1,0.9998,High,Churned
U02344,6,11,633.66,75,38,26,0.5769230769230769,6.65,12,0,0.0002,Low,At-Risk Spenders
U02345,29,12,844.95,68,36,20,0.4,7.58,29,0,0.0002,Low,At-Risk Spenders
U02346,28,3,94.81,18,11,4,0.25,7.39,56,0,0.0005,Low,At-Risk Spenders
U02347,7,1,6.05,17,16,0,1.0,10.67,15,0,0.0002,Low,Casual Browsers
U02348,10,0,0.0,10,10,0,1.0,9.23,40,0,0.0002,Low,Casual Browsers
U02349,11,0,0.0,6,6,0,1.0,9.13,41,0,0.0002,Low,Casual Browsers
U02350,99,2,34.21,12,7,3,0.3333333333333333,7.96,121,1,0.9995,High,Churned
U02351,12,13,924.83,55,25,17,0.2352941176470588,7.02,16,0,0.0002,Low,At-Risk Spenders
U02352,5,0,0.0,13,13,0,1.0,9.53,35,0,0.0002,Low,Casual Browsers
U02353,3,3,169.72,21,14,4,0.25,8.25,52,0,0.0005,Low,At-Risk Spenders
U02354,8,0,0.0,8,8,0,1.0,13.15,38,0,0.0002,Low,Casual Browsers
U02355,22,3,116.41,12,7,2,0.0,5.06,65,0,0.0005,Low,At-Risk Spenders
U02356,111,14,842.38,79,45,20,0.3,6.73,111,1,0.9997,High,Churned
U02357,4,4,128.1,28,21,3,0.0,5.91,16,0,0.0002,Low,At-Risk Spenders
U02358,63,12,1142.93,63,29,22,0.4545454545454546,8.71,63,1,0.9997,High,Churned
U02359,23,1,17.49,28,24,3,0.6666666666666667,7.56,23,0,0.0002,Low,Casual Browsers
U02360,98,1,103.62,23,20,2,0.5,7.3,158,1,0.9996,High,Churned
U02361,82,8,654.44,51,23,20,0.6,8.65,85,1,0.9998,High,Churned
U02362,7,56,7512.32,191,27,108,0.4814814814814815,8.37,7,0,0.0002,Low,High-Value Loyalists
U02363,1,5,398.2,35,17,13,0.6153846153846154,8.01,41,0,0.0004,Low,At-Risk Spenders
U02364,16,1,52.23,22,20,1,0.0,8.58,162,0,0.0008,Low,At-Risk Spenders
U02365,17,16,820.71,65,31,18,0.1111111111111111,9.65,17,0,0.0002,Low,At-Risk Spenders
U02366,59,13,998.38,45,17,15,0.1333333333333333,8.71,71,1,0.9998,High,Churned
U02367,41,1,42.07,19,11,7,0.8571428571428572,7.54,168,1,0.9995,High,Churned
U02368,29,1,20.02,15,12,2,0.5,5.63,116,0,0.0007,Low,At-Risk Spenders
U02369,22,0,0.0,12,12,0,1.0,9.73,52,0,0.0002,Low,Casual Browsers
U02370,4,2,55.2,25,20,3,0.3333333333333333,10.47,125,0,0.0008,Low,At-Risk Spenders
U02371,6,2,72.94,12,9,1,0.0,9.12,43,0,0.0003,Low,At-Risk Spenders
U02372,12,2,109.57,25,21,2,0.0,7.1,31,0,0.0003,Low,At-Risk Spenders
U02373,10,6,415.65,42,21,15,0.6,8.7,73,0,0.0013,Low,At-Risk Spenders
U02374,28,1,44.15,19,18,0,1.0,7.53,66,0,0.0005,Low,Casual Browsers
U02375,21,12,868.74,68,33,23,0.4782608695652174,8.34,22,0,0.0002,Low,At-Risk Spenders
U02376,2,1,58.68,24,17,6,0.8333333333333334,9.07,104,0,0.0008,Low,Casual Browsers
U02377,26,0,0.0,10,7,3,1.0,12.11,56,0,0.0003,Low,Casual Browsers
U02378,19,0,0.0,11,11,0,1.0,5.55,49,0,0.0002,Low,Casual Browsers
U02379,16,2,89.93,10,6,2,0.0,7.72,115,0,0.0009,Low,At-Risk Spenders
U02380,14,2,89.32,12,10,0,1.0,8.89,14,0,0.0002,Low,Casual Browsers
U02381,23,2,60.44,17,11,4,0.5,8.8,77,0,0.0005,Low,At-Risk Spenders
U02382,14,7,329.21,44,22,15,0.5333333333333333,6.47,26,0,0.0002,Low,At-Risk Spenders
U02383,5,14,688.58,57,21,22,0.3636363636363636,7.66,16,0,0.0002,Low,At-Risk Spenders
U02384,7,1,29.26,18,13,4,0.75,5.86,46,0,0.0003,Low,Casual Browsers
U02385,29,5,403.06,32,17,10,0.5,7.2,36,0,0.0004,Low,At-Risk Spenders
U02386,21,0,0.0,13,12,1,1.0,14.45,51,0,0.0002,Low,Casual Browsers
U02387,1,4,140.49,27,19,4,0.0,9.9,11,0,0.0002,Low,At-Risk Spenders
U02388,17,5,156.13,28,20,3,0.0,9.79,24,0,0.0002,Low,At-Risk Spenders
U02389,14,7,474.19,45,24,14,0.5,7.11,79,0,0.0014,Low,At-Risk Spenders
U02390,22,2,46.45,14,12,0,1.0,4.61,42,0,0.0003,Low,Casual Browsers
U02391,21,2,60.37,22,17,3,0.3333333333333333,7.21,24,0,0.0002,Low,At-Risk Spenders
U02392,11,18,1622.36,70,32,20,0.0999999999999999,8.4,11,0,0.0002,Low,At-Risk Spenders
U02393,22,5,418.78,34,18,11,0.5454545454545454,9.84,37,0,0.0004,Low,At-Risk Spenders
U02394,40,1,25.33,25,22,2,0.5,6.69,54,1,0.9993,High,Churned
U02395,25,18,1341.29,76,37,21,0.1428571428571429,7.32,27,0,0.0002,Low,At-Risk Spenders
U02396,8,2,58.34,25,19,4,0.5,8.03,61,0,0.0004,Low,At-Risk Spenders
U02397,24,11,872.34,66,39,16,0.3125,8.06,24,0,0.0002,Low,At-Risk Spenders
U02398,56,0,0.0,8,8,0,1.0,5.68,86,1,0.9998,High,Churned
U02399,25,0,0.0,14,13,1,1.0,7.47,55,0,0.0003,Low,Casual Browsers
U02400,4,15,1396.8,79,49,15,0.0,7.23,22,0,0.0002,Low,At-Risk Spenders
U02401,7,1,37.48,18,13,4,0.75,8.33,18,0,0.0002,Low,Casual Browsers
U02402,47,10,540.46,74,38,26,0.6153846153846154,7.32,49,1,0.9994,High,Churned
U02403,18,17,826.46,67,29,21,0.1904761904761904,7.87,18,0,0.0002,Low,At-Risk Spenders
U02404,7,2,54.39,11,8,1,0.0,5.68,7,0,0.0002,Low,At-Risk Spenders
U02405,29,5,193.4,18,12,1,0.0,8.83,29,0,0.0002,Low,At-Risk Spenders
U02406,13,0,0.0,11,10,1,1.0,4.81,43,0,0.0002,Low,Casual Browsers
U02407,25,0,0.0,13,13,0,1.0,10.42,55,0,0.0003,Low,Casual Browsers
U02408,27,15,1212.06,72,32,25,0.4,7.94,30,0,0.0002,Low,At-Risk Spenders
U02409,21,10,621.68,62,29,23,0.5652173913043479,6.22,28,0,0.0002,Low,At-Risk Spenders
U02410,20,0,0.0,11,10,1,1.0,9.74,50,0,0.0002,Low,Casual Browsers
U02411,15,5,246.97,33,14,14,0.6428571428571428,6.67,24,0,0.0002,Low,At-Risk Spenders
U02412,47,1,15.38,7,6,0,1.0,3.4,145,1,0.9995,High,Churned
U02413,3,8,471.05,71,36,27,0.7037037037037037,6.99,3,0,0.0002,Low,At-Risk Spenders
U02414,68,2,52.83,15,11,2,0.0,7.24,69,1,0.9991,High,Churned
U02415,3,6,544.72,76,44,26,0.7692307692307692,8.72,64,0,0.0009,Low,At-Risk Spenders
U02416,19,48,6102.53,158,23,87,0.4482758620689655,8.03,24,0,0.0002,Low,High-Value Loyalists
U02417,24,1,27.49,18,13,4,0.75,11.27,67,0,0.0005,Low,Casual Browsers
U02418,111,0,0.0,12,9,3,1.0,10.66,141,1,0.9998,High,Churned
U02419,108,3,130.44,25,19,3,0.0,6.96,129,1,0.9996,High,Churned
U02420,23,1,39.12,22,20,1,0.0,5.45,120,0,0.0008,Low,At-Risk Spenders
U02421,24,0,0.0,4,4,0,1.0,6.02,54,0,0.0002,Low,Casual Browsers
U02422,54,1,12.8,10,9,0,1.0,9.65,98,1,0.9995,High,Churned
U02423,1,10,561.9,63,30,23,0.5652173913043479,7.35,48,0,0.0005,Low,At-Risk Spenders
U02424,21,0,0.0,10,10,0,1.0,8.66,51,0,0.0002,Low,Casual Browsers
U02425,20,9,587.01,54,24,21,0.5714285714285714,6.29,29,0,0.0002,Low,At-Risk Spenders
U02426,21,0,0.0,13,13,0,1.0,6.92,51,0,0.0002,Low,Casual Browsers
U02427,108,2,68.68,14,11,1,0.0,10.58,112,1,0.9995,High,Churned
U02428,1,9,486.97,46,21,16,0.4375,7.65,24,0,0.0002,Low,At-Risk Spenders
U02429,21,10,769.63,73,41,22,0.5454545454545454,7.7,23,0,0.0002,Low,At-Risk Spenders
U02430,28,2,105.35,26,15,9,0.7777777777777778,7.37,145,0,0.0009,Low,Casual Browsers
U02431,8,25,3525.7,83,17,41,0.3902439024390244,8.81,9,0,0.0002,Low,At-Risk Spenders
U02432,12,7,319.39,36,21,8,0.125,11.04,12,0,0.0002,Low,At-Risk Spenders
U02433,29,1,20.64,22,17,4,0.75,9.64,29,0,0.0002,Low,Casual Browsers
U02434,6,37,4887.95,125,16,72,0.4861111111111111,6.84,8,0,0.0002,Low,High-Value Loyalists
U02435,7,0,0.0,7,7,0,1.0,6.34,37,0,0.0002,Low,Casual Browsers
U02436,5,0,0.0,21,20,1,1.0,8.32,35,0,0.0002,Low,Casual Browsers
U02437,23,2,47.46,12,9,1,0.0,8.2,31,0,0.0003,Low,At-Risk Spenders
U02438,29,4,223.64,38,20,14,0.7142857142857143,7.69,35,0,0.0004,Low,Casual Browsers
U02439,27,51,6637.46,165,18,96,0.46875,9.64,29,0,0.0002,Low,High-Value Loyalists
U02440,4,1,19.71,19,14,4,0.75,11.28,154,0,0.0008,Low,Casual Browsers
U02441,0,1,29.35,16,12,3,0.6666666666666667,10.24,173,0,0.0007,Low,Casual Browsers
U02442,23,0,0.0,6,6,0,1.0,9.18,53,0,0.0002,Low,Casual Browsers
U02443,10,11,633.44,54,25,18,0.3888888888888888,7.88,25,0,0.0002,Low,At-Risk Spenders
U02444,22,0,0.0,11,11,0,1.0,5.37,52,0,0.0002,Low,Casual Browsers
U02445,17,2,167.99,17,14,1,0.0,5.76,120,0,0.001,Low,At-Risk Spenders
U02446,9,0,0.0,13,11,2,1.0,10.41,39,0,0.0002,Low,Casual Browsers
U02447,16,1,20.9,14,9,4,0.75,6.99,78,0,0.0005,Low,Casual Browsers
U02448,6,34,5263.05,133,24,75,0.5466666666666666,6.7,6,0,0.0002,Low,High-Value Loyalists
U02449,37,0,0.0,9,9,0,1.0,4.8,67,1,0.9998,High,Churned
U02450,13,12,821.81,52,23,17,0.2941176470588235,7.52,13,0,0.0002,Low,At-Risk Spenders
U02451,21,4,256.12,31,20,7,0.4285714285714286,8.31,29,0,0.0002,Low,At-Risk Spenders
U02452,26,3,90.38,13,8,2,0.0,4.52,57,0,0.0005,Low,At-Risk Spenders
U02453,5,7,508.07,37,22,8,0.125,10.95,5,0,0.0002,Low,At-Risk Spenders
U02454,28,9,699.05,50,26,15,0.4,9.18,46,0,0.0005,Low,At-Risk Spenders
U02455,6,2,44.54,29,24,3,0.3333333333333333,8.06,8,0,0.0002,Low,At-Risk Spenders
U02456,112,56,6828.2,165,31,78,0.282051282051282,8.72,112,1,0.9998,High,Churned
U02457,9,0,0.0,7,6,1,1.0,10.63,39,0,0.0002,Low,Casual Browsers
U02458,6,0,0.0,13,12,1,1.0,5.36,36,0,0.0002,Low,Casual Browsers
U02459,19,0,0.0,11,10,1,1.0,8.35,49,0,0.0002,Low,Casual Browsers
U02460,3,1,33.03,10,7,2,0.5,10.71,85,0,0.0007,Low,At-Risk Spenders
U02461,16,4,170.56,28,20,4,0.0,8.47,38,0,0.0003,Low,At-Risk Spenders
U02462,10,8,502.95,56,26,22,0.6363636363636364,9.22,49,0,0.0005,Low,At-Risk Spenders
U02463,23,1,11.29,18,12,5,0.8,5.49,98,0,0.0008,Low,Casual Browsers
U02464,3,10,576.07,43,22,11,0.0909090909090909,7.17,3,0,0.0002,Low,At-Risk Spenders
U02465,2,10,656.51,61,24,27,0.6296296296296297,8.12,2,0,0.0002,Low,At-Risk Spenders
U02466,12,9,527.04,35,16,10,0.0999999999999999,6.1,15,0,0.0002,Low,At-Risk Spenders
U02467,20,0,0.0,18,15,3,1.0,7.93,50,0,0.0002,Low,Casual Browsers
U02468,58,3,73.53,20,15,2,0.0,8.98,96,1,0.9995,High,Churned
U02469,12,2,78.9,19,14,3,0.3333333333333333,10.68,23,0,0.0002,Low,At-Risk Spenders
U02470,5,0,0.0,6,6,0,1.0,8.8,35,0,0.0002,Low,Casual Browsers
U02471,3,0,0.0,28,24,4,1.0,6.19,33,0,0.0002,Low,Casual Browsers
U02472,27,8,726.47,43,22,13,0.3846153846153846,7.63,29,0,0.0002,Low,At-Risk Spenders
U02473,19,0,0.0,11,10,1,1.0,7.55,49,0,0.0002,Low,Casual Browsers
U02474,1,17,942.69,72,43,12,0.0,8.91,17,0,0.0002,Low,At-Risk Spenders
U02475,11,12,619.49,70,35,23,0.4782608695652174,8.69,11,0,0.0002,Low,At-Risk Spenders
U02476,5,15,1140.31,68,31,22,0.3181818181818182,9.46,6,0,0.0002,Low,At-Risk Spenders
U02477,104,3,331.75,38,18,17,0.8235294117647058,8.7,105,1,0.9996,High,Churned
U02478,12,1,71.95,3,2,0,1.0,2.8,12,0,0.0002,Low,Casual Browsers
U02479,46,1,21.08,24,19,4,0.75,9.6,145,1,0.9995,High,Churned
U02480,20,43,6050.76,142,32,67,0.3582089552238806,8.1,20,0,0.0002,Low,High-Value Loyalists
U02481,2,0,0.0,3,3,0,1.0,7.37,32,0,0.0002,Low,Casual Browsers
U02482,24,4,282.39,35,20,11,0.6363636363636364,7.71,31,0,0.0003,Low,At-Risk Spenders
U02483,22,1,21.56,16,13,2,0.5,8.68,40,0,0.0003,Low,At-Risk Spenders
U02484,103,33,4733.39,115,19,63,0.4761904761904761,8.4,104,1,0.9998,High,Churned
U02485,27,1,16.24,5,4,0,1.0,4.04,129,0,0.0008,Low,Casual Browsers
U02486,17,14,798.51,73,38,21,0.3333333333333333,7.4,17,0,0.0002,Low,At-Risk Spenders
U02487,23,1,18.08,21,18,2,0.5,6.57,66,0,0.0004,Low,At-Risk Spenders
U02488,27,16,994.27,74,41,17,0.0588235294117647,8.82,28,0,0.0002,Low,At-Risk Spenders
U02489,7,22,1432.74,68,25,21,0.0,6.32,30,0,0.0002,Low,At-Risk Spenders
U02490,15,0,0.0,28,23,5,1.0,9.56,45,0,0.0002,Low,Casual Browsers
U02491,15,35,5136.44,110,15,60,0.4166666666666666,7.08,15,0,0.0002,Low,High-Value Loyalists
U02492,16,1,8.46,14,12,1,0.0,10.82,19,0,0.0002,Low,At-Risk Spenders
U02493,22,3,70.2,21,15,3,0.0,7.22,39,0,0.0003,Low,At-Risk Spenders
U02494,2,43,6838.77,140,26,71,0.3943661971830986,9.62,2,0,0.0002,Low,High-Value Loyalists
U02495,1,15,925.22,71,38,18,0.1666666666666666,7.39,6,0,0.0002,Low,At-Risk Spenders
U02496,28,2,71.94,18,16,0,1.0,7.68,149,0,0.0008,Low,Casual Browsers
U02497,27,1,13.14,15,10,4,0.75,7.75,34,0,0.0003,Low,Casual Browsers
U02498,9,1,52.89,21,17,3,0.6666666666666667,10.49,128,0,0.0008,Low,Casual Browsers
U02499,14,1,47.9,25,22,2,0.5,12.91,14,0,0.0002,Low,At-Risk Spenders
U02500,3,8,467.94,57,33,16,0.5,6.87,14,0,0.0002,Low,At-Risk Spenders
U02501,8,4,232.3,32,16,12,0.6666666666666667,8.32,49,0,0.0005,Low,Casual Browsers
U02502,11,1,6.29,14,13,0,1.0,8.03,152,0,0.0008,Low,Casual Browsers
U02503,16,4,216.45,12,8,0,1.0,5.67,86,0,0.001,Low,Casual Browsers
U02504,0,11,656.42,51,25,15,0.2666666666666667,8.03,4,0,0.0002,Low,At-Risk Spenders
U02505,11,5,458.8,36,21,10,0.5,7.03,83,0,0.0014,Low,At-Risk Spenders
U02506,88,1,26.02,12,9,2,0.5,5.1,111,1,0.9994,High,Churned
U02507,9,0,0.0,6,5,1,1.0,14.77,39,0,0.0002,Low,Casual Browsers
U02508,28,22,2968.74,85,11,52,0.5769230769230769,7.16,28,0,0.0002,Low,At-Risk Spenders
U02509,0,0,0.0,10,9,1,1.0,9.0,30,0,0.0002,Low,Casual Browsers
U02510,7,1,16.39,11,10,0,1.0,9.48,175,0,0.0006,Low,Casual Browsers
U02511,89,1,14.53,11,7,3,0.6666666666666667,8.75,95,1,0.9995,High,Churned
U02512,10,1,39.18,35,18,16,0.9375,7.81,177,0,0.0006,Low,Casual Browsers
U02513,4,3,81.07,26,19,4,0.25,5.63,25,0,0.0002,Low,At-Risk Spenders
U02514,26,9,643.46,44,25,10,0.0999999999999999,7.27,55,0,0.0008,Low,At-Risk Spenders
U02515,27,0,0.0,13,13,0,1.0,10.75,57,0,0.0003,Low,Casual Browsers
U02516,6,10,474.4,62,35,17,0.4117647058823529,7.25,13,0,0.0002,Low,At-Risk Spenders
U02517,91,6,289.16,23,16,1,0.0,6.33,99,1,0.9997,High,Churned
U02518,1,0,0.0,3,3,0,1.0,5.03,31,0,0.0002,Low,Casual Browsers
U02519,16,0,0.0,17,14,3,1.0,6.5,46,0,0.0002,Low,Casual Browsers
U02520,22,3,62.46,20,17,0,1.0,6.82,69,0,0.0005,Low,Casual Browsers
U02521,18,1,38.58,23,20,2,0.5,10.39,83,0,0.0007,Low,At-Risk Spenders
U02522,43,0,0.0,8,7,1,1.0,11.24,73,1,0.9998,High,Churned
U02523,21,1,19.67,9,7,1,0.0,8.56,157,0,0.0008,Low,At-Risk Spenders
U02524,22,0,0.0,8,8,0,1.0,9.52,52,0,0.0002,Low,Casual Browsers
U02525,15,0,0.0,5,5,0,1.0,3.72,45,0,0.0002,Low,Casual Browsers
U02526,10,0,0.0,14,12,2,1.0,6.34,40,0,0.0002,Low,Casual Browsers
U02527,11,66,10104.22,197,33,98,0.326530612244898,8.38,11,0,0.0002,Low,High-Value Loyalists
U02528,11,0,0.0,17,15,2,1.0,7.05,41,0,0.0002,Low,Casual Browsers
U02529,90,13,681.41,62,30,19,0.3157894736842105,7.05,105,1,0.9997,High,Churned
U02530,3,9,458.51,60,25,26,0.6538461538461539,8.1,23,0,0.0002,Low,At-Risk Spenders
U02531,17,1,23.83,19,17,1,0.0,9.23,161,0,0.0008,Low,At-Risk Spenders
U02532,26,2,90.97,18,13,3,0.3333333333333333,6.19,81,0,0.0007,Low,At-Risk Spenders
U02533,7,0,0.0,6,6,0,1.0,5.45,37,0,0.0002,Low,Casual Browsers
U02534,89,0,0.0,13,13,0,1.0,9.43,119,1,0.9998,High,Churned
U02535,24,9,618.6,71,44,18,0.5,6.78,27,0,0.0002,Low,At-Risk Spenders
U02536,14,0,0.0,10,10,0,1.0,10.53,44,0,0.0002,Low,Casual Browsers
U02537,0,14,965.46,62,31,17,0.1764705882352941,6.64,3,0,0.0002,Low,At-Risk Spenders
U02538,116,11,729.12,48,21,16,0.3125,9.71,124,1,0.9998,High,Churned
U02539,16,0,0.0,11,11,0,1.0,7.03,46,0,0.0002,Low,Casual Browsers
U02540,22,0,0.0,6,6,0,1.0,14.22,52,0,0.0003,Low,Casual Browsers
U02541,26,4,285.08,39,20,15,0.7333333333333334,8.46,51,0,0.0005,Low,Casual Browsers
U02542,21,0,0.0,25,20,5,1.0,6.87,51,0,0.0002,Low,Casual Browsers
U02543,7,0,0.0,11,10,1,1.0,8.8,37,0,0.0002,Low,Casual Browsers
U02544,12,0,0.0,10,10,0,1.0,7.9,42,0,0.0002,Low,Casual Browsers
U02545,72,53,7628.62,158,24,81,0.345679012345679,6.81,73,1,0.9998,High,Churned
U02546,0,16,996.54,67,38,13,0.0,7.14,14,0,0.0002,Low,At-Risk Spenders
U02547,92,0,0.0,7,7,0,1.0,8.57,122,1,0.9998,High,Churned
U02548,24,8,546.24,78,40,30,0.7333333333333334,7.42,24,0,0.0002,Low,At-Risk Spenders
U02549,29,1,23.74,22,19,2,0.5,8.96,111,0,0.0008,Low,At-Risk Spenders
U02550,67,1,26.73,25,19,5,0.8,6.75,114,1,0.9995,High,Churned
U02551,13,0,0.0,13,13,0,1.0,9.18,43,0,0.0002,Low,Casual Browsers
U02552,118,61,9216.77,194,29,104,0.4134615384615384,8.26,118,1,0.9998,High,Churned
U02553,7,0,0.0,13,10,3,1.0,10.47,37,0,0.0002,Low,Casual Browsers
U02554,16,15,1070.99,77,36,26,0.4230769230769231,7.56,36,0,0.0006,Low,At-Risk Spenders
U02555,61,0,0.0,5,4,1,1.0,7.84,91,1,0.9998,High,Churned
U02556,2,12,762.88,50,20,18,0.3333333333333333,7.74,29,0,0.0002,Low,At-Risk Spenders
U02557,22,7,394.99,47,26,14,0.5,8.08,40,0,0.0005,Low,At-Risk Spenders
U02558,12,1,17.73,10,9,0,1.0,6.64,71,0,0.0005,Low,Casual Browsers
U02559,44,0,0.0,6,5,1,1.0,9.07,74,1,0.9998,High,Churned
U02560,6,1,35.46,25,18,6,0.8333333333333334,6.2,145,0,0.0008,Low,Casual Browsers
U02561,12,3,91.85,28,22,3,0.0,8.39,71,0,0.0005,Low,At-Risk Spenders
U02562,17,0,0.0,8,8,0,1.0,6.68,47,0,0.0002,Low,Casual Browsers
U02563,74,0,0.0,12,11,1,1.0,4.09,104,1,0.9998,High,Churned
U02564,119,4,102.68,25,18,3,0.0,9.92,119,1,0.9996,High,Churned
U02565,29,63,10571.97,195,29,103,0.3883495145631068,8.45,30,0,0.0002,Low,High-Value Loyalists
U02566,29,0,0.0,12,12,0,1.0,10.4,59,0,0.0003,Low,Casual Browsers
U02567,18,0,0.0,7,5,2,1.0,3.91,48,0,0.0002,Low,Casual Browsers
U02568,11,3,146.08,20,15,2,0.0,6.26,11,0,0.0002,Low,At-Risk Spenders
U02569,0,3,188.13,26,19,4,0.25,7.14,64,0,0.0005,Low,At-Risk Spenders
U02570,14,0,0.0,3,3,0,1.0,7.7,44,0,0.0002,Low,Casual Browsers
U02571,3,0,0.0,13,9,4,1.0,10.23,33,0,0.0002,Low,Casual Browsers
U02572,2,15,825.85,78,42,21,0.2857142857142857,7.2,21,0,0.0002,Low,At-Risk Spenders
U02573,5,3,142.7,24,18,3,0.0,7.51,5,0,0.0002,Low,At-Risk Spenders
U02574,7,1,12.74,18,13,4,0.75,6.64,23,0,0.0002,Low,Casual Browsers
U02575,26,6,458.85,32,13,13,0.5384615384615384,6.5,29,0,0.0002,Low,At-Risk Spenders
U02576,12,11,714.89,62,32,19,0.4210526315789473,7.67,46,0,0.0005,Low,At-Risk Spenders
U02577,20,0,0.0,13,13,0,1.0,7.32,50,0,0.0002,Low,Casual Browsers
U02578,2,3,118.34,23,18,2,0.0,8.87,13,0,0.0002,Low,At-Risk Spenders
U02579,10,10,701.69,46,16,20,0.5,9.1,18,0,0.0002,Low,At-Risk Spenders
U02580,27,0,0.0,22,20,2,1.0,7.95,57,0,0.0003,Low,Casual Browsers
U02581,118,11,788.22,77,39,27,0.5925925925925926,9.77,121,1,0.9998,High,Churned
U02582,0,0,0.0,10,10,0,1.0,7.7,30,0,0.0002,Low,Casual Browsers
U02583,26,2,101.38,28,21,5,0.6,9.31,41,0,0.0004,Low,At-Risk Spenders
U02584,19,11,776.32,66,28,27,0.5925925925925926,7.79,27,0,0.0002,Low,At-Risk Spenders
U02585,28,8,485.88,32,14,10,0.1999999999999999,10.39,29,0,0.0002,Low,At-Risk Spenders
U02586,15,6,437.23,54,27,21,0.7142857142857143,6.9,39,0,0.0004,Low,At-Risk Spenders
U02587,104,0,0.0,13,12,1,1.0,8.41,134,1,0.9998,High,Churned
U02588,26,2,96.02,28,22,4,0.5,8.24,75,0,0.0005,Low,At-Risk Spenders
U02589,12,0,0.0,14,14,0,1.0,6.11,42,0,0.0002,Low,Casual Browsers
U02590,1,50,7361.05,163,32,81,0.3827160493827161,8.24,2,0,0.0002,Low,High-Value Loyalists
U02591,0,1,5.66,25,22,2,0.5,9.03,0,0,0.0002,Low,At-Risk Spenders
U02592,9,13,1014.06,51,24,14,0.0714285714285714,5.89,25,0,0.0002,Low,At-Risk Spenders
U02593,15,2,89.49,17,12,3,0.3333333333333333,6.89,61,0,0.0004,Low,At-Risk Spenders
U02594,29,0,0.0,9,9,0,1.0,9.03,59,0,0.0003,Low,Casual Browsers
U02595,63,4,100.36,27,20,3,0.0,8.65,83,1,0.9997,High,Churned
U02596,26,2,72.61,28,23,3,0.3333333333333333,9.22,26,0,0.0002,Low,At-Risk Spenders
U02597,16,49,7633.94,158,28,81,0.3950617283950617,8.17,16,0,0.0002,Low,High-Value Loyalists
U02598,22,2,88.32,23,19,2,0.0,5.97,24,0,0.0002,Low,At-Risk Spenders
U02599,12,8,467.74,58,29,21,0.6190476190476191,8.09,58,0,0.0007,Low,At-Risk Spenders
U02600,35,0,0.0,13,13,0,1.0,4.13,65,1,0.9998,High,Churned
U02601,14,6,574.97,52,20,26,0.7692307692307692,9.28,24,0,0.0002,Low,Casual Browsers
U02602,65,10,881.38,70,40,20,0.5,8.62,65,1,0.9997,High,Churned
U02603,28,0,0.0,10,5,5,1.0,6.77,58,0,0.0003,Low,Casual Browsers
U02604,1,3,56.68,25,20,2,0.0,7.49,1,0,0.0002,Low,At-Risk Spenders
U02605,108,0,0.0,14,14,0,1.0,7.3,138,1,0.9998,High,Churned
U02606,12,0,0.0,27,21,6,1.0,10.94,42,0,0.0003,Low,Casual Browsers
U02607,49,15,1126.26,70,39,16,0.0625,7.38,49,1,0.9996,High,Churned
U02608,9,8,736.83,36,21,7,0.0,6.1,9,0,0.0002,Low,At-Risk Spenders
U02609,27,1,48.62,14,10,3,0.6666666666666667,10.38,57,0,0.0005,Low,Casual Browsers
U02610,35,0,0.0,25,19,6,1.0,9.15,65,1,0.9998,High,Churned
U02611,11,36,3552.15,117,14,67,0.4626865671641791,7.64,19,0,0.0002,Low,High-Value Loyalists
U02612,83,8,490.08,66,42,16,0.5,9.71,85,1,0.9997,High,Churned
U02613,3,1,15.77,16,13,2,0.5,5.11,53,0,0.0004,Low,At-Risk Spenders
U02614,23,3,70.56,20,13,4,0.25,8.96,80,0,0.0007,Low,At-Risk Spenders
U02615,29,9,763.16,50,29,12,0.25,7.79,47,0,0.0006,Low,At-Risk Spenders
U02616,73,1,12.79,25,23,1,0.0,7.01,87,1,0.9995,High,Churned
U02617,22,0,0.0,8,8,0,1.0,8.26,52,0,0.0002,Low,Casual Browsers
U02618,18,1,14.85,22,16,5,0.8,8.67,156,0,0.0008,Low,Casual Browsers
U02619,21,12,756.73,63,26,25,0.52,6.7,38,0,0.0005,Low,At-Risk Spenders
U02620,3,0,0.0,6,5,1,1.0,8.68,33,0,0.0002,Low,Casual Browsers
U02621,6,3,83.06,23,15,5,0.4,4.34,6,0,0.0002,Low,At-Risk Spenders
U02622,12,8,492.38,40,21,11,0.2727272727272727,8.51,15,0,0.0002,Low,At-Risk Spenders
U02623,22,2,66.82,29,23,4,0.5,9.08,81,0,0.0008,Low,At-Risk Spenders
U02624,21,2,125.59,24,16,6,0.6666666666666667,9.3,21,0,0.0002,Low,Casual Browsers
U02625,10,5,141.74,27,19,3,0.0,7.13,10,0,0.0002,Low,At-Risk Spenders
U02626,29,0,0.0,21,20,1,1.0,9.84,59,0,0.0003,Low,Casual Browsers
U02627,72,31,4187.31,108,10,67,0.5373134328358209,7.98,72,1,0.9998,High,Churned
U02628,28,4,109.22,26,18,4,0.0,6.32,36,0,0.0003,Low,At-Risk Spenders
U02629,14,0,0.0,10,9,1,1.0,4.93,44,0,0.0002,Low,Casual Browsers
U02630,5,0,0.0,8,8,0,1.0,5.21,35,0,0.0002,Low,Casual Browsers
U02631,1,0,0.0,3,2,1,1.0,8.5,31,0,0.0002,Low,Casual Browsers
U02632,28,36,5116.03,135,16,83,0.5662650602409638,8.43,28,0,0.0002,Low,High-Value Loyalists
U02633,32,0,0.0,16,14,2,1.0,6.36,62,1,0.9997,High,Churned
U02634,29,2,46.39,21,17,2,0.0,10.17,119,0,0.0008,Low,At-Risk Spenders
U02635,29,2,114.06,30,19,9,0.7777777777777778,9.38,74,0,0.0008,Low,Casual Browsers
U02636,22,39,5830.95,118,18,61,0.360655737704918,7.72,22,0,0.0002,Low,High-Value Loyalists
U02637,22,60,8490.03,159,24,75,0.1999999999999999,8.52,22,0,0.0002,Low,High-Value Loyalists
U02638,5,0,0.0,4,4,0,1.0,5.72,35,0,0.0002,Low,Casual Browsers
U02639,22,42,5174.26,125,19,64,0.34375,7.92,23,0,0.0002,Low,High-Value Loyalists
U02640,9,1,9.33,7,6,0,1.0,9.81,9,0,0.0002,Low,Casual Browsers
U02641,16,2,49.65,17,12,3,0.3333333333333333,7.81,138,0,0.0008,Low,At-Risk Spenders
U02642,87,0,0.0,15,15,0,1.0,5.37,117,1,0.9998,High,Churned
U02643,24,4,179.07,43,13,26,0.8461538461538461,6.61,28,0,0.0002,Low,Casual Browsers
U02644,16,0,0.0,9,9,0,1.0,9.47,46,0,0.0002,Low,Casual Browsers
U02645,73,6,447.48,66,31,29,0.7931034482758621,8.92,89,1,0.9997,High,Churned
U02646,16,2,89.36,28,22,4,0.5,8.77,36,0,0.0004,Low,At-Risk Spenders
U02647,1,2,65.11,11,8,1,0.0,8.13,31,0,0.0003,Low,At-Risk Spenders
U02648,10,0,0.0,19,16,3,1.0,6.77,40,0,0.0002,Low,Casual Browsers
U02649,15,4,140.26,12,7,1,0.0,8.24,115,0,0.0013,Low,At-Risk Spenders
U02650,27,0,0.0,9,9,0,1.0,13.64,57,0,0.0003,Low,Casual Browsers
U02651,0,1,11.99,14,12,1,0.0,7.84,144,0,0.0008,Low,At-Risk Spenders
U02652,13,0,0.0,13,13,0,1.0,8.1,43,0,0.0002,Low,Casual Browsers
U02653,1,16,1122.88,79,37,26,0.3846153846153846,7.38,3,0,0.0002,Low,At-Risk Spenders
U02654,104,1,20.94,16,15,0,1.0,8.33,175,1,0.9993,High,Churned
U02655,13,1,63.2,28,18,9,0.8888888888888888,7.97,105,0,0.0008,Low,Casual Browsers
U02656,20,4,193.02,24,16,4,0.0,8.42,75,0,0.001,Low,At-Risk Spenders
U02657,18,28,3806.56,93,9,56,0.5,8.62,18,0,0.0002,Low,High-Value Loyalists
U02658,10,1,42.53,22,17,4,0.75,9.94,130,0,0.0008,Low,Casual Browsers
U02659,1,8,457.81,56,29,19,0.5789473684210527,7.42,17,0,0.0002,Low,At-Risk Spenders
U02660,1,1,9.49,12,11,0,1.0,11.88,44,0,0.0002,Low,Casual Browsers
U02661,5,0,0.0,10,9,1,1.0,13.02,35,0,0.0002,Low,Casual Browsers
U02662,8,0,0.0,3,3,0,1.0,12.93,38,0,0.0002,Low,Casual Browsers
U02663,9,3,137.88,22,17,2,0.0,9.97,96,0,0.001,Low,At-Risk Spenders
U02664,25,1,41.83,11,9,1,0.0,5.72,136,0,0.0008,Low,At-Risk Spenders
U02665,3,0,0.0,10,7,3,1.0,13.18,33,0,0.0002,Low,Casual Browsers
U02666,28,10,752.9,53,25,18,0.4444444444444444,8.03,28,0,0.0002,Low,At-Risk Spenders
U02667,105,10,630.51,56,30,16,0.375,9.29,110,1,0.9998,High,Churned
U02668,7,0,0.0,13,12,1,1.0,8.42,37,0,0.0002,Low,Casual Browsers
U02669,25,0,0.0,8,8,0,1.0,5.42,55,0,0.0002,Low,Casual Browsers
U02670,26,0,0.0,10,9,1,1.0,12.14,56,0,0.0003,Low,Casual Browsers
U02671,7,1,18.84,14,12,1,0.0,7.27,105,0,0.0008,Low,At-Risk Spenders
U02672,4,0,0.0,8,8,0,1.0,10.31,34,0,0.0002,Low,Casual Browsers
U02673,24,6,417.85,33,19,8,0.25,6.33,38,0,0.0004,Low,At-Risk Spenders
U02674,15,7,511.39,37,19,11,0.3636363636363636,9.2,15,0,0.0002,Low,At-Risk Spenders
U02675,19,12,679.04,71,43,16,0.25,8.07,29,0,0.0002,Low,At-Risk Spenders
U02676,7,0,0.0,14,9,5,1.0,11.43,37,0,0.0002,Low,Casual Browsers
U02677,19,8,559.46,59,34,17,0.5294117647058824,5.85,26,0,0.0002,Low,At-Risk Spenders
U02678,37,9,495.01,59,31,19,0.5263157894736843,6.64,37,1,0.9992,High,Churned
U02679,61,1,51.69,12,11,0,1.0,6.63,115,1,0.9995,High,Churned
U02680,25,0,0.0,3,3,0,1.0,15.87,55,0,0.0003,Low,Casual Browsers
U02681,25,0,0.0,11,11,0,1.0,6.58,55,0,0.0003,Low,Casual Browsers
U02682,6,0,0.0,5,5,0,1.0,6.72,36,0,0.0002,Low,Casual Browsers
U02683,113,3,124.57,16,11,2,0.0,7.86,151,1,0.9996,High,Churned
U02684,6,2,89.97,19,15,2,0.0,7.77,30,0,0.0002,Low,At-Risk Spenders
U02685,17,0,0.0,14,12,2,1.0,7.94,47,0,0.0002,Low,Casual Browsers
U02686,34,0,0.0,7,7,0,1.0,11.14,64,1,0.9998,High,Churned
U02687,78,0,0.0,19,18,1,1.0,12.57,108,1,0.9998,High,Churned
U02688,0,0,0.0,9,8,1,1.0,9.79,30,0,0.0002,Low,Casual Browsers
U02689,6,33,4131.51,83,13,37,0.1081081081081081,7.83,16,0,0.0002,Low,High-Value Loyalists
U02690,1,0,0.0,13,11,2,1.0,10.12,31,0,0.0002,Low,Casual Browsers
U02691,29,2,89.79,19,16,1,0.0,10.68,69,0,0.0004,Low,At-Risk Spenders
U02692,20,2,99.54,27,22,3,0.3333333333333333,7.55,73,0,0.0005,Low,At-Risk Spenders
U02693,70,13,711.63,67,39,15,0.1333333333333333,8.76,73,1,0.9998,High,Churned
U02694,15,1,26.51,26,19,6,0.8333333333333334,8.73,40,0,0.0003,Low,Casual Browsers
U02695,19,6,255.45,31,17,8,0.25,7.45,40,0,0.0004,Low,At-Risk Spenders
U02696,1,1,8.19,13,9,3,0.6666666666666667,7.13,20,0,0.0002,Low,Casual Browsers
U02697,28,0,0.0,5,5,0,1.0,11.42,58,0,0.0003,Low,Casual Browsers
U02698,9,0,0.0,24,22,2,1.0,8.66,39,0,0.0002,Low,Casual Browsers
U02699,15,0,0.0,10,10,0,1.0,9.66,45,0,0.0002,Low,Casual Browsers
U02700,16,1,37.11,13,10,2,0.5,9.24,90,0,0.0007,Low,At-Risk Spenders
U02701,20,5,317.86,32,20,7,0.2857142857142857,8.79,58,0,0.0007,Low,At-Risk Spenders
U02702,26,35,4873.97,108,21,52,0.3269230769230768,7.72,26,0,0.0002,Low,High-Value Loyalists
U02703,66,0,0.0,14,13,1,1.0,7.1,96,1,0.9998,High,Churned
U02704,85,9,405.35,59,28,22,0.5909090909090908,7.23,85,1,0.9997,High,Churned
U02705,17,0,0.0,14,14,0,1.0,5.63,47,0,0.0002,Low,Casual Browsers
U02706,20,0,0.0,12,11,1,1.0,5.07,50,0,0.0002,Low,Casual Browsers
U02707,104,0,0.0,13,11,2,1.0,8.68,134,1,0.9998,High,Churned
U02708,9,10,547.64,57,25,22,0.5454545454545454,10.21,12,0,0.0002,Low,At-Risk Spenders
U02709,82,28,3377.1,97,25,44,0.3636363636363636,8.26,82,1,0.9998,High,Churned
U02710,8,50,6791.61,165,27,88,0.4318181818181817,7.77,10,0,0.0002,Low,High-Value Loyalists
U02711,26,0,0.0,9,8,1,1.0,5.5,56,0,0.0003,Low,Casual Browsers
U02712,25,13,1007.89,63,28,22,0.409090909090909,7.99,28,0,0.0002,Low,At-Risk Spenders
U02713,5,43,5935.81,157,24,90,0.5222222222222221,8.26,13,0,0.0002,Low,High-Value Loyalists
U02714,0,19,3179.83,81,13,49,0.6122448979591837,9.75,0,0,0.0002,Low,At-Risk Spenders
U02715,115,3,223.87,45,26,16,0.8125,9.45,127,1,0.9996,High,Churned
U02716,5,0,0.0,8,8,0,1.0,10.92,35,0,0.0002,Low,Casual Browsers
U02717,16,0,0.0,6,5,1,1.0,7.5,46,0,0.0002,Low,Casual Browsers
U02718,16,6,479.63,47,25,16,0.625,8.47,51,0,0.0005,Low,At-Risk Spenders
U02719,13,7,440.85,60,38,15,0.5333333333333333,6.11,32,0,0.0003,Low,At-Risk Spenders
U02720,41,1,25.46,10,8,1,0.0,2.96,111,1,0.9995,High,Churned
U02721,5,1,16.64,14,12,1,0.0,6.96,18,0,0.0002,Low,At-Risk Spenders
U02722,2,0,0.0,5,4,1,1.0,7.66,32,0,0.0002,Low,Casual Browsers
U02723,27,5,365.0,37,16,16,0.6875,6.95,40,0,0.0004,Low,Casual Browsers
U02724,15,1,26.22,11,10,0,1.0,9.68,31,0,0.0002,Low,Casual Browsers
U02725,4,1,46.92,11,9,1,0.0,7.26,77,0,0.0005,Low,At-Risk Spenders
U02726,14,0,0.0,7,7,0,1.0,4.31,44,0,0.0002,Low,Casual Browsers
U02727,47,43,5842.6,133,22,68,0.3676470588235294,9.96,47,1,0.9996,High,Churned
U02728,24,6,421.44,33,17,10,0.4,8.43,30,0,0.0002,Low,At-Risk Spenders
U02729,16,6,428.09,51,28,17,0.6470588235294117,5.9,100,0,0.0014,Low,At-Risk Spenders
U02730,7,2,69.62,22,18,2,0.0,4.65,27,0,0.0002,Low,At-Risk Spenders
U02731,27,10,887.51,64,34,20,0.5,7.88,38,0,0.0005,Low,At-Risk Spenders
U02732,15,1,49.88,12,9,2,0.5,7.27,169,0,0.0008,Low,At-Risk Spenders
U02733,88,59,8330.01,176,27,90,0.3444444444444444,8.12,88,1,0.9998,High,Churned
U02734,0,1,12.68,6,3,2,0.5,7.93,89,0,0.0007,Low,At-Risk Spenders
U02735,24,8,613.17,55,30,17,0.5294117647058824,6.19,28,0,0.0002,Low,At-Risk Spenders
U02736,16,0,0.0,7,7,0,1.0,17.46,46,0,0.0002,Low,Casual Browsers
U02737,29,9,717.54,52,21,22,0.5909090909090908,7.07,31,0,0.0003,Low,At-Risk Spenders
U02738,3,11,665.48,55,28,16,0.3125,8.29,23,0,0.0002,Low,At-Risk Spenders
U02739,23,2,73.68,26,21,3,0.3333333333333333,6.52,92,0,0.0008,Low,At-Risk Spenders
U02740,93,2,48.25,22,14,6,0.6666666666666667,7.7,138,1,0.9995,High,Churned
U02741,18,44,6397.54,130,19,67,0.3432835820895522,7.67,22,0,0.0002,Low,High-Value Loyalists
U02742,1,4,140.99,27,20,3,0.0,5.5,9,0,0.0002,Low,At-Risk Spenders
U02743,0,2,60.36,20,13,5,0.6,6.97,113,0,0.0008,Low,Casual Browsers
U02744,96,34,4188.67,116,23,59,0.423728813559322,8.21,97,1,0.9998,High,Churned
U02745,13,3,198.74,40,23,14,0.7857142857142857,8.52,18,0,0.0002,Low,Casual Browsers
U02746,12,13,783.9,71,38,20,0.35,9.35,12,0,0.0002,Low,At-Risk Spenders
U02747,3,7,386.93,37,15,15,0.5333333333333333,7.63,40,0,0.0004,Low,At-Risk Spenders
U02748,88,42,5861.97,126,20,64,0.34375,7.92,89,1,0.9998,High,Churned
U02749,5,10,684.57,69,37,22,0.5454545454545454,8.72,16,0,0.0002,Low,At-Risk Spenders
U02750,15,2,48.15,15,8,5,0.6,10.11,74,0,0.0005,Low,Casual Browsers
U02751,12,1,44.16,11,9,1,0.0,6.92,95,0,0.0008,Low,At-Risk Spenders
U02752,8,6,279.53,53,27,20,0.7,10.54,27,0,0.0002,Low,At-Risk Spenders
U02753,21,39,5667.24,192,35,118,0.6694915254237288,7.96,21,0,0.0002,Low,High-Value Loyalists
U02754,26,6,326.91,40,21,13,0.5384615384615384,7.22,100,0,0.0015,Low,At-Risk Spenders
U02755,13,0,0.0,11,8,3,1.0,12.34,43,0,0.0002,Low,Casual Browsers
U02756,12,1,14.56,14,12,1,0.0,7.38,100,0,0.0008,Low,At-Risk Spenders
U02757,22,4,255.73,28,15,9,0.5555555555555556,6.69,35,0,0.0004,Low,At-Risk Spenders
U02758,26,0,0.0,12,10,2,1.0,9.28,56,0,0.0003,Low,Casual Browsers
U02759,3,40,6915.52,126,19,67,0.4029850746268657,8.59,3,0,0.0002,Low,High-Value Loyalists
U02760,91,1,53.65,12,9,2,0.5,13.98,161,1,0.9995,High,Churned
U02761,69,0,0.0,11,11,0,1.0,9.55,99,1,0.9998,High,Churned
U02762,34,9,348.98,55,26,20,0.55,6.58,61,1,0.9996,High,Churned
U02763,14,3,128.62,22,15,4,0.25,9.04,65,0,0.0005,Low,At-Risk Spenders
U02764,13,0,0.0,12,12,0,1.0,6.1,43,0,0.0002,Low,Casual Browsers
U02765,107,24,3674.17,82,9,49,0.5102040816326531,7.65,110,1,0.9998,High,Churned
U02766,13,12,931.74,44,16,16,0.25,7.01,22,0,0.0002,Low,At-Risk Spenders
U02767,10,18,1235.39,79,31,30,0.4,7.79,21,0,0.0002,Low,At-Risk Spenders
U02768,21,0,0.0,11,8,3,1.0,10.38,51,0,0.0002,Low,Casual Browsers
U02769,28,0,0.0,22,19,3,1.0,9.36,58,0,0.0003,Low,Casual Browsers
U02770,16,5,302.54,69,38,26,0.8076923076923077,7.73,22,0,0.0002,Low,Casual Browsers
U02771,48,2,13.87,12,9,1,0.0,7.53,65,1,0.9991,High,Churned
U02772,14,19,1089.38,71,35,17,0.0,7.09,16,0,0.0002,Low,At-Risk Spenders
U02773,7,0,0.0,14,14,0,1.0,10.29,37,0,0.0002,Low,Casual Browsers
U02774,0,2,52.13,22,18,2,0.0,6.78,0,0,0.0002,Low,At-Risk Spenders
U02775,6,0,0.0,22,18,4,1.0,8.5,36,0,0.0002,Low,Casual Browsers
U02776,7,0,0.0,3,3,0,1.0,9.83,37,0,0.0002,Low,Casual Browsers
U02777,65,57,8376.86,175,29,89,0.3595505617977528,7.9,67,1,0.9998,High,Churned
U02778,15,3,88.38,28,24,1,0.0,8.67,15,0,0.0002,Low,At-Risk Spenders
U02779,5,1,6.86,6,5,0,1.0,3.68,122,0,0.0008,Low,Casual Browsers
U02780,10,0,0.0,15,13,2,1.0,8.56,40,0,0.0002,Low,Casual Browsers
U02781,108,0,0.0,3,3,0,1.0,10.6,138,1,0.9998,High,Churned
U02782,0,0,0.0,21,19,2,1.0,6.74,30,0,0.0002,Low,Casual Browsers
U02783,0,5,374.79,70,41,24,0.7916666666666666,7.66,70,0,0.0009,Low,Casual Browsers
U02784,2,1,11.05,14,12,1,0.0,7.52,2,0,0.0002,Low,At-Risk Spenders
U02785,29,0,0.0,12,12,0,1.0,9.58,59,0,0.0003,Low,Casual Browsers
U02786,20,0,0.0,12,11,1,1.0,7.41,50,0,0.0002,Low,Casual Browsers
U02787,6,1,27.67,15,12,2,0.5,9.87,171,0,0.0007,Low,At-Risk Spenders
U02788,0,1,5.9,13,10,2,0.5,5.21,151,0,0.0008,Low,At-Risk Spenders
U02789,23,2,79.32,26,21,3,0.3333333333333333,4.83,23,0,0.0002,Low,At-Risk Spenders
U02790,2,0,0.0,6,5,1,1.0,14.68,32,0,0.0002,Low,Casual Browsers
U02791,12,0,0.0,11,11,0,1.0,5.93,42,0,0.0002,Low,Casual Browsers
U02792,27,30,3823.57,133,25,78,0.6153846153846154,7.74,29,0,0.0002,Low,High-Value Loyalists
U02793,11,3,114.21,24,16,5,0.4,7.41,21,0,0.0002,Low,At-Risk Spenders
U02794,19,5,176.15,39,21,13,0.6153846153846154,9.57,30,0,0.0002,Low,At-Risk Spenders
U02795,21,6,460.03,31,17,8,0.25,6.97,53,0,0.0007,Low,At-Risk Spenders
U02796,18,1,17.49,19,16,2,0.5,6.21,142,0,0.0008,Low,At-Risk Spenders
U02797,59,1,19.55,12,9,2,0.5,6.69,168,1,0.9995,High,Churned
U02798,17,0,0.0,12,12,0,1.0,6.66,47,0,0.0002,Low,Casual Browsers
U02799,3,0,0.0,12,12,0,1.0,7.98,33,0,0.0002,Low,Casual Browsers
U02800,28,7,645.16,49,23,19,0.631578947368421,10.62,32,0,0.0003,Low,At-Risk Spenders
U02801,23,6,661.52,31,16,9,0.3333333333333333,10.11,23,0,0.0002,Low,At-Risk Spenders
U02802,20,29,3742.47,91,13,49,0.4081632653061224,7.55,23,0,0.0002,Low,High-Value Loyalists
U02803,20,0,0.0,7,7,0,1.0,2.21,50,0,0.0002,Low,Casual Browsers
U02804,1,0,0.0,12,9,3,1.0,11.47,31,0,0.0002,Low,Casual Browsers
U02805,26,3,59.56,27,22,2,0.0,7.06,31,0,0.0003,Low,At-Risk Spenders
U02806,16,0,0.0,12,11,1,1.0,7.12,46,0,0.0002,Low,Casual Browsers
U02807,11,16,1213.46,70,32,22,0.2727272727272727,8.49,14,0,0.0002,Low,At-Risk Spenders
U02808,4,54,7083.32,179,29,96,0.4375,8.2,4,0,0.0002,Low,High-Value Loyalists
U02809,22,1,29.67,15,11,3,0.6666666666666667,10.89,134,0,0.0007,Low,Casual Browsers
U02810,28,2,40.42,12,9,1,0.0,4.88,104,0,0.0007,Low,At-Risk Spenders
U02811,15,64,9439.7,190,26,100,0.36,7.55,15,0,0.0002,Low,High-Value Loyalists
U02812,22,0,0.0,8,8,0,1.0,10.58,52,0,0.0002,Low,Casual Browsers
U02813,6,1,29.63,13,10,2,0.5,4.68,130,0,0.0007,Low,At-Risk Spenders
U02814,23,3,53.95,25,19,3,0.0,7.59,23,0,0.0002,Low,At-Risk Spenders
U02815,17,10,548.06,57,27,20,0.5,8.56,45,0,0.0005,Low,At-Risk Spenders
U02816,11,4,155.66,40,23,13,0.6923076923076923,8.32,13,0,0.0002,Low,Casual Browsers
U02817,15,0,0.0,27,24,3,1.0,8.4,45,0,0.0002,Low,Casual Browsers
U02818,53,2,61.08,18,10,6,0.6666666666666667,8.19,53,1,0.9993,High,Churned
U02819,40,0,0.0,4,4,0,1.0,10.45,70,1,0.9998,High,Churned
U02820,26,0,0.0,8,8,0,1.0,5.39,56,0,0.0002,Low,Casual Browsers
U02821,4,0,0.0,10,9,1,1.0,9.74,34,0,0.0002,Low,Casual Browsers
U02822,5,0,0.0,5,5,0,1.0,5.12,35,0,0.0002,Low,Casual Browsers
U02823,27,2,88.82,13,8,3,0.3333333333333333,9.17,128,0,0.0008,Low,At-Risk Spenders
U02824,24,1,26.36,27,22,4,0.75,10.86,151,0,0.0008,Low,Casual Browsers
U02825,29,9,626.88,79,37,33,0.7272727272727273,7.67,29,0,0.0002,Low,At-Risk Spenders
U02826,15,1,15.49,14,13,0,1.0,6.35,75,0,0.0005,Low,Casual Browsers
U02827,7,0,0.0,8,8,0,1.0,8.29,37,0,0.0002,Low,Casual Browsers
U02828,76,8,457.43,52,23,21,0.6190476190476191,6.99,103,1,0.9997,High,Churned
U02829,27,1,43.39,19,16,2,0.5,5.02,28,0,0.0002,Low,At-Risk Spenders
U02830,45,0,0.0,14,14,0,1.0,7.81,75,1,0.9998,High,Churned
U02831,27,0,0.0,12,11,1,1.0,7.13,57,0,0.0003,Low,Casual Browsers
U02832,26,8,470.2,76,33,35,0.7714285714285715,7.28,58,0,0.0007,Low,At-Risk Spenders
U02833,65,0,0.0,9,9,0,1.0,3.56,95,1,0.9998,High,Churned
U02834,5,3,150.47,18,12,3,0.0,8.59,5,0,0.0002,Low,At-Risk Spenders
U02835,0,0,0.0,8,7,1,1.0,11.76,30,0,0.0002,Low,Casual Browsers
U02836,20,1,62.86,28,21,6,0.8333333333333334,6.86,22,0,0.0002,Low,Casual Browsers
U02837,21,1,38.15,12,9,2,0.5,8.69,163,0,0.0008,Low,At-Risk Spenders
U02838,66,5,284.81,32,18,9,0.4444444444444444,10.06,66,1,0.9997,High,Churned
U02839,13,0,0.0,10,9,1,1.0,8.2,43,0,0.0002,Low,Casual Browsers
U02840,0,28,4728.47,116,27,61,0.540983606557377,7.95,2,0,0.0002,Low,High-Value Loyalists
U02841,8,12,422.46,79,41,26,0.5384615384615384,8.19,11,0,0.0002,Low,At-Risk Spenders
U02842,1,2,36.99,24,19,3,0.3333333333333333,10.98,61,0,0.0004,Low,At-Risk Spenders
U02843,16,0,0.0,10,10,0,1.0,9.34,46,0,0.0002,Low,Casual Browsers
U02844,7,3,49.64,26,21,2,0.0,7.84,75,0,0.0005,Low,At-Risk Spenders
U02845,29,14,1001.13,75,38,23,0.3913043478260869,8.27,56,0,0.001,Low,At-Risk Spenders
U02846,9,13,851.74,66,34,19,0.3157894736842105,6.56,72,0,0.0015,Low,At-Risk Spenders
U02847,29,0,0.0,8,7,1,1.0,8.99,59,0,0.0003,Low,Casual Browsers
U02848,22,3,73.12,25,17,5,0.4,5.66,24,0,0.0002,Low,At-Risk Spenders
U02849,18,10,743.84,59,27,22,0.5454545454545454,6.97,21,0,0.0002,Low,At-Risk Spenders
U02850,2,6,413.63,40,22,12,0.5,8.0,28,0,0.0002,Low,At-Risk Spenders
U02851,22,10,1086.11,39,19,10,0.0,7.34,22,0,0.0002,Low,At-Risk Spenders
U02852,18,7,395.78,71,47,17,0.5882352941176471,7.68,25,0,0.0002,Low,At-Risk Spenders
U02853,10,63,8216.2,186,20,103,0.3883495145631068,7.78,14,0,0.0002,Low,High-Value Loyalists
U02854,22,0,0.0,6,6,0,1.0,7.07,52,0,0.0002,Low,Casual Browsers
U02855,71,7,586.15,33,12,14,0.5,7.57,115,1,0.9997,High,Churned
U02856,11,2,70.11,10,6,2,0.0,9.65,159,0,0.0008,Low,At-Risk Spenders
U02857,15,0,0.0,10,9,1,1.0,6.33,45,0,0.0002,Low,Casual Browsers
U02858,66,5,557.07,71,39,27,0.8148148148148149,9.07,121,1,0.9997,High,Churned
U02859,43,3,320.71,32,19,10,0.7,5.28,56,1,0.9995,High,Churned
U02860,0,0,0.0,3,3,0,1.0,13.2,30,0,0.0002,Low,Casual Browsers
U02861,23,0,0.0,6,6,0,1.0,5.37,53,0,0.0002,Low,Casual Browsers
U02862,18,57,7808.0,178,25,96,0.40625,7.33,25,0,0.0002,Low,High-Value Loyalists
U02863,6,2,65.19,24,18,4,0.5,12.48,31,0,0.0003,Low,At-Risk Spenders
U02864,26,16,1086.03,57,22,19,0.1578947368421053,7.19,39,0,0.0006,Low,At-Risk Spenders
U02865,10,0,0.0,14,12,2,1.0,4.04,40,0,0.0002,Low,Casual Browsers
U02866,7,10,625.82,79,42,27,0.6296296296296297,7.58,18,0,0.0002,Low,At-Risk Spenders
U02867,13,41,5293.39,142,25,76,0.4605263157894737,7.54,13,0,0.0002,Low,High-Value Loyalists
U02868,2,15,1132.09,62,30,17,0.1176470588235294,10.4,6,0,0.0002,Low,At-Risk Spenders
U02869,22,6,339.38,40,21,13,0.5384615384615384,7.79,22,0,0.0002,Low,At-Risk Spenders
U02870,23,1,12.3,25,24,0,1.0,6.9,97,0,0.0008,Low,Casual Browsers
U02871,11,5,259.27,58,33,20,0.75,7.92,33,0,0.0004,Low,Casual Browsers
U02872,16,2,73.49,16,13,1,0.0,4.83,38,0,0.0003,Low,At-Risk Spenders
U02873,12,0,0.0,13,12,1,1.0,6.92,42,0,0.0002,Low,Casual Browsers
U02874,24,0,0.0,3,3,0,1.0,10.37,54,0,0.0002,Low,Casual Browsers
U02875,0,1,10.31,17,14,2,0.5,8.01,127,0,0.0008,Low,At-Risk Spenders
U02876,14,3,60.87,24,19,2,0.0,7.36,102,0,0.0008,Low,At-Risk Spenders
U02877,9,6,251.96,41,18,17,0.6470588235294117,9.33,40,0,0.0004,Low,At-Risk Spenders
U02878,19,12,1016.3,61,33,16,0.25,7.24,34,0,0.0005,Low,At-Risk Spenders
U02879,10,26,4211.36,106,21,59,0.5593220338983051,8.83,10,0,0.0002,Low,High-Value Loyalists
U02880,0,0,0.0,9,9,0,1.0,7.98,30,0,0.0002,Low,Casual Browsers
U02881,18,1,22.68,18,14,3,0.6666666666666667,6.84,113,0,0.0008,Low,Casual Browsers
U02882,29,10,1009.34,72,36,26,0.6153846153846154,6.31,35,0,0.0004,Low,At-Risk Spenders
U02883,19,7,382.23,38,16,15,0.5333333333333333,8.89,46,0,0.0005,Low,At-Risk Spenders
U02884,69,0,0.0,3,3,0,1.0,2.03,99,1,0.9998,High,Churned
U02885,70,0,0.0,18,17,1,1.0,6.43,100,1,0.9998,High,Churned
U02886,0,34,5012.71,144,22,88,0.6136363636363636,7.72,0,0,0.0002,Low,High-Value Loyalists
U02887,23,1,27.74,20,17,2,0.5,4.84,169,0,0.0007,Low,At-Risk Spenders
U02888,1,57,7869.73,196,34,105,0.4571428571428572,7.72,1,0,0.0002,Low,High-Value Loyalists
U02889,3,10,661.17,43,17,16,0.375,8.06,3,0,0.0002,Low,At-Risk Spenders
U02890,16,0,0.0,8,8,0,1.0,8.68,46,0,0.0002,Low,Casual Browsers
U02891,29,11,662.13,61,28,22,0.5,8.98,38,0,0.0005,Low,At-Risk Spenders
U02892,11,6,265.92,40,23,11,0.4545454545454546,12.03,16,0,0.0002,Low,At-Risk Spenders
U02893,5,1,16.64,19,17,1,0.0,7.95,59,0,0.0005,Low,At-Risk Spenders
U02894,22,2,47.88,25,20,3,0.3333333333333333,8.38,102,0,0.0008,Low,At-Risk Spenders
U02895,14,40,6292.33,181,29,112,0.6428571428571428,9.2,18,0,0.0002,Low,High-Value Loyalists
U02896,0,0,0.0,13,13,0,1.0,5.18,30,0,0.0002,Low,Casual Browsers
U02897,17,3,203.5,25,20,2,0.0,7.86,37,0,0.0003,Low,At-Risk Spenders
U02898,15,1,12.4,28,22,5,0.8,9.06,169,0,0.0008,Low,Casual Browsers
U02899,7,0,0.0,3,3,0,1.0,10.4,37,0,0.0002,Low,Casual Browsers
U02900,36,0,0.0,19,14,5,1.0,8.15,66,1,0.9998,High,Churned
U02901,67,1,37.9,20,16,3,0.6666666666666667,8.15,156,1,0.9995,High,Churned
U02902,6,1,20.63,26,19,6,0.8333333333333334,7.03,58,0,0.0005,Low,Casual Browsers
U02903,43,0,0.0,7,7,0,1.0,7.03,73,1,0.9998,High,Churned
U02904,29,6,248.9,28,20,2,0.0,4.65,70,0,0.0012,Low,At-Risk Spenders
U02905,10,1,4.95,13,12,0,1.0,7.44,23,0,0.0002,Low,Casual Browsers
U02906,87,47,7606.29,154,23,84,0.4404761904761904,9.13,87,1,0.9998,High,Churned
U02907,14,2,138.31,26,21,3,0.3333333333333333,6.58,63,0,0.0005,Low,At-Risk Spenders
U02908,13,0,0.0,7,5,2,1.0,9.24,43,0,0.0002,Low,Casual Browsers
U02909,27,1,29.63,18,15,2,0.5,9.63,123,0,0.0007,Low,At-Risk Spenders
U02910,8,0,0.0,14,14,0,1.0,7.04,38,0,0.0002,Low,Casual Browsers
U02911,18,0,0.0,14,8,6,1.0,7.85,48,0,0.0003,Low,Casual Browsers
U02912,37,2,55.98,28,22,4,0.5,9.78,41,1,0.999,High,Churned
U02913,2,0,0.0,3,3,0,1.0,12.73,32,0,0.0002,Low,Casual Browsers
U02914,25,9,460.93,35,18,8,0.0,8.38,25,0,0.0002,Low,At-Risk Spenders
U02915,23,0,0.0,14,11,3,1.0,6.53,53,0,0.0002,Low,Casual Browsers
U02916,7,0,0.0,17,16,1,1.0,7.69,37,0,0.0002,Low,Casual Browsers
U02917,10,0,0.0,8,8,0,1.0,7.14,40,0,0.0002,Low,Casual Browsers
U02918,29,12,509.16,46,20,14,0.1428571428571429,7.9,53,0,0.0009,Low,At-Risk Spenders
U02919,7,28,5445.62,111,18,65,0.5692307692307692,8.22,12,0,0.0002,Low,High-Value Loyalists
U02920,11,2,39.47,14,11,1,0.0,10.0,131,0,0.0008,Low,At-Risk Spenders
U02921,12,3,172.45,21,15,3,0.0,7.78,58,0,0.0005,Low,At-Risk Spenders
U02922,8,14,921.7,74,41,19,0.2631578947368421,8.3,8,0,0.0002,Low,At-Risk Spenders
U02923,18,13,678.99,54,24,17,0.2352941176470588,8.42,29,0,0.0002,Low,At-Risk Spenders
U02924,3,1,35.38,21,18,2,0.5,5.04,86,0,0.0006,Low,At-Risk Spenders
U02925,13,0,0.0,10,10,0,1.0,7.95,43,0,0.0002,Low,Casual Browsers
U02926,8,0,0.0,14,14,0,1.0,8.79,38,0,0.0002,Low,Casual Browsers
U02927,17,0,0.0,13,13,0,1.0,8.05,47,0,0.0002,Low,Casual Browsers
U02928,9,0,0.0,13,9,4,1.0,8.28,39,0,0.0002,Low,Casual Browsers
U02929,27,0,0.0,20,18,2,1.0,8.27,57,0,0.0003,Low,Casual Browsers
U02930,7,2,47.76,25,21,2,0.0,9.42,28,0,0.0002,Low,At-Risk Spenders
U02931,26,2,39.88,29,21,6,0.6666666666666667,7.84,59,0,0.0006,Low,Casual Browsers
U02932,17,1,15.39,13,12,0,1.0,5.55,63,0,0.0005,Low,Casual Browsers
U02933,95,9,513.76,78,39,30,0.7,7.73,111,1,0.9997,High,Churned
U02934,24,10,682.6,66,35,21,0.5238095238095238,7.72,27,0,0.0002,Low,At-Risk Spenders
U02935,0,10,639.77,60,37,13,0.2307692307692307,7.81,21,0,0.0002,Low,At-Risk Spenders
U02936,3,0,0.0,3,3,0,1.0,10.57,33,0,0.0002,Low,Casual Browsers
U02937,28,3,86.77,25,20,2,0.0,9.58,101,0,0.0008,Low,At-Risk Spenders
U02938,14,1,50.93,17,10,6,0.8333333333333334,10.3,174,0,0.0006,Low,Casual Browsers
U02939,8,33,4915.59,121,24,64,0.484375,8.23,9,0,0.0002,Low,High-Value Loyalists
U02940,70,0,0.0,6,5,1,1.0,5.83,100,1,0.9998,High,Churned
U02941,13,0,0.0,4,4,0,1.0,8.2,43,0,0.0002,Low,Casual Browsers
U02942,23,2,66.4,29,25,2,0.0,6.98,32,0,0.0003,Low,At-Risk Spenders
U02943,8,7,443.92,47,25,15,0.5333333333333333,8.13,74,0,0.0013,Low,At-Risk Spenders
U02944,7,0,0.0,6,6,0,1.0,5.25,37,0,0.0002,Low,Casual Browsers
U02945,16,4,115.42,18,14,0,1.0,6.02,18,0,0.0002,Low,Casual Browsers
U02946,63,67,9167.12,198,35,96,0.3020833333333333,7.99,63,1,0.9998,High,Churned
U02947,2,6,373.32,45,27,12,0.5,9.7,3,0,0.0002,Low,At-Risk Spenders
U02948,22,0,0.0,12,11,1,1.0,12.42,52,0,0.0002,Low,Casual Browsers
U02949,20,8,316.38,60,28,24,0.6666666666666667,7.94,22,0,0.0002,Low,At-Risk Spenders
U02950,29,42,6789.72,149,24,83,0.4939759036144578,8.61,37,0,0.0006,Low,High-Value Loyalists
U02951,6,3,89.29,23,16,4,0.25,6.45,16,0,0.0002,Low,At-Risk Spenders
U02952,20,0,0.0,7,7,0,1.0,9.8,50,0,0.0002,Low,Casual Browsers
U02953,13,58,8421.56,177,35,84,0.3095238095238095,8.87,15,0,0.0002,Low,High-Value Loyalists
U02954,19,9,427.45,48,20,19,0.5263157894736843,8.62,33,0,0.0004,Low,At-Risk Spenders
U02955,25,3,49.53,17,11,3,0.0,8.9,25,0,0.0002,Low,At-Risk Spenders
U02956,14,0,0.0,13,13,0,1.0,10.12,44,0,0.0002,Low,Casual Browsers
U02957,21,0,0.0,13,12,1,1.0,7.87,51,0,0.0002,Low,Casual Browsers
U02958,15,18,781.83,76,41,17,0.0,9.73,15,0,0.0002,Low,At-Risk Spenders
U02959,26,8,540.51,78,42,28,0.7142857142857143,7.31,44,0,0.0004,Low,At-Risk Spenders
U02960,9,3,206.06,63,43,17,0.8235294117647058,6.79,113,0,0.0009,Low,Casual Browsers
U02961,28,11,794.95,59,34,14,0.2142857142857143,9.12,28,0,0.0002,Low,At-Risk Spenders
U02962,1,1,26.92,14,12,1,0.0,8.76,89,0,0.0007,Low,At-Risk Spenders
U02963,29,2,79.75,20,16,2,0.0,6.59,109,0,0.0008,Low,At-Risk Spenders
U02964,4,0,0.0,7,6,1,1.0,7.36,34,0,0.0002,Low,Casual Browsers
U02965,22,2,165.03,19,15,2,0.0,7.92,109,0,0.001,Low,At-Risk Spenders
U02966,24,1,88.51,26,20,5,0.8,7.62,24,0,0.0002,Low,Casual Browsers
U02967,28,2,48.72,23,17,4,0.5,9.52,131,0,0.0008,Low,At-Risk Spenders
U02968,22,38,4837.75,139,25,76,0.5,7.5,39,0,0.0007,Low,High-Value Loyalists
U02969,7,6,423.09,37,17,14,0.5714285714285714,7.49,13,0,0.0002,Low,At-Risk Spenders
U02970,3,3,136.18,28,19,6,0.5,6.86,52,0,0.0006,Low,At-Risk Spenders
U02971,25,9,635.7,49,24,16,0.4375,6.22,41,0,0.0005,Low,At-Risk Spenders
U02972,24,5,358.9,35,14,16,0.6875,7.52,44,0,0.0004,Low,Casual Browsers
U02973,11,0,0.0,13,13,0,1.0,6.78,41,0,0.0002,Low,Casual Browsers
U02974,11,14,1365.92,74,33,27,0.4814814814814815,6.47,24,0,0.0002,Low,At-Risk Spenders
U02975,27,0,0.0,16,13,3,1.0,7.96,57,0,0.0003,Low,Casual Browsers
U02976,47,55,7259.92,175,31,89,0.3820224719101124,8.64,47,1,0.9996,High,Churned
U02977,20,3,142.58,26,20,3,0.0,8.29,20,0,0.0002,Low,At-Risk Spenders
U02978,69,0,0.0,7,7,0,1.0,3.31,99,1,0.9998,High,Churned
U02979,9,1,21.79,12,7,4,0.75,7.7,106,0,0.0008,Low,Casual Browsers
U02980,15,0,0.0,11,11,0,1.0,9.91,45,0,0.0002,Low,Casual Browsers
U02981,10,4,166.41,29,22,3,0.0,6.07,98,0,0.0012,Low,At-Risk Spenders
U02982,19,0,0.0,24,18,6,1.0,6.34,49,0,0.0003,Low,Casual Browsers
U02983,21,2,52.11,16,9,5,0.6,4.98,93,0,0.0007,Low,Casual Browsers
U02984,26,2,66.86,16,13,1,0.0,7.71,74,0,0.0005,Low,At-Risk Spenders
U02985,25,3,95.14,23,18,2,0.0,8.76,25,0,0.0002,Low,At-Risk Spenders
U02986,21,0,0.0,10,7,3,1.0,6.6,51,0,0.0002,Low,Casual Browsers
U02987,82,45,5815.37,132,21,66,0.3181818181818182,7.66,82,1,0.9998,High,Churned
U02988,18,0,0.0,11,11,0,1.0,6.75,48,0,0.0002,Low,Casual Browsers
U02989,16,4,198.48,65,34,27,0.8518518518518519,8.3,48,0,0.0004,Low,Casual Browsers
U02990,12,0,0.0,12,12,0,1.0,8.09,42,0,0.0002,Low,Casual Browsers
U02991,28,0,0.0,3,3,0,1.0,5.4,58,0,0.0003,Low,Casual Browsers
U02992,16,8,432.58,48,24,16,0.5,10.35,53,0,0.0007,Low,At-Risk Spenders
U02993,29,10,827.34,50,19,21,0.5238095238095238,7.51,78,0,0.0015,Low,At-Risk Spenders
U02994,29,4,88.14,19,13,2,0.0,6.39,91,0,0.0011,Low,At-Risk Spenders
U02995,44,0,0.0,23,21,2,1.0,8.46,74,1,0.9998,High,Churned
U02996,22,1,27.5,18,14,3,0.6666666666666667,6.42,166,0,0.0008,Low,Casual Browsers
U02997,7,7,467.92,35,13,15,0.5333333333333333,8.95,10,0,0.0002,Low,At-Risk Spenders
U02998,4,18,1450.09,79,42,19,0.0526315789473684,7.7,44,0,0.0008,Low,At-Risk Spenders
U02999,19,0,0.0,4,3,1,1.0,10.92,49,0,0.0002,Low,Casual Browsers
U03000,19,11,742.24,64,32,21,0.4761904761904761,7.91,41,0,0.0005,Low,At-Risk Spenders
U03001,2,11,818.14,50,23,16,0.3125,8.99,2,0,0.0002,Low,At-Risk Spenders
U03002,17,4,142.18,24,18,2,0.0,9.54,58,0,0.0005,Low,At-Risk Spenders
U03003,9,16,974.24,69,41,12,0.0,6.48,30,0,0.0002,Low,At-Risk Spenders
U03004,28,10,600.55,45,25,10,0.0,8.12,80,0,0.0016,Low,At-Risk Spenders
U03005,18,2,56.34,5,3,0,1.0,6.28,132,0,0.0008,Low,Casual Browsers
U03006,24,6,374.5,57,30,21,0.7142857142857143,7.15,35,0,0.0004,Low,At-Risk Spenders
U03007,5,1,21.09,26,23,2,0.5,5.55,155,0,0.0008,Low,At-Risk Spenders
U03008,69,1,35.74,14,11,2,0.5,8.96,91,1,0.9995,High,Churned
U03009,8,11,815.47,51,24,16,0.3125,7.49,10,0,0.0002,Low,At-Risk Spenders
U03010,71,1,9.63,13,11,1,0.0,8.26,81,1,0.9995,High,Churned
U03011,7,0,0.0,3,3,0,1.0,6.4,37,0,0.0002,Low,Casual Browsers
U03012,28,0,0.0,6,5,1,1.0,8.4,58,0,0.0003,Low,Casual Browsers
U03013,6,43,5583.23,136,18,75,0.4266666666666666,7.53,6,0,0.0002,Low,High-Value Loyalists
U03014,25,3,99.91,28,21,4,0.25,9.47,35,0,0.0003,Low,At-Risk Spenders
U03015,28,1,23.7,19,15,3,0.6666666666666667,9.24,179,0,0.0006,Low,Casual Browsers
U03016,1,31,4147.35,107,17,59,0.4745762711864406,8.57,1,0,0.0002,Low,High-Value Loyalists
U03017,14,61,10071.79,170,41,68,0.1029411764705882,8.49,14,0,0.0002,Low,High-Value Loyalists
U03018,19,0,0.0,10,10,0,1.0,5.76,49,0,0.0002,Low,Casual Browsers
U03019,44,0,0.0,11,11,0,1.0,6.77,74,1,0.9998,High,Churned
U03020,1,1,31.27,16,13,2,0.5,7.81,159,0,0.0008,Low,At-Risk Spenders
U03021,23,0,0.0,19,15,4,1.0,8.33,53,0,0.0002,Low,Casual Browsers
U03022,4,0,0.0,22,14,8,1.0,10.23,34,0,0.0003,Low,Casual Browsers
U03023,14,0,0.0,7,6,1,1.0,2.3,44,0,0.0002,Low,Casual Browsers
U03024,18,17,1421.48,75,34,24,0.2916666666666666,9.02,26,0,0.0002,Low,At-Risk Spenders
U03025,59,3,81.13,16,12,1,0.0,4.02,98,1,0.9995,High,Churned
U03026,21,0,0.0,3,3,0,1.0,11.9,51,0,0.0002,Low,Casual Browsers
U03027,29,6,472.94,57,33,18,0.6666666666666667,9.44,31,0,0.0003,Low,At-Risk Spenders
U03028,2,50,7788.52,160,23,87,0.4252873563218391,8.04,2,0,0.0002,Low,High-Value Loyalists
U03029,8,13,1150.94,59,32,14,0.0714285714285714,7.54,16,0,0.0002,Low,At-Risk Spenders
U03030,22,0,0.0,10,10,0,1.0,5.46,52,0,0.0002,Low,Casual Browsers
U03031,8,4,283.05,30,17,9,0.5555555555555556,7.12,30,0,0.0002,Low,At-Risk Spenders
U03032,12,0,0.0,20,19,1,1.0,9.67,42,0,0.0002,Low,Casual Browsers
U03033,18,50,7103.34,137,22,65,0.2307692307692307,7.48,19,0,0.0002,Low,High-Value Loyalists
U03034,68,1,14.01,27,22,4,0.75,8.91,106,1,0.9995,High,Churned
U03035,15,0,0.0,11,10,1,1.0,12.35,45,0,0.0002,Low,Casual Browsers
U03036,5,0,0.0,14,10,4,1.0,8.66,35,0,0.0002,Low,Casual Browsers
U03037,22,8,717.23,51,29,14,0.4285714285714286,7.74,22,0,0.0002,Low,At-Risk Spenders
U03038,18,37,5135.35,118,23,58,0.3620689655172413,7.66,18,0,0.0002,Low,High-Value Loyalists
U03039,50,0,0.0,11,10,1,1.0,5.8,80,1,0.9998,High,Churned
U03040,2,2,89.4,19,13,4,0.5,7.72,18,0,0.0002,Low,At-Risk Spenders
U03041,3,11,883.35,71,35,25,0.56,8.96,4,0,0.0002,Low,At-Risk Spenders
U03042,17,0,0.0,3,3,0,1.0,4.4,47,0,0.0002,Low,Casual Browsers
U03043,79,0,0.0,5,5,0,1.0,2.7,109,1,0.9998,High,Churned
U03044,13,27,3690.95,99,20,52,0.4807692307692307,8.0,13,0,0.0002,Low,High-Value Loyalists
U03045,26,3,127.87,42,19,20,0.85,7.6,45,0,0.0004,Low,Casual Browsers
U03046,9,0,0.0,10,9,1,1.0,9.28,39,0,0.0002,Low,Casual Browsers
U03047,5,1,31.41,17,15,1,0.0,7.79,172,0,0.0008,Low,At-Risk Spenders
U03048,28,8,525.24,33,16,9,0.1111111111111111,6.7,28,0,0.0002,Low,At-Risk Spenders
U03049,16,6,330.49,50,26,18,0.6666666666666667,10.74,43,0,0.0004,Low,At-Risk Spenders
U03050,1,0,0.0,5,4,1,1.0,4.98,31,0,0.0002,Low,Casual Browsers
U03051,7,9,555.57,42,23,10,0.0999999999999999,10.43,18,0,0.0002,Low,At-Risk Spenders
U03052,1,0,0.0,6,6,0,1.0,5.0,31,0,0.0002,Low,Casual Browsers
U03053,6,1,20.17,19,13,5,0.8,7.95,37,0,0.0003,Low,Casual Browsers
U03054,4,4,105.88,14,10,0,1.0,9.18,4,0,0.0002,Low,Casual Browsers
U03055,21,1,20.69,8,6,1,0.0,7.0,116,0,0.0008,Low,At-Risk Spenders
U03056,22,4,106.14,27,19,4,0.0,5.43,127,0,0.0011,Low,At-Risk Spenders
U03057,16,8,546.95,47,18,21,0.6190476190476191,8.18,36,0,0.0004,Low,At-Risk Spenders
U03058,90,9,684.82,62,38,15,0.4,8.04,92,1,0.9998,High,Churned
U03059,93,1,27.33,10,7,2,0.5,10.28,160,1,0.9995,High,Churned
U03060,10,0,0.0,5,5,0,1.0,6.4,40,0,0.0002,Low,Casual Browsers
U03061,10,0,0.0,22,19,3,1.0,9.63,40,0,0.0002,Low,Casual Browsers
U03062,111,1,30.76,11,9,1,0.0,7.69,169,1,0.9995,High,Churned
U03063,17,0,0.0,20,15,5,1.0,5.38,47,0,0.0002,Low,Casual Browsers
U03064,18,4,137.03,22,14,4,0.0,8.63,42,0,0.0003,Low,At-Risk Spenders
U03065,29,32,4495.22,98,14,52,0.3846153846153846,7.66,30,0,0.0002,Low,High-Value Loyalists
U03066,15,0,0.0,3,3,0,1.0,11.6,45,0,0.0002,Low,Casual Browsers
U03067,97,2,45.01,13,10,1,0.0,6.58,97,1,0.9995,High,Churned
U03068,27,0,0.0,13,13,0,1.0,7.95,57,0,0.0003,Low,Casual Browsers
U03069,13,3,139.28,26,20,3,0.0,11.87,111,0,0.0009,Low,At-Risk Spenders
U03070,3,38,5131.65,127,22,67,0.4328358208955224,7.43,8,0,0.0002,Low,High-Value Loyalists
U03071,13,23,3158.23,88,14,51,0.5490196078431373,8.27,13,0,0.0002,Low,At-Risk Spenders
U03072,11,9,507.02,46,16,21,0.5714285714285714,5.78,15,0,0.0002,Low,At-Risk Spenders
U03073,27,2,27.25,24,20,2,0.0,9.23,115,0,0.0008,Low,At-Risk Spenders
U03074,19,1,16.66,26,22,3,0.6666666666666667,9.97,112,0,0.0008,Low,Casual Browsers
U03075,28,2,77.1,22,17,3,0.3333333333333333,9.84,49,0,0.0004,Low,At-Risk Spenders
U03076,0,12,1018.45,62,27,23,0.4782608695652174,6.53,13,0,0.0002,Low,At-Risk Spenders
U03077,12,0,0.0,8,8,0,1.0,7.52,42,0,0.0002,Low,Casual Browsers
U03078,56,8,248.26,29,20,1,0.0,7.69,68,1,0.9997,High,Churned
U03079,8,1,12.8,17,13,3,0.6666666666666667,9.18,27,0,0.0002,Low,Casual Browsers
U03080,9,0,0.0,9,9,0,1.0,6.91,39,0,0.0002,Low,Casual Browsers
U03081,20,4,121.36,29,23,2,0.0,6.02,34,0,0.0003,Low,At-Risk Spenders
U03082,15,0,0.0,11,10,1,1.0,6.32,45,0,0.0002,Low,Casual Browsers
U03083,8,13,877.31,65,34,18,0.2777777777777778,8.88,19,0,0.0002,Low,At-Risk Spenders
U03084,8,10,433.05,66,39,17,0.4117647058823529,7.6,9,0,0.0002,Low,At-Risk Spenders
U03085,11,2,52.48,25,17,6,0.6666666666666667,9.05,66,0,0.0007,Low,Casual Browsers
U03086,14,8,460.38,34,13,13,0.3846153846153846,7.78,31,0,0.0003,Low,At-Risk Spenders
U03087,7,5,150.16,23,16,2,0.0,6.55,54,0,0.0005,Low,At-Risk Spenders
U03088,102,9,393.87,42,22,11,0.1818181818181817,7.98,112,1,0.9997,High,Churned
U03089,1,0,0.0,10,10,0,1.0,8.32,31,0,0.0002,Low,Casual Browsers
U03090,14,1,48.02,25,22,2,0.5,7.99,177,0,0.0006,Low,At-Risk Spenders
U03091,17,4,90.39,20,13,3,0.0,8.3,40,0,0.0003,Low,At-Risk Spenders
U03092,14,3,80.82,22,19,0,1.0,6.65,46,0,0.0003,Low,Casual Browsers
U03093,18,3,116.91,23,20,0,1.0,7.57,67,0,0.0006,Low,Casual Browsers
U03094,29,30,3981.26,81,11,40,0.25,6.92,29,0,0.0002,Low,High-Value Loyalists
U03095,0,62,9247.54,186,34,90,0.3111111111111111,8.54,0,0,0.0002,Low,High-Value Loyalists
U03096,8,0,0.0,6,6,0,1.0,9.5,38,0,0.0002,Low,Casual Browsers
U03097,26,53,8561.26,165,21,91,0.4175824175824175,7.24,28,0,0.0002,Low,High-Value Loyalists
U03098,68,0,0.0,12,9,3,1.0,6.82,98,1,0.9998,High,Churned
U03099,55,7,523.47,41,20,14,0.5,7.81,55,1,0.9995,High,Churned
U03100,23,0,0.0,11,11,0,1.0,12.07,53,0,0.0003,Low,Casual Browsers
U03101,88,0,0.0,8,8,0,1.0,10.64,118,1,0.9998,High,Churned
U03102,10,0,0.0,7,7,0,1.0,12.19,40,0,0.0002,Low,Casual Browsers
U03103,8,12,952.64,62,32,18,0.3333333333333333,6.73,8,0,0.0002,Low,At-Risk Spenders
U03104,14,9,499.58,59,35,15,0.4,6.27,24,0,0.0002,Low,At-Risk Spenders
U03105,16,17,1031.66,68,26,25,0.3199999999999999,7.83,24,0,0.0002,Low,At-Risk Spenders
U03106,9,1,17.64,22,19,2,0.5,7.95,130,0,0.0008,Low,At-Risk Spenders
U03107,21,3,98.4,28,19,6,0.5,5.8,50,0,0.0005,Low,At-Risk Spenders
U03108,38,11,661.8,78,48,19,0.4210526315789473,7.25,44,1,0.9993,High,Churned
U03109,6,2,62.02,29,23,4,0.5,8.41,123,0,0.0008,Low,At-Risk Spenders
U03110,20,7,427.8,44,26,11,0.3636363636363636,8.48,26,0,0.0002,Low,At-Risk Spenders
U03111,13,3,109.76,27,23,1,0.0,7.09,74,0,0.0006,Low,At-Risk Spenders
U03112,16,5,424.58,35,14,16,0.6875,7.6,16,0,0.0002,Low,Casual Browsers
U03113,28,15,1093.59,65,22,28,0.4642857142857143,7.34,37,0,0.0006,Low,At-Risk Spenders
U03114,96,0,0.0,14,14,0,1.0,4.49,126,1,0.9998,High,Churned
U03115,16,0,0.0,14,12,2,1.0,5.35,46,0,0.0002,Low,Casual Browsers
U03116,12,3,80.99,26,19,4,0.25,8.79,60,0,0.0004,Low,At-Risk Spenders
U03117,18,0,0.0,11,10,1,1.0,10.25,48,0,0.0002,Low,Casual Browsers
U03118,119,0,0.0,22,19,3,1.0,8.91,149,1,0.9998,High,Churned
U03119,22,3,81.46,19,16,0,1.0,9.86,96,0,0.0008,Low,Casual Browsers
U03120,13,8,510.25,43,24,11,0.2727272727272727,7.47,25,0,0.0002,Low,At-Risk Spenders
U03121,5,0,0.0,13,12,1,1.0,8.68,35,0,0.0002,Low,Casual Browsers
U03122,26,3,88.54,17,13,1,0.0,8.95,53,0,0.0005,Low,At-Risk Spenders
U03123,117,11,800.52,43,23,9,0.0,9.41,118,1,0.9998,High,Churned
U03124,3,0,0.0,9,9,0,1.0,10.06,33,0,0.0002,Low,Casual Browsers
U03125,4,34,5123.89,128,27,67,0.4925373134328358,6.42,7,0,0.0002,Low,High-Value Loyalists
U03126,11,0,0.0,9,8,1,1.0,6.74,41,0,0.0002,Low,Casual Browsers
U03127,17,0,0.0,3,3,0,1.0,6.47,47,0,0.0002,Low,Casual Browsers
U03128,107,4,154.97,23,18,1,0.0,7.77,110,1,0.9997,High,Churned
U03129,12,8,360.33,64,29,27,0.7037037037037037,7.89,20,0,0.0002,Low,At-Risk Spenders
U03130,25,0,0.0,9,8,1,1.0,10.52,55,0,0.0003,Low,Casual Browsers
U03131,21,4,168.26,29,22,3,0.0,8.07,35,0,0.0004,Low,At-Risk Spenders
U03132,16,0,0.0,5,4,1,1.0,6.04,46,0,0.0002,Low,Casual Browsers
U03133,7,0,0.0,11,9,2,1.0,6.38,37,0,0.0002,Low,Casual Browsers
U03134,3,2,38.01,10,5,3,0.3333333333333333,14.77,147,0,0.0008,Low,At-Risk Spenders
U03135,19,0,0.0,4,4,0,1.0,7.0,49,0,0.0002,Low,Casual Browsers
U03136,28,10,586.84,55,25,20,0.5,8.58,46,0,0.0006,Low,At-Risk Spenders
U03137,20,0,0.0,3,3,0,1.0,5.4,50,0,0.0002,Low,Casual Browsers
U03138,6,11,1027.87,49,24,14,0.2142857142857143,7.69,6,0,0.0002,Low,At-Risk Spenders
U03139,18,5,299.29,34,18,11,0.5454545454545454,6.61,40,0,0.0004,Low,At-Risk Spenders
U03140,56,8,337.36,37,14,15,0.4666666666666667,10.96,59,1,0.9995,High,Churned
U03141,27,7,551.8,54,22,25,0.72,8.89,30,0,0.0002,Low,At-Risk Spenders
U03142,20,53,7685.09,182,40,89,0.4044943820224719,9.04,23,0,0.0002,Low,High-Value Loyalists
U03143,12,0,0.0,12,11,1,1.0,6.35,42,0,0.0002,Low,Casual Browsers
U03144,9,12,457.01,43,19,12,0.0,7.58,12,0,0.0002,Low,At-Risk Spenders
U03145,19,2,77.66,18,13,3,0.3333333333333333,6.35,65,0,0.0004,Low,At-Risk Spenders
U03146,7,1,52.41,7,6,0,1.0,3.01,39,0,0.0003,Low,Casual Browsers
U03147,18,17,924.34,68,28,23,0.2608695652173913,7.48,24,0,0.0002,Low,At-Risk Spenders
U03148,5,10,617.2,60,26,24,0.5833333333333333,8.2,20,0,0.0002,Low,At-Risk Spenders
U03149,24,8,592.61,32,18,6,0.0,7.19,24,0,0.0002,Low,At-Risk Spenders
U03150,17,0,0.0,12,12,0,1.0,7.12,47,0,0.0002,Low,Casual Browsers
U03151,4,13,649.39,71,35,23,0.4347826086956522,8.0,4,0,0.0002,Low,At-Risk Spenders
U03152,9,1,22.2,22,14,7,0.8571428571428572,4.64,9,0,0.0002,Low,Casual Browsers
U03153,20,0,0.0,13,13,0,1.0,4.31,50,0,0.0002,Low,Casual Browsers
U03154,23,6,369.23,32,13,13,0.5384615384615384,7.98,56,0,0.0008,Low,At-Risk Spenders
U03155,20,0,0.0,8,7,1,1.0,5.58,50,0,0.0002,Low,Casual Browsers
U03156,23,10,836.57,69,33,26,0.6153846153846154,6.81,48,0,0.0005,Low,At-Risk Spenders
U03157,29,1,70.6,17,12,4,0.75,10.92,43,0,0.0003,Low,Casual Browsers
U03158,41,0,0.0,7,7,0,1.0,6.63,71,1,0.9998,High,Churned
U03159,15,13,848.17,57,24,20,0.35,7.23,20,0,0.0002,Low,At-Risk Spenders
U03160,27,4,224.44,31,17,10,0.6,7.27,105,0,0.0013,Low,At-Risk Spenders
U03161,20,2,62.73,28,24,2,0.0,7.52,70,0,0.0004,Low,At-Risk Spenders
U03162,65,8,576.5,45,18,19,0.5789473684210527,9.1,66,1,0.9997,High,Churned
U03163,28,49,8115.54,135,22,64,0.234375,8.37,28,0,0.0002,Low,High-Value Loyalists
U03164,16,6,353.59,35,19,10,0.4,9.06,31,0,0.0003,Low,At-Risk Spenders
U03165,113,0,0.0,14,14,0,1.0,6.27,143,1,0.9998,High,Churned
U03166,23,2,59.5,23,18,3,0.3333333333333333,5.27,23,0,0.0002,Low,At-Risk Spenders
U03167,4,0,0.0,12,11,1,1.0,4.55,34,0,0.0002,Low,Casual Browsers
U03168,97,0,0.0,13,13,0,1.0,5.73,127,1,0.9998,High,Churned
U03169,28,3,101.08,22,15,4,0.25,9.28,33,0,0.0003,Low,At-Risk Spenders
U03170,17,12,703.7,69,37,20,0.4,7.73,22,0,0.0002,Low,At-Risk Spenders
U03171,12,5,382.78,31,16,10,0.5,6.55,25,0,0.0002,Low,At-Risk Spenders
U03172,10,10,1002.44,52,28,14,0.2857142857142857,7.03,30,0,0.0002,Low,At-Risk Spenders
U03173,28,49,6171.05,174,30,95,0.4842105263157894,7.44,30,0,0.0002,Low,High-Value Loyalists
U03174,4,13,863.94,67,32,22,0.409090909090909,7.21,10,0,0.0002,Low,At-Risk Spenders
U03175,33,1,15.39,21,17,3,0.6666666666666667,6.56,55,1,0.9992,High,Churned
U03176,25,2,73.88,19,16,1,0.0,7.14,127,0,0.0008,Low,At-Risk Spenders
U03177,23,14,955.1,67,29,24,0.4166666666666666,7.29,27,0,0.0002,Low,At-Risk Spenders
U03178,28,9,957.4,60,23,28,0.6785714285714286,9.41,30,0,0.0002,Low,At-Risk Spenders
U03179,15,28,3616.94,85,14,43,0.3488372093023255,8.82,15,0,0.0002,Low,High-Value Loyalists
U03180,18,0,0.0,11,11,0,1.0,10.06,48,0,0.0002,Low,Casual Browsers
U03181,52,10,452.51,50,19,21,0.5238095238095238,9.97,56,1,0.9995,High,Churned
U03182,7,0,0.0,5,5,0,1.0,6.04,37,0,0.0002,Low,Casual Browsers
U03183,17,1,21.5,13,12,0,1.0,6.71,66,0,0.0005,Low,Casual Browsers
U03184,15,0,0.0,8,8,0,1.0,9.9,45,0,0.0002,Low,Casual Browsers
U03185,13,0,0.0,9,9,0,1.0,9.61,43,0,0.0002,Low,Casual Browsers
U03186,15,0,0.0,8,8,0,1.0,2.54,45,0,0.0002,Low,Casual Browsers
U03187,6,11,511.93,71,32,28,0.6071428571428572,7.5,16,0,0.0002,Low,At-Risk Spenders
U03188,7,9,795.28,61,24,28,0.6785714285714286,7.49,14,0,0.0002,Low,At-Risk Spenders
U03189,23,8,487.55,57,26,23,0.6521739130434783,8.83,41,0,0.0004,Low,At-Risk Spenders
U03190,16,0,0.0,12,12,0,1.0,9.3,46,0,0.0002,Low,Casual Browsers
U03191,1,0,0.0,8,8,0,1.0,9.0,31,0,0.0002,Low,Casual Browsers
U03192,0,0,0.0,9,8,1,1.0,6.81,30,0,0.0002,Low,Casual Browsers
U03193,7,3,307.3,40,23,14,0.7857142857142857,7.66,80,0,0.0009,Low,Casual Browsers
U03194,22,57,8803.96,177,24,96,0.40625,7.63,23,0,0.0002,Low,High-Value Loyalists
U03195,25,9,713.35,55,26,20,0.55,8.59,70,0,0.0015,Low,At-Risk Spenders
U03196,8,1,18.55,21,19,1,0.0,9.75,165,0,0.0008,Low,At-Risk Spenders
U03197,24,0,0.0,9,9,0,1.0,8.46,54,0,0.0002,Low,Casual Browsers
U03198,9,0,0.0,13,13,0,1.0,12.31,39,0,0.0002,Low,Casual Browsers
U03199,60,2,73.83,27,19,6,0.6666666666666667,7.65,65,1,0.9994,High,Churned
U03200,2,1,23.31,3,2,0,1.0,7.57,16,0,0.0002,Low,Casual Browsers
U03201,20,1,15.04,16,12,3,0.6666666666666667,7.04,107,0,0.0008,Low,Casual Browsers
U03202,16,1,35.17,12,11,0,1.0,6.78,119,0,0.0008,Low,Casual Browsers
U03203,29,1,22.38,18,17,0,1.0,6.73,100,0,0.0008,Low,Casual Browsers
U03204,21,2,136.51,22,15,5,0.6,8.99,107,0,0.001,Low,Casual Browsers
U03205,25,0,0.0,13,13,0,1.0,7.06,55,0,0.0003,Low,Casual Browsers
U03206,7,47,6626.84,142,16,79,0.4050632911392405,9.57,13,0,0.0002,Low,High-Value Loyalists
U03207,16,11,1022.65,56,27,18,0.3888888888888888,7.5,31,0,0.0003,Low,At-Risk Spenders
U03208,9,50,6662.19,164,35,79,0.3670886075949366,7.76,9,0,0.0002,Low,High-Value Loyalists
U03209,21,10,425.91,36,15,11,0.0909090909090909,8.19,42,0,0.0005,Low,At-Risk Spenders
U03210,14,6,472.98,37,15,16,0.625,10.41,16,0,0.0002,Low,At-Risk Spenders
U03211,2,11,601.98,55,23,21,0.4761904761904761,9.09,12,0,0.0002,Low,At-Risk Spenders
U03212,9,8,512.83,54,30,16,0.5,7.48,9,0,0.0002,Low,At-Risk Spenders
U03213,5,1,15.94,19,12,6,0.8333333333333334,8.21,115,0,0.0008,Low,Casual Browsers
U03214,17,11,967.63,49,29,9,0.0,8.8,33,0,0.0004,Low,At-Risk Spenders
U03215,20,3,79.44,25,21,1,0.0,6.93,37,0,0.0003,Low,At-Risk Spenders
U03216,112,0,0.0,9,9,0,1.0,10.86,142,1,0.9998,High,Churned
U03217,5,2,90.68,25,22,1,0.0,7.52,55,0,0.0006,Low,At-Risk Spenders
U03218,88,3,104.72,20,14,3,0.0,9.14,142,1,0.9996,High,Churned
U03219,24,10,829.0,51,26,15,0.3333333333333333,8.71,67,0,0.0015,Low,At-Risk Spenders
U03220,4,1,19.67,20,18,1,0.0,6.36,34,0,0.0003,Low,At-Risk Spenders
U03221,5,4,674.66,34,11,19,0.7894736842105263,7.87,46,0,0.0004,Low,Casual Browsers
U03222,9,7,450.51,75,45,23,0.6956521739130435,8.91,21,0,0.0002,Low,At-Risk Spenders
U03223,66,1,8.67,13,12,0,1.0,3.21,123,1,0.9995,High,Churned
U03224,50,0,0.0,7,7,0,1.0,11.6,80,1,0.9998,High,Churned
U03225,19,44,6151.16,132,17,71,0.3802816901408451,8.8,20,0,0.0002,Low,High-Value Loyalists
U03226,26,0,0.0,10,10,0,1.0,9.41,56,0,0.0003,Low,Casual Browsers
U03227,9,6,217.61,28,14,8,0.25,8.54,9,0,0.0002,Low,At-Risk Spenders
U03228,5,0,0.0,4,4,0,1.0,7.48,35,0,0.0002,Low,Casual Browsers
U03229,69,11,859.5,78,42,25,0.56,8.47,70,1,0.9997,High,Churned
U03230,23,0,0.0,22,17,5,1.0,7.49,53,0,0.0003,Low,Casual Browsers
U03231,8,5,288.75,39,22,12,0.5833333333333333,7.31,27,0,0.0002,Low,At-Risk Spenders
U03232,8,26,4005.93,83,20,37,0.2972972972972972,8.69,8,0,0.0002,Low,High-Value Loyalists
U03233,22,1,30.8,14,13,0,1.0,4.38,102,0,0.0007,Low,Casual Browsers
U03234,117,1,5.75,7,6,0,1.0,11.96,162,1,0.9995,High,Churned
U03235,5,0,0.0,12,12,0,1.0,7.53,35,0,0.0002,Low,Casual Browsers
U03236,15,31,4409.33,155,25,99,0.6868686868686869,8.29,21,0,0.0002,Low,High-Value Loyalists
U03237,18,0,0.0,14,14,0,1.0,8.69,48,0,0.0002,Low,Casual Browsers
U03238,0,0,0.0,13,13,0,1.0,9.88,30,0,0.0002,Low,Casual Browsers
U03239,11,2,80.28,27,19,6,0.6666666666666667,7.13,108,0,0.0008,Low,Casual Browsers
U03240,16,16,909.56,73,31,26,0.3846153846153846,7.38,16,0,0.0002,Low,At-Risk Spenders
U03241,13,8,518.67,34,14,12,0.3333333333333333,7.31,21,0,0.0002,Low,At-Risk Spenders
U03242,2,0,0.0,5,5,0,1.0,7.66,32,0,0.0002,Low,Casual Browsers
U03243,20,0,0.0,10,5,5,1.0,6.75,50,0,0.0002,Low,Casual Browsers
U03244,28,4,103.62,29,19,6,0.3333333333333333,7.54,28,0,0.0002,Low,At-Risk Spenders
U03245,7,10,834.0,65,31,24,0.5833333333333333,9.34,13,0,0.0002,Low,At-Risk Spenders
U03246,22,2,83.94,24,18,4,0.5,7.13,70,0,0.0004,Low,At-Risk Spenders
U03247,5,2,46.28,24,20,2,0.0,8.02,16,0,0.0002,Low,At-Risk Spenders
U03248,7,45,6456.89,149,27,77,0.4155844155844156,8.72,7,0,0.0002,Low,High-Value Loyalists
U03249,6,7,382.1,34,15,12,0.4166666666666666,7.59,6,0,0.0002,Low,At-Risk Spenders
U03250,12,1,24.98,23,19,3,0.6666666666666667,7.26,119,0,0.0008,Low,Casual Browsers
U03251,16,7,433.61,44,28,9,0.2222222222222222,7.45,43,0,0.0004,Low,At-Risk Spenders
U03252,85,1,68.44,26,21,4,0.75,8.73,85,1,0.9995,High,Churned
U03253,6,34,4776.43,103,12,57,0.4035087719298246,8.03,6,0,0.0002,Low,High-Value Loyalists
U03254,43,9,635.9,44,22,13,0.3076923076923077,7.12,44,1,0.9993,High,Churned
U03255,24,3,155.41,25,19,3,0.0,9.22,161,0,0.001,Low,At-Risk Spenders
U03256,48,4,161.67,18,9,5,0.1999999999999999,6.39,65,1,0.9996,High,Churned
U03257,28,0,0.0,10,8,2,1.0,10.9,58,0,0.0003,Low,Casual Browsers
U03258,19,0,0.0,14,13,1,1.0,8.52,49,0,0.0002,Low,Casual Browsers
U03259,24,41,5564.99,144,28,75,0.4533333333333333,8.59,29,0,0.0002,Low,High-Value Loyalists
U03260,10,15,802.45,71,33,23,0.3478260869565217,7.55,11,0,0.0002,Low,At-Risk Spenders
U03261,13,2,109.31,11,8,1,0.0,5.95,89,0,0.0008,Low,At-Risk Spenders
U03262,27,2,63.65,28,19,7,0.7142857142857143,5.44,27,0,0.0002,Low,Casual Browsers
U03263,4,10,454.43,75,34,31,0.6774193548387097,7.1,4,0,0.0002,Low,At-Risk Spenders
U03264,115,11,680.53,78,38,29,0.6206896551724138,9.37,127,1,0.9998,High,Churned
U03265,7,0,0.0,17,14,3,1.0,7.48,37,0,0.0002,Low,Casual Browsers
U03266,77,0,0.0,4,4,0,1.0,9.15,107,1,0.9998,High,Churned
U03267,27,11,628.69,44,23,10,0.0,9.03,52,0,0.0008,Low,At-Risk Spenders
U03268,23,1,24.76,5,4,0,1.0,6.28,98,0,0.0008,Low,Casual Browsers
U03269,5,0,0.0,14,13,1,1.0,6.95,35,0,0.0002,Low,Casual Browsers
U03270,27,0,0.0,12,12,0,1.0,7.29,57,0,0.0003,Low,Casual Browsers
U03271,25,2,103.13,13,10,1,0.0,6.72,26,0,0.0002,Low,At-Risk Spenders
U03272,56,2,39.35,12,10,0,1.0,7.94,130,1,0.9995,High,Churned
U03273,25,14,788.96,45,20,11,0.0,8.03,28,0,0.0002,Low,At-Risk Spenders
U03274,15,10,774.07,59,29,20,0.5,6.86,24,0,0.0002,Low,At-Risk Spenders
U03275,25,41,6785.4,156,33,82,0.5,8.65,26,0,0.0002,Low,High-Value Loyalists
U03276,24,1,5.26,11,9,1,0.0,6.45,145,0,0.0008,Low,At-Risk Spenders
U03277,3,2,182.91,35,20,13,0.8461538461538461,8.02,47,0,0.0004,Low,Casual Browsers
U03278,19,0,0.0,3,3,0,1.0,3.17,49,0,0.0002,Low,Casual Browsers
U03279,26,0,0.0,3,3,0,1.0,9.77,56,0,0.0002,Low,Casual Browsers
U03280,16,3,218.84,30,19,8,0.625,7.93,75,0,0.0008,Low,Casual Browsers
U03281,17,2,118.14,11,7,2,0.0,8.39,98,0,0.001,Low,At-Risk Spenders
U03282,16,0,0.0,11,11,0,1.0,10.41,46,0,0.0002,Low,Casual Browsers
U03283,27,0,0.0,10,9,1,1.0,5.48,57,0,0.0003,Low,Casual Browsers
U03284,19,0,0.0,3,3,0,1.0,4.7,49,0,0.0002,Low,Casual Browsers
U03285,29,2,81.81,22,16,4,0.5,6.47,29,0,0.0002,Low,At-Risk Spenders
U03286,101,0,0.0,25,20,5,1.0,7.04,131,1,0.9998,High,Churned
U03287,26,11,771.33,60,32,17,0.3529411764705882,7.84,27,0,0.0002,Low,At-Risk Spenders
U03288,27,1,29.51,9,7,1,0.0,10.43,27,0,0.0002,Low,At-Risk Spenders
U03289,26,26,3772.39,93,12,55,0.5272727272727273,8.57,27,0,0.0002,Low,High-Value Loyalists
U03290,7,0,0.0,10,8,2,1.0,10.55,37,0,0.0002,Low,Casual Browsers
U03291,106,0,0.0,14,13,1,1.0,11.09,136,1,0.9998,High,Churned
U03292,18,3,140.65,26,19,4,0.25,5.24,37,0,0.0003,Low,At-Risk Spenders
U03293,23,56,7653.6,179,26,97,0.4226804123711341,7.51,27,0,0.0002,Low,High-Value Loyalists
U03294,20,7,553.66,52,27,18,0.6111111111111112,8.58,25,0,0.0002,Low,At-Risk Spenders
U03295,13,0,0.0,12,12,0,1.0,6.16,43,0,0.0002,Low,Casual Browsers
U03296,102,6,507.6,55,30,19,0.6842105263157895,7.64,105,1,0.9997,High,Churned
U03297,28,12,678.36,65,29,24,0.5,6.47,28,0,0.0002,Low,At-Risk Spenders
U03298,40,1,22.12,11,7,3,0.6666666666666667,9.91,79,1,0.9995,High,Churned
U03299,13,0,0.0,10,9,1,1.0,19.24,43,0,0.0002,Low,Casual Browsers
U03300,15,10,531.1,55,26,19,0.4736842105263158,7.66,52,0,0.0007,Low,At-Risk Spenders
U03301,12,12,813.96,77,41,24,0.5,8.29,21,0,0.0002,Low,At-Risk Spenders
U03302,12,4,116.35,26,20,2,0.0,7.19,43,0,0.0003,Low,At-Risk Spenders
U03303,25,0,0.0,11,8,3,1.0,6.6,55,0,0.0003,Low,Casual Browsers
U03304,1,3,261.1,30,17,10,0.7,9.94,78,0,0.0009,Low,Casual Browsers
U03305,6,0,0.0,3,3,0,1.0,6.47,36,0,0.0002,Low,Casual Browsers
U03306,28,3,62.31,20,13,4,0.25,6.94,53,0,0.0005,Low,At-Risk Spenders
U03307,26,6,376.61,40,21,13,0.5384615384615384,8.12,32,0,0.0003,Low,At-Risk Spenders
U03308,73,1,34.07,11,9,1,0.0,7.64,73,1,0.9992,High,Churned
U03309,24,18,1020.67,75,31,26,0.3076923076923077,6.25,24,0,0.0002,Low,At-Risk Spenders
U03310,12,2,58.53,18,15,1,0.0,7.39,97,0,0.0008,Low,At-Risk Spenders
U03311,18,8,577.49,46,23,15,0.4666666666666667,8.95,28,0,0.0002,Low,At-Risk Spenders
U03312,22,0,0.0,13,13,0,1.0,5.16,52,0,0.0002,Low,Casual Browsers
U03313,9,13,774.5,60,28,19,0.3157894736842105,8.96,10,0,0.0002,Low,At-Risk Spenders
U03314,49,42,6678.63,137,22,73,0.4246575342465754,6.67,49,1,0.9996,High,Churned
U03315,3,2,96.91,11,5,4,0.5,4.25,3,0,0.0002,Low,At-Risk Spenders
U03316,22,1,12.46,10,9,0,1.0,10.57,83,0,0.0007,Low,Casual Browsers
U03317,14,0,0.0,13,11,2,1.0,6.35,44,0,0.0002,Low,Casual Browsers
U03318,98,0,0.0,10,10,0,1.0,7.86,128,1,0.9998,High,Churned
U03319,1,0,0.0,5,5,0,1.0,8.94,31,0,0.0002,Low,Casual Browsers
U03320,2,13,852.97,53,25,15,0.1333333333333333,8.69,37,0,0.0005,Low,At-Risk Spenders
U03321,9,1,8.98,15,11,3,0.6666666666666667,4.88,26,0,0.0002,Low,Casual Browsers
U03322,112,0,0.0,17,16,1,1.0,7.42,142,1,0.9998,High,Churned
U03323,8,11,841.73,51,29,11,0.0,7.07,11,0,0.0002,Low,At-Risk Spenders
U03324,19,19,1167.74,79,34,26,0.2692307692307693,7.6,24,0,0.0002,Low,At-Risk Spenders
U03325,5,8,599.6,54,27,19,0.5789473684210527,5.93,5,0,0.0002,Low,At-Risk Spenders
U03326,0,10,623.47,71,36,25,0.6,7.02,0,0,0.0002,Low,At-Risk Spenders
U03327,22,9,555.87,38,14,15,0.4,7.26,47,0,0.0006,Low,At-Risk Spenders
U03328,16,51,6786.73,172,32,89,0.4269662921348315,9.07,18,0,0.0002,Low,High-Value Loyalists
U03329,114,1,166.37,13,11,1,0.0,6.33,129,1,0.9996,High,Churned
U03330,27,3,61.06,16,10,3,0.0,7.36,27,0,0.0002,Low,At-Risk Spenders
U03331,19,59,7299.78,176,31,86,0.313953488372093,8.22,20,0,0.0002,Low,High-Value Loyalists
U03332,19,1,20.95,29,21,7,0.8571428571428572,6.45,73,0,0.0007,Low,Casual Browsers
U03333,0,10,876.37,76,40,26,0.6153846153846154,7.59,19,0,0.0002,Low,At-Risk Spenders
U03334,14,0,0.0,12,12,0,1.0,10.01,44,0,0.0002,Low,Casual Browsers
U03335,5,4,109.43,28,20,4,0.0,6.53,54,0,0.0005,Low,At-Risk Spenders
U03336,22,2,96.45,12,9,1,0.0,10.71,22,0,0.0002,Low,At-Risk Spenders
U03337,1,11,851.18,68,28,29,0.6206896551724138,9.17,18,0,0.0002,Low,At-Risk Spenders
U03338,4,38,4836.72,128,26,64,0.40625,8.9,4,0,0.0002,Low,High-Value Loyalists
U03339,24,16,1025.43,76,36,24,0.3333333333333333,9.61,24,0,0.0002,Low,At-Risk Spenders
U03340,8,6,433.3,42,24,12,0.5,7.77,9,0,0.0002,Low,At-Risk Spenders
U03341,21,53,7638.95,165,26,86,0.3837209302325581,7.75,25,0,0.0002,Low,High-Value Loyalists
U03342,19,0,0.0,7,7,0,1.0,7.8,49,0,0.0002,Low,Casual Browsers
U03343,1,0,0.0,3,3,0,1.0,4.43,31,0,0.0002,Low,Casual Browsers
U03344,28,1,26.85,16,12,3,0.6666666666666667,5.67,30,0,0.0002,Low,Casual Browsers
U03345,14,15,1172.93,54,25,14,0.0,9.14,18,0,0.0002,Low,At-Risk Spenders
U03346,13,0,0.0,9,9,0,1.0,7.52,43,0,0.0002,Low,Casual Browsers
U03347,10,7,407.71,31,15,9,0.2222222222222222,9.34,15,0,0.0002,Low,At-Risk Spenders
U03348,7,0,0.0,5,5,0,1.0,6.88,37,0,0.0002,Low,Casual Browsers
U03349,18,29,4123.03,133,22,82,0.6463414634146342,8.01,20,0,0.0002,Low,High-Value Loyalists
U03350,7,3,119.11,11,8,0,1.0,5.96,10,0,0.0002,Low,Casual Browsers
U03351,11,2,63.08,25,20,3,0.3333333333333333,5.7,17,0,0.0002,Low,At-Risk Spenders
U03352,22,0,0.0,12,12,0,1.0,12.52,52,0,0.0002,Low,Casual Browsers
U03353,7,3,159.34,11,5,3,0.0,7.47,30,0,0.0002,Low,At-Risk Spenders
U03354,12,0,0.0,14,14,0,1.0,9.93,42,0,0.0002,Low,Casual Browsers
U03355,0,10,596.05,53,22,21,0.5238095238095238,7.37,8,0,0.0002,Low,At-Risk Spenders
U03356,38,53,9101.8,158,25,80,0.3375,8.2,41,1,0.9995,High,Churned
U03357,26,4,333.28,32,18,10,0.6,12.32,39,0,0.0004,Low,At-Risk Spenders
U03358,9,1,59.93,23,18,4,0.75,6.4,15,0,0.0002,Low,Casual Browsers
U03359,21,0,0.0,10,10,0,1.0,14.13,51,0,0.0002,Low,Casual Browsers
U03360,12,0,0.0,10,8,2,1.0,4.62,42,0,0.0002,Low,Casual Browsers
U03361,23,46,5721.85,153,22,85,0.4588235294117647,7.64,26,0,0.0002,Low,High-Value Loyalists
U03362,10,10,993.15,56,28,18,0.4444444444444444,7.75,10,0,0.0002,Low,At-Risk Spenders
U03363,4,60,8090.06,183,31,92,0.3478260869565217,6.96,5,0,0.0002,Low,High-Value Loyalists
U03364,14,1,76.87,25,20,4,0.75,8.02,143,0,0.0008,Low,Casual Browsers
U03365,4,2,180.27,27,23,2,0.0,7.51,19,0,0.0002,Low,At-Risk Spenders
U03366,14,1,20.03,10,5,4,0.75,6.4,29,0,0.0002,Low,Casual Browsers
U03367,6,3,106.53,24,17,4,0.25,8.18,33,0,0.0003,Low,At-Risk Spenders
U03368,28,21,2593.7,90,11,58,0.6379310344827587,7.05,30,0,0.0002,Low,At-Risk Spenders
U03369,29,0,0.0,17,15,2,1.0,5.36,59,0,0.0002,Low,Casual Browsers
U03370,11,0,0.0,13,13,0,1.0,10.57,41,0,0.0002,Low,Casual Browsers
U03371,22,0,0.0,3,3,0,1.0,22.93,52,0,0.0002,Low,Casual Browsers
U03372,15,1,26.48,15,11,3,0.6666666666666667,9.43,48,0,0.0004,Low,Casual Browsers
U03373,1,0,0.0,6,6,0,1.0,4.15,31,0,0.0002,Low,Casual Browsers
U03374,0,42,6272.89,134,19,73,0.4246575342465754,7.74,2,0,0.0002,Low,High-Value Loyalists
U03375,18,0,0.0,8,8,0,1.0,13.44,48,0,0.0002,Low,Casual Browsers
U03376,17,1,18.09,6,5,0,1.0,8.67,63,0,0.0005,Low,Casual Browsers
U03377,26,2,55.37,18,14,2,0.0,7.68,68,0,0.0004,Low,At-Risk Spenders
U03378,10,1,25.35,26,20,5,0.8,9.38,110,0,0.0008,Low,Casual Browsers
U03379,71,19,1675.5,70,31,20,0.05,7.51,71,1,0.9998,High,Churned
U03380,14,0,0.0,12,12,0,1.0,7.73,44,0,0.0002,Low,Casual Browsers
U03381,17,11,754.01,59,26,22,0.5,7.79,20,0,0.0002,Low,At-Risk Spenders
U03382,28,0,0.0,9,9,0,1.0,8.77,58,0,0.0003,Low,Casual Browsers
U03383,58,8,797.59,44,23,13,0.3846153846153846,6.53,58,1,0.9995,High,Churned
U03384,14,0,0.0,5,5,0,1.0,9.5,44,0,0.0002,Low,Casual Browsers
U03385,40,2,45.02,27,23,2,0.0,8.99,58,1,0.9994,High,Churned
U03386,16,46,5975.55,199,41,112,0.5892857142857143,8.12,18,0,0.0003,Low,High-Value Loyalists
U03387,23,18,1202.79,69,32,19,0.0526315789473684,7.32,23,0,0.0002,Low,At-Risk Spenders
U03388,4,14,654.07,65,34,17,0.1764705882352941,9.47,7,0,0.0002,Low,At-Risk Spenders
U03389,63,4,148.86,20,14,2,0.0,6.88,83,1,0.9997,High,Churned
U03390,27,2,95.97,25,20,3,0.3333333333333333,7.2,89,0,0.0008,Low,At-Risk Spenders
U03391,4,0,0.0,3,2,1,1.0,10.23,34,0,0.0002,Low,Casual Browsers
U03392,10,6,506.68,37,10,21,0.7142857142857143,11.45,86,0,0.0012,Low,Casual Browsers
U03393,25,5,244.35,26,18,3,0.0,6.96,56,0,0.0006,Low,At-Risk Spenders
U03394,28,1,21.9,14,12,1,0.0,9.68,28,0,0.0002,Low,At-Risk Spenders
U03395,0,10,601.74,49,22,17,0.4117647058823529,6.21,0,0,0.0002,Low,At-Risk Spenders
U03396,4,8,441.58,46,20,18,0.5555555555555556,8.35,60,0,0.0009,Low,At-Risk Spenders
U03397,19,8,387.28,42,23,11,0.2727272727272727,6.88,43,0,0.0004,Low,At-Risk Spenders
U03398,15,8,452.43,48,22,18,0.5555555555555556,7.07,17,0,0.0002,Low,At-Risk Spenders
U03399,23,7,432.46,33,13,13,0.4615384615384615,9.0,28,0,0.0002,Low,At-Risk Spenders
U03400,15,3,116.1,15,8,4,0.25,10.47,29,0,0.0002,Low,At-Risk Spenders
U03401,72,1,25.87,9,8,0,1.0,13.3,135,1,0.9995,High,Churned
U03402,35,0,0.0,16,15,1,1.0,7.49,65,1,0.9998,High,Churned
U03403,16,8,428.75,34,16,10,0.1999999999999999,4.95,25,0,0.0002,Low,At-Risk Spenders
U03404,3,13,741.69,50,21,16,0.1875,8.13,3,0,0.0002,Low,At-Risk Spenders
U03405,0,12,610.14,74,37,25,0.52,7.02,23,0,0.0002,Low,At-Risk Spenders
U03406,27,1,12.17,10,9,0,1.0,11.42,67,0,0.0005,Low,Casual Browsers
U03407,5,0,0.0,11,11,0,1.0,8.65,35,0,0.0002,Low,Casual Browsers
U03408,12,35,5775.11,110,20,55,0.3636363636363636,7.36,15,0,0.0002,Low,High-Value Loyalists
U03409,25,0,0.0,7,7,0,1.0,7.81,55,0,0.0003,Low,Casual Browsers
U03410,75,10,488.0,45,19,16,0.375,7.03,83,1,0.9997,High,Churned
U03411,28,0,0.0,10,9,1,1.0,8.39,58,0,0.0003,Low,Casual Browsers
U03412,70,7,586.26,46,24,15,0.5333333333333333,9.33,73,1,0.9997,High,Churned
U03413,78,2,114.35,18,15,1,0.0,8.23,105,1,0.9996,High,Churned
U03414,1,6,362.15,47,24,17,0.6470588235294117,10.44,3,0,0.0002,Low,At-Risk Spenders
U03415,10,25,3790.78,99,22,52,0.5192307692307692,7.55,10,0,0.0002,Low,High-Value Loyalists
U03416,25,15,939.03,66,30,21,0.2857142857142857,8.43,33,0,0.0005,Low,At-Risk Spenders
U03417,8,2,106.49,29,22,5,0.6,10.22,137,0,0.0009,Low,At-Risk Spenders
U03418,13,0,0.0,9,9,0,1.0,6.79,43,0,0.0002,Low,Casual Browsers
U03419,14,13,838.13,63,28,22,0.409090909090909,8.18,18,0,0.0002,Low,At-Risk Spenders
U03420,37,5,112.75,20,12,3,0.0,8.64,79,1,0.9997,High,Churned
U03421,2,2,64.41,18,16,0,1.0,7.97,126,0,0.0008,Low,Casual Browsers
U03422,23,2,48.36,10,7,1,0.0,10.81,23,0,0.0002,Low,At-Risk Spenders
U03423,14,1,3.69,7,6,0,1.0,12.67,36,0,0.0002,Low,Casual Browsers
U03424,110,2,57.33,28,22,4,0.5,8.84,154,1,0.9995,High,Churned
U03425,12,2,105.96,22,19,1,0.0,7.83,12,0,0.0002,Low,At-Risk Spenders
U03426,26,1,24.22,17,14,2,0.5,11.02,55,0,0.0005,Low,At-Risk Spenders
U03427,24,1,17.08,14,12,1,0.0,9.36,179,0,0.0006,Low,At-Risk Spenders
U03428,11,12,859.48,49,26,11,0.0,8.14,11,0,0.0002,Low,At-Risk Spenders
U03429,28,0,0.0,9,9,0,1.0,4.38,58,0,0.0003,Low,Casual Browsers
U03430,0,51,6750.91,172,32,89,0.4269662921348315,9.22,0,0,0.0002,Low,High-Value Loyalists
U03431,0,3,146.79,29,22,4,0.25,9.45,0,0,0.0002,Low,At-Risk Spenders
U03432,20,0,0.0,5,5,0,1.0,9.28,50,0,0.0002,Low,Casual Browsers
U03433,18,37,5145.95,117,18,62,0.4032258064516129,7.79,18,0,0.0002,Low,High-Value Loyalists
U03434,21,10,717.88,59,30,19,0.4736842105263158,7.39,27,0,0.0002,Low,At-Risk Spenders
U03435,23,0,0.0,6,5,1,1.0,16.57,53,0,0.0003,Low,Casual Browsers
U03436,28,1,50.33,10,7,2,0.5,12.53,39,0,0.0003,Low,At-Risk Spenders
U03437,20,6,483.52,55,28,21,0.7142857142857143,7.59,44,0,0.0004,Low,At-Risk Spenders
U03438,21,2,161.61,29,23,4,0.5,6.78,21,0,0.0002,Low,At-Risk Spenders
U03439,24,0,0.0,10,10,0,1.0,3.55,54,0,0.0002,Low,Casual Browsers
U03440,10,1,20.32,6,5,0,1.0,9.77,135,0,0.0008,Low,Casual Browsers
U03441,15,3,177.69,28,22,3,0.0,9.04,56,0,0.0006,Low,At-Risk Spenders
U03442,17,32,4958.92,92,13,47,0.3191489361702128,8.27,20,0,0.0002,Low,High-Value Loyalists
U03443,29,0,0.0,6,6,0,1.0,6.33,59,0,0.0003,Low,Casual Browsers
U03444,0,0,0.0,16,15,1,1.0,9.33,30,0,0.0002,Low,Casual Browsers
U03445,19,0,0.0,13,12,1,1.0,9.39,49,0,0.0002,Low,Casual Browsers
U03446,24,8,473.79,35,18,9,0.1111111111111111,6.44,26,0,0.0002,Low,At-Risk Spenders
U03447,7,6,379.16,62,32,24,0.75,6.84,64,0,0.0009,Low,At-Risk Spenders
U03448,7,0,0.0,8,8,0,1.0,11.08,37,0,0.0002,Low,Casual Browsers
U03449,29,0,0.0,11,10,1,1.0,7.15,59,0,0.0003,Low,Casual Browsers
U03450,82,0,0.0,8,7,1,1.0,11.64,112,1,0.9998,High,Churned
U03451,28,51,7321.0,143,14,78,0.3461538461538461,7.6,28,0,0.0002,Low,High-Value Loyalists
U03452,0,8,440.77,39,22,9,0.1111111111111111,10.71,44,0,0.0004,Low,At-Risk Spenders
U03453,13,1,15.26,17,14,2,0.5,9.43,45,0,0.0003,Low,At-Risk Spenders
U03454,8,3,112.62,29,22,4,0.25,8.72,16,0,0.0002,Low,At-Risk Spenders
U03455,7,1,62.85,11,9,1,0.0,11.71,96,0,0.0008,Low,At-Risk Spenders
U03456,19,10,830.08,40,16,14,0.2857142857142857,6.98,25,0,0.0002,Low,At-Risk Spenders
U03457,8,12,1058.64,52,23,17,0.2941176470588235,8.16,20,0,0.0002,Low,At-Risk Spenders
U03458,29,1,42.48,26,23,2,0.5,7.22,164,0,0.0008,Low,At-Risk Spenders
U03459,3,1,18.52,23,19,3,0.6666666666666667,8.25,93,0,0.0008,Low,Casual Browsers
U03460,21,42,5938.45,145,18,85,0.5058823529411764,7.59,24,0,0.0002,Low,High-Value Loyalists
U03461,25,0,0.0,20,14,6,1.0,10.62,55,0,0.0003,Low,Casual Browsers
U03462,7,5,166.37,25,17,3,0.0,11.41,7,0,0.0002,Low,At-Risk Spenders
U03463,21,1,6.0,27,24,2,0.5,6.0,89,0,0.0007,Low,At-Risk Spenders
U03464,8,9,608.29,77,47,21,0.5714285714285714,7.22,9,0,0.0002,Low,At-Risk Spenders
U03465,8,0,0.0,13,12,1,1.0,4.35,38,0,0.0002,Low,Casual Browsers
U03466,9,1,12.25,13,10,2,0.5,6.54,15,0,0.0002,Low,At-Risk Spenders
U03467,28,42,6199.94,126,21,63,0.3333333333333333,8.39,31,0,0.0004,Low,High-Value Loyalists
U03468,3,1,10.12,18,13,4,0.75,7.98,3,0,0.0002,Low,Casual Browsers
U03469,12,13,709.12,63,29,21,0.3809523809523809,8.04,18,0,0.0002,Low,At-Risk Spenders
U03470,2,43,5782.61,149,17,89,0.5168539325842696,6.53,5,0,0.0002,Low,High-Value Loyalists
U03471,71,12,691.64,56,26,18,0.3333333333333333,8.35,74,1,0.9998,High,Churned
U03472,14,3,167.12,29,21,5,0.4,8.79,50,0,0.0004,Low,At-Risk Spenders
U03473,27,11,595.32,73,35,27,0.5925925925925926,8.71,29,0,0.0002,Low,At-Risk Spenders
U03474,1,2,104.78,22,15,5,0.6,5.68,17,0,0.0002,Low,Casual Browsers
U03475,18,1,34.48,19,17,1,0.0,6.42,66,0,0.0004,Low,At-Risk Spenders
U03476,23,1,37.93,13,12,0,1.0,5.99,134,0,0.0008,Low,Casual Browsers
U03477,7,11,686.86,41,18,12,0.0833333333333333,7.58,47,0,0.0006,Low,At-Risk Spenders
U03478,5,3,80.96,23,16,4,0.25,8.6,26,0,0.0002,Low,At-Risk Spenders
U03479,19,0,0.0,3,3,0,1.0,3.63,49,0,0.0002,Low,Casual Browsers
U03480,23,13,777.05,65,31,21,0.3809523809523809,6.86,27,0,0.0002,Low,At-Risk Spenders
U03481,12,8,388.62,65,36,21,0.6190476190476191,9.05,12,0,0.0002,Low,At-Risk Spenders
U03482,22,0,0.0,22,21,1,1.0,7.54,52,0,0.0002,Low,Casual Browsers
U03483,1,11,945.22,48,20,17,0.3529411764705882,5.91,22,0,0.0002,Low,At-Risk Spenders
U03484,23,10,524.57,53,29,14,0.2857142857142857,9.11,27,0,0.0002,Low,At-Risk Spenders
U03485,1,0,0.0,11,11,0,1.0,10.54,31,0,0.0002,Low,Casual Browsers
U03486,0,0,0.0,14,14,0,1.0,11.64,30,0,0.0002,Low,Casual Browsers
U03487,9,51,6632.43,193,29,113,0.5486725663716814,9.15,9,0,0.0002,Low,High-Value Loyalists
U03488,47,4,353.44,52,29,19,0.7894736842105263,6.17,64,1,0.9995,High,Churned
U03489,48,0,0.0,4,4,0,1.0,8.62,78,1,0.9998,High,Churned
U03490,14,0,0.0,9,8,1,1.0,9.69,44,0,0.0002,Low,Casual Browsers
U03491,55,57,8503.63,179,26,96,0.40625,7.99,55,1,0.9996,High,Churned
U03492,9,4,205.89,31,20,7,0.4285714285714286,9.03,17,0,0.0002,Low,At-Risk Spenders
U03493,22,8,576.32,52,26,18,0.5555555555555556,8.89,22,0,0.0002,Low,At-Risk Spenders
U03494,18,0,0.0,4,4,0,1.0,14.88,48,0,0.0002,Low,Casual Browsers
U03495,1,17,2685.12,94,17,60,0.7166666666666667,8.84,5,0,0.0002,Low,At-Risk Spenders
U03496,6,18,1504.08,72,35,19,0.0526315789473684,6.39,37,0,0.0006,Low,At-Risk Spenders
U03497,27,0,0.0,3,3,0,1.0,6.97,57,0,0.0003,Low,Casual Browsers
U03498,15,0,0.0,7,7,0,1.0,5.1,45,0,0.0002,Low,Casual Browsers
U03499,12,0,0.0,10,10,0,1.0,8.12,42,0,0.0002,Low,Casual Browsers
U03500,3,10,661.83,58,26,22,0.5454545454545454,7.64,47,0,0.0005,Low,At-Risk Spenders
U03501,29,41,5956.95,141,25,75,0.4533333333333333,7.17,30,0,0.0002,Low,High-Value Loyalists
U03502,7,6,544.93,33,17,10,0.4,9.31,7,0,0.0002,Low,At-Risk Spenders
U03503,10,0,0.0,10,10,0,1.0,7.92,40,0,0.0002,Low,Casual Browsers
U03504,33,1,7.27,5,4,0,1.0,4.68,160,1,0.9995,High,Churned
U03505,11,0,0.0,9,9,0,1.0,8.23,41,0,0.0002,Low,Casual Browsers
U03506,3,12,690.17,78,40,26,0.5384615384615384,10.42,20,0,0.0002,Low,At-Risk Spenders
U03507,17,8,619.07,30,11,11,0.2727272727272727,7.97,23,0,0.0002,Low,At-Risk Spenders
U03508,14,3,141.14,21,12,6,0.5,6.1,14,0,0.0002,Low,At-Risk Spenders
U03509,11,0,0.0,10,10,0,1.0,9.15,41,0,0.0002,Low,Casual Browsers
U03510,79,32,5037.5,112,22,58,0.4482758620689655,7.11,79,1,0.9998,High,Churned
U03511,23,0,0.0,14,13,1,1.0,5.7,53,0,0.0002,Low,Casual Browsers
U03512,36,0,0.0,10,10,0,1.0,6.28,66,1,0.9998,High,Churned
U03513,13,2,60.16,17,11,4,0.5,8.46,13,0,0.0002,Low,At-Risk Spenders
U03514,16,8,468.24,42,26,8,0.0,8.5,17,0,0.0002,Low,At-Risk Spenders
U03515,6,19,1477.87,76,39,18,0.0,6.26,7,0,0.0002,Low,At-Risk Spenders
U03516,23,0,0.0,6,6,0,1.0,8.95,53,0,0.0002,Low,Casual Browsers
U03517,52,0,0.0,28,21,7,1.0,7.74,82,1,0.9998,High,Churned
U03518,26,0,0.0,20,18,2,1.0,4.88,56,0,0.0003,Low,Casual Browsers
U03519,34,0,0.0,10,10,0,1.0,6.53,64,1,0.9998,High,Churned
U03520,26,0,0.0,3,3,0,1.0,11.2,56,0,0.0003,Low,Casual Browsers
U03521,28,18,1217.85,63,28,17,0.0,7.9,28,0,0.0002,Low,At-Risk Spenders
U03522,0,6,357.55,35,24,5,0.0,5.69,0,0,0.0002,Low,At-Risk Spenders
U03523,22,1,11.32,3,2,0,1.0,4.23,177,0,0.0006,Low,Casual Browsers
U03524,100,19,1051.41,64,20,25,0.24,8.18,100,1,0.9998,High,Churned
U03525,28,0,0.0,7,7,0,1.0,6.27,58,0,0.0003,Low,Casual Browsers
U03526,39,2,81.11,28,21,5,0.6,7.16,75,1,0.9993,High,Churned
U03527,7,6,347.09,31,15,10,0.4,7.95,7,0,0.0002,Low,At-Risk Spenders
U03528,25,13,990.23,65,32,20,0.35,8.71,43,0,0.0005,Low,At-Risk Spenders
U03529,14,16,1031.13,77,37,24,0.3333333333333333,8.36,15,0,0.0002,Low,At-Risk Spenders
U03530,19,2,87.58,26,16,8,0.75,6.14,73,0,0.0007,Low,Casual Browsers
U03531,3,2,59.52,22,18,2,0.0,6.85,89,0,0.0007,Low,At-Risk Spenders
U03532,20,0,0.0,11,11,0,1.0,6.45,50,0,0.0002,Low,Casual Browsers
U03533,6,3,185.65,26,20,3,0.0,9.55,6,0,0.0002,Low,At-Risk Spenders
U03534,15,8,423.98,67,38,21,0.6190476190476191,9.01,16,0,0.0002,Low,At-Risk Spenders
U03535,11,54,9153.0,185,21,110,0.509090909090909,8.29,11,0,0.0002,Low,High-Value Loyalists
U03536,34,12,651.31,53,25,16,0.25,7.69,34,1,0.9992,High,Churned
U03537,11,0,0.0,15,10,5,1.0,8.47,41,0,0.0002,Low,Casual Browsers
U03538,26,32,4672.46,120,16,72,0.5555555555555556,9.27,29,0,0.0002,Low,High-Value Loyalists
U03539,8,30,4585.41,94,16,48,0.375,7.72,8,0,0.0002,Low,High-Value Loyalists
U03540,62,1,37.31,23,17,5,0.8,10.17,149,1,0.9995,High,Churned
U03541,23,0,0.0,5,5,0,1.0,8.98,53,0,0.0002,Low,Casual Browsers
U03542,22,1,14.92,21,18,2,0.5,8.05,148,0,0.0008,Low,At-Risk Spenders
U03543,116,6,295.7,38,21,11,0.4545454545454546,6.94,121,1,0.9997,High,Churned
U03544,25,13,614.37,65,30,22,0.409090909090909,8.6,25,0,0.0002,Low,At-Risk Spenders
U03545,9,0,0.0,12,12,0,1.0,8.01,39,0,0.0002,Low,Casual Browsers
U03546,13,0,0.0,11,10,1,1.0,8.59,43,0,0.0002,Low,Casual Browsers
U03547,38,4,91.93,18,13,1,0.0,7.36,87,1,0.9996,High,Churned
U03548,8,1,16.47,26,21,4,0.75,6.64,36,0,0.0003,Low,Casual Browsers
U03549,11,11,758.41,67,24,32,0.65625,7.32,49,0,0.0005,Low,At-Risk Spenders
U03550,9,20,2809.47,90,13,57,0.6491228070175439,8.8,9,0,0.0002,Low,At-Risk Spenders
U03551,0,0,0.0,11,11,0,1.0,10.15,30,0,0.0002,Low,Casual Browsers
U03552,53,13,687.68,77,40,24,0.4583333333333333,8.26,53,1,0.9996,High,Churned
U03553,13,0,0.0,8,7,1,1.0,7.66,43,0,0.0002,Low,Casual Browsers
U03554,12,6,281.08,68,42,20,0.7,6.94,31,0,0.0003,Low,At-Risk Spenders
U03555,40,0,0.0,4,4,0,1.0,7.93,70,1,0.9998,High,Churned
U03556,7,0,0.0,14,13,1,1.0,5.07,37,0,0.0002,Low,Casual Browsers
U03557,3,0,0.0,9,9,0,1.0,15.69,33,0,0.0002,Low,Casual Browsers
U03558,18,3,107.44,21,15,3,0.0,7.77,26,0,0.0002,Low,At-Risk Spenders
U03559,43,35,4497.5,118,25,58,0.396551724137931,8.25,43,1,0.9995,High,Churned
U03560,4,0,0.0,6,6,0,1.0,5.87,34,0,0.0002,Low,Casual Browsers
U03561,27,10,564.45,43,21,12,0.1666666666666666,7.57,34,0,0.0005,Low,At-Risk Spenders
U03562,11,0,0.0,11,10,1,1.0,8.07,41,0,0.0002,Low,Casual Browsers
U03563,92,0,0.0,10,9,1,1.0,15.92,122,1,0.9998,High,Churned
U03564,21,0,0.0,6,6,0,1.0,8.07,51,0,0.0002,Low,Casual Browsers
U03565,24,26,4834.63,90,13,51,0.4901960784313726,8.75,25,0,0.0002,Low,High-Value Loyalists
U03566,27,13,1069.25,58,23,22,0.409090909090909,7.64,44,0,0.0006,Low,At-Risk Spenders
U03567,25,0,0.0,8,7,1,1.0,4.53,55,0,0.0002,Low,Casual Browsers
U03568,10,2,85.85,21,14,5,0.6,11.46,33,0,0.0003,Low,Casual Browsers
U03569,16,1,42.96,18,15,2,0.5,8.41,68,0,0.0004,Low,At-Risk Spenders
U03570,16,8,379.71,65,38,19,0.5789473684210527,8.92,24,0,0.0002,Low,At-Risk Spenders
U03571,16,1,7.1,7,6,0,1.0,13.01,47,0,0.0002,Low,Casual Browsers
U03572,24,1,34.36,19,14,4,0.75,7.44,150,0,0.0008,Low,Casual Browsers
U03573,22,12,918.15,54,22,20,0.4,10.44,27,0,0.0002,Low,At-Risk Spenders
U03574,27,19,1186.11,75,30,26,0.2692307692307693,7.64,28,0,0.0002,Low,At-Risk Spenders
U03575,10,2,52.7,24,18,4,0.5,7.4,22,0,0.0002,Low,At-Risk Spenders
U03576,27,2,167.78,19,15,2,0.0,6.91,83,0,0.0009,Low,At-Risk Spenders
U03577,20,1,29.52,16,13,2,0.5,6.64,20,0,0.0002,Low,At-Risk Spenders
U03578,23,2,59.04,19,14,3,0.3333333333333333,8.56,72,0,0.0005,Low,At-Risk Spenders
U03579,10,12,773.75,67,27,28,0.5714285714285714,6.69,25,0,0.0002,Low,At-Risk Spenders
U03580,23,0,0.0,11,10,1,1.0,6.54,53,0,0.0003,Low,Casual Browsers
U03581,25,13,1119.33,75,37,25,0.48,8.53,39,0,0.0006,Low,At-Risk Spenders
U03582,18,2,119.65,24,18,4,0.5,4.98,34,0,0.0003,Low,At-Risk Spenders
U03583,15,34,5596.35,108,20,54,0.3703703703703703,8.6,15,0,0.0002,Low,High-Value Loyalists
U03584,22,2,49.85,21,18,1,0.0,8.94,44,0,0.0003,Low,At-Risk Spenders
U03585,25,15,948.23,77,43,19,0.2105263157894736,8.21,25,0,0.0002,Low,At-Risk Spenders
U03586,19,63,9345.87,192,24,105,0.4,7.96,19,0,0.0002,Low,High-Value Loyalists
U03587,18,2,133.0,18,12,4,0.5,7.63,98,0,0.001,Low,At-Risk Spenders
U03588,26,0,0.0,13,13,0,1.0,5.95,56,0,0.0003,Low,Casual Browsers
U03589,84,1,31.49,18,15,2,0.5,8.58,104,1,0.9995,High,Churned
U03590,11,0,0.0,14,11,3,1.0,9.55,41,0,0.0002,Low,Casual Browsers
U03591,6,4,137.1,33,16,13,0.6923076923076923,9.9,96,0,0.0012,Low,Casual Browsers
U03592,20,11,781.91,69,38,20,0.4499999999999999,8.56,27,0,0.0002,Low,At-Risk Spenders
U03593,5,2,138.25,18,15,1,0.0,6.17,5,0,0.0002,Low,At-Risk Spenders
U03594,25,1,27.08,16,11,4,0.75,9.01,169,0,0.0008,Low,Casual Browsers
U03595,16,0,0.0,22,18,4,1.0,5.32,46,0,0.0002,Low,Casual Browsers
U03596,7,3,44.22,28,20,5,0.4,8.86,27,0,0.0002,Low,At-Risk Spenders
U03597,9,42,5552.57,168,27,99,0.5757575757575757,7.03,9,0,0.0002,Low,High-Value Loyalists
U03598,21,11,704.41,65,38,16,0.3125,9.52,38,0,0.0005,Low,At-Risk Spenders
U03599,17,13,954.74,70,28,29,0.5517241379310345,6.36,30,0,0.0002,Low,At-Risk Spenders
U03600,19,2,66.45,16,10,4,0.5,9.05,76,0,0.0005,Low,At-Risk Spenders
U03601,107,0,0.0,11,11,0,1.0,7.11,137,1,0.9998,High,Churned
U03602,26,29,4829.3,106,18,59,0.5084745762711864,8.29,28,0,0.0002,Low,High-Value Loyalists
U03603,24,0,0.0,23,17,6,1.0,5.39,54,0,0.0003,Low,Casual Browsers
U03604,19,2,115.66,16,10,4,0.5,8.37,66,0,0.0005,Low,At-Risk Spenders
U03605,17,0,0.0,13,12,1,1.0,6.71,47,0,0.0002,Low,Casual Browsers
U03606,27,11,698.64,60,29,20,0.4499999999999999,9.02,29,0,0.0002,Low,At-Risk Spenders
U03607,23,0,0.0,5,5,0,1.0,4.6,53,0,0.0002,Low,Casual Browsers
U03608,11,0,0.0,15,13,2,1.0,6.76,41,0,0.0002,Low,Casual Browsers
U03609,4,1,22.1,28,22,5,0.8,6.86,101,0,0.0008,Low,Casual Browsers
U03610,0,11,678.2,38,21,6,0.0,7.72,0,0,0.0002,Low,At-Risk Spenders
U03611,9,30,3991.04,88,13,45,0.3333333333333333,7.7,17,0,0.0002,Low,High-Value Loyalists
U03612,69,0,0.0,10,8,2,1.0,7.11,99,1,0.9998,High,Churned
U03613,24,4,250.9,21,16,1,0.0,7.93,24,0,0.0002,Low,At-Risk Spenders
U03614,16,0,0.0,10,9,1,1.0,11.55,46,0,0.0002,Low,Casual Browsers
U03615,20,11,595.41,48,20,17,0.3529411764705882,10.13,50,0,0.0006,Low,At-Risk Spenders
U03616,98,13,971.57,57,29,15,0.1333333333333333,7.51,121,1,0.9998,High,Churned
U03617,18,0,0.0,4,3,1,1.0,3.45,48,0,0.0002,Low,Casual Browsers
U03618,11,0,0.0,6,6,0,1.0,6.57,41,0,0.0002,Low,Casual Browsers
U03619,3,2,60.19,21,19,0,1.0,4.66,37,0,0.0003,Low,Casual Browsers
U03620,15,3,113.78,25,17,5,0.4,8.32,15,0,0.0002,Low,At-Risk Spenders
U03621,10,7,397.18,61,31,23,0.6956521739130435,7.78,18,0,0.0002,Low,At-Risk Spenders
U03622,0,10,667.04,74,46,18,0.4444444444444444,6.24,3,0,0.0002,Low,At-Risk Spenders
U03623,23,0,0.0,8,8,0,1.0,7.28,53,0,0.0003,Low,Casual Browsers
U03624,0,47,5914.36,162,39,76,0.381578947368421,7.61,2,0,0.0002,Low,High-Value Loyalists
U03625,0,0,0.0,7,7,0,1.0,11.3,30,0,0.0002,Low,Casual Browsers
U03626,27,1,41.77,13,9,3,0.6666666666666667,8.2,158,0,0.0008,Low,Casual Browsers
U03627,52,18,1331.9,76,39,19,0.0526315789473684,7.68,52,1,0.9996,High,Churned
U03628,21,0,0.0,4,4,0,1.0,13.32,51,0,0.0002,Low,Casual Browsers
U03629,25,1,58.88,18,16,1,0.0,8.72,104,0,0.0008,Low,At-Risk Spenders
U03630,5,0,0.0,23,20,3,1.0,10.37,35,0,0.0002,Low,Casual Browsers
U03631,15,0,0.0,28,25,3,1.0,6.18,45,0,0.0002,Low,Casual Browsers
U03632,0,0,0.0,11,11,0,1.0,4.15,30,0,0.0002,Low,Casual Browsers
U03633,16,0,0.0,6,6,0,1.0,4.7,46,0,0.0002,Low,Casual Browsers
U03634,20,0,0.0,8,8,0,1.0,6.86,50,0,0.0002,Low,Casual Browsers
U03635,85,1,27.85,11,10,0,1.0,7.0,142,1,0.9995,High,Churned
U03636,7,0,0.0,10,9,1,1.0,10.44,37,0,0.0002,Low,Casual Browsers
U03637,0,15,872.29,67,29,23,0.3478260869565217,7.87,5,0,0.0002,Low,At-Risk Spenders
U03638,45,0,0.0,12,9,3,1.0,7.12,75,1,0.9998,High,Churned
U03639,0,33,4076.1,136,21,82,0.5975609756097561,8.16,0,0,0.0002,Low,High-Value Loyalists
U03640,14,13,867.28,49,20,16,0.1875,8.92,16,0,0.0002,Low,At-Risk Spenders
U03641,3,0,0.0,17,14,3,1.0,10.0,33,0,0.0002,Low,Casual Browsers
U03642,4,0,0.0,12,12,0,1.0,9.67,34,0,0.0002,Low,Casual Browsers
U03643,14,3,82.05,24,17,4,0.25,8.05,14,0,0.0002,Low,At-Risk Spenders
U03644,20,0,0.0,3,3,0,1.0,10.17,50,0,0.0002,Low,Casual Browsers
U03645,25,0,0.0,14,12,2,1.0,12.89,55,0,0.0003,Low,Casual Browsers
U03646,14,0,0.0,6,6,0,1.0,4.9,44,0,0.0002,Low,Casual Browsers
U03647,1,1,44.31,12,10,1,0.0,8.42,82,0,0.0007,Low,At-Risk Spenders
U03648,8,4,133.71,19,12,3,0.0,9.02,10,0,0.0002,Low,At-Risk Spenders
U03649,9,0,0.0,12,10,2,1.0,4.73,39,0,0.0002,Low,Casual Browsers
U03650,13,0,0.0,8,7,1,1.0,5.38,43,0,0.0002,Low,Casual Browsers
U03651,19,8,618.03,75,35,32,0.75,8.2,35,0,0.0004,Low,At-Risk Spenders
U03652,27,1,8.02,14,13,0,1.0,7.26,144,0,0.0008,Low,Casual Browsers
U03653,21,1,30.27,13,11,1,0.0,8.65,137,0,0.0008,Low,At-Risk Spenders
U03654,0,11,804.75,75,40,24,0.5416666666666667,6.48,19,0,0.0002,Low,At-Risk Spenders
U03655,119,0,0.0,16,14,2,1.0,9.17,149,1,0.9998,High,Churned
U03656,13,2,36.24,22,18,2,0.0,6.66,63,0,0.0004,Low,At-Risk Spenders
U03657,10,13,933.47,64,38,13,0.0,8.03,10,0,0.0002,Low,At-Risk Spenders
U03658,17,0,0.0,3,3,0,1.0,5.77,47,0,0.0002,Low,Casual Browsers
U03659,11,2,69.82,13,7,4,0.5,7.95,77,0,0.0005,Low,At-Risk Spenders
U03660,14,15,801.0,68,36,17,0.1176470588235294,9.41,14,0,0.0002,Low,At-Risk Spenders
U03661,21,1,25.15,27,21,5,0.8,8.06,65,0,0.0005,Low,Casual Browsers
U03662,0,17,1052.94,66,26,23,0.2608695652173913,6.98,20,0,0.0002,Low,At-Risk Spenders
U03663,84,5,645.16,71,39,27,0.8148148148148149,8.43,112,1,0.9997,High,Churned
U03664,73,3,129.02,19,14,2,0.0,11.29,78,1,0.9995,High,Churned
U03665,5,3,77.49,21,18,0,1.0,8.27,30,0,0.0002,Low,Casual Browsers
U03666,16,1,15.68,26,20,5,0.8,9.22,122,0,0.0008,Low,Casual Browsers
U03667,26,0,0.0,12,11,1,1.0,12.28,56,0,0.0003,Low,Casual Browsers
U03668,7,7,536.12,33,18,8,0.125,8.95,50,0,0.0005,Low,At-Risk Spenders
U03669,41,15,949.89,72,34,23,0.3478260869565217,9.41,57,1,0.9996,High,Churned
U03670,8,3,81.91,16,12,1,0.0,10.11,46,0,0.0003,Low,At-Risk Spenders
U03671,13,2,45.4,27,21,4,0.5,7.4,101,0,0.0008,Low,At-Risk Spenders
U03672,34,8,529.12,51,23,20,0.6,6.87,51,1,0.9994,High,Churned
U03673,20,4,148.92,24,14,6,0.3333333333333333,7.21,38,0,0.0004,Low,At-Risk Spenders
U03674,114,48,7167.2,173,27,98,0.5102040816326531,7.25,114,1,0.9998,High,Churned
U03675,12,3,412.41,31,20,8,0.625,6.31,12,0,0.0002,Low,At-Risk Spenders
U03676,7,0,0.0,13,12,1,1.0,5.9,37,0,0.0002,Low,Casual Browsers
U03677,19,0,0.0,27,20,7,1.0,7.66,49,0,0.0003,Low,Casual Browsers
U03678,21,2,54.04,18,13,3,0.3333333333333333,9.89,44,0,0.0003,Low,At-Risk Spenders
U03679,20,0,0.0,11,11,0,1.0,10.65,50,0,0.0002,Low,Casual Browsers
U03680,26,0,0.0,11,11,0,1.0,7.65,56,0,0.0003,Low,Casual Browsers
U03681,8,0,0.0,14,13,1,1.0,6.35,38,0,0.0002,Low,Casual Browsers
U03682,35,0,0.0,8,7,1,1.0,12.16,65,1,0.9998,High,Churned
U03683,14,22,3075.57,96,13,61,0.639344262295082,9.59,16,0,0.0002,Low,At-Risk Spenders
U03684,16,0,0.0,12,12,0,1.0,6.05,46,0,0.0002,Low,Casual Browsers
U03685,6,9,507.81,41,18,14,0.3571428571428571,8.25,26,0,0.0002,Low,At-Risk Spenders
U03686,11,2,133.69,28,22,4,0.5,7.1,85,0,0.0009,Low,At-Risk Spenders
U03687,20,2,43.44,26,20,4,0.5,7.4,117,0,0.0008,Low,At-Risk Spenders
U03688,14,0,0.0,9,9,0,1.0,13.57,44,0,0.0002,Low,Casual Browsers
U03689,86,0,0.0,12,12,0,1.0,7.34,116,1,0.9998,High,Churned
U03690,118,11,597.65,75,35,29,0.6206896551724138,8.58,126,1,0.9998,High,Churned
U03691,15,0,0.0,13,13,0,1.0,4.68,45,0,0.0002,Low,Casual Browsers
U03692,17,6,207.9,43,18,19,0.6842105263157895,6.67,40,0,0.0004,Low,At-Risk Spenders
U03693,9,1,46.19,6,5,0,1.0,8.02,9,0,0.0002,Low,Casual Browsers
U03694,13,38,6010.03,135,18,79,0.5189873417721519,8.7,16,0,0.0002,Low,High-Value Loyalists
U03695,22,8,613.34,37,20,9,0.1111111111111111,7.52,63,0,0.0013,Low,At-Risk Spenders
U03696,70,6,567.58,34,14,14,0.5714285714285714,6.44,74,1,0.9997,High,Churned
U03697,21,2,100.49,19,15,2,0.0,7.44,21,0,0.0002,Low,At-Risk Spenders
U03698,18,3,95.93,25,20,2,0.0,5.88,91,0,0.0008,Low,At-Risk Spenders
U03699,11,12,1081.22,71,41,18,0.3333333333333333,8.17,18,0,0.0002,Low,At-Risk Spenders
U03700,25,13,1108.17,71,39,19,0.3157894736842105,9.21,25,0,0.0002,Low,At-Risk Spenders
U03701,17,0,0.0,9,8,1,1.0,5.81,47,0,0.0002,Low,Casual Browsers
U03702,21,0,0.0,10,9,1,1.0,8.19,51,0,0.0002,Low,Casual Browsers
U03703,9,1,10.05,8,7,0,1.0,8.16,34,0,0.0002,Low,Casual Browsers
U03704,2,6,234.73,39,22,11,0.4545454545454546,8.43,44,0,0.0005,Low,At-Risk Spenders
U03705,12,0,0.0,22,17,5,1.0,7.44,42,0,0.0002,Low,Casual Browsers
U03706,20,0,0.0,9,9,0,1.0,7.63,50,0,0.0002,Low,Casual Browsers
U03707,0,11,743.98,73,32,30,0.6333333333333333,7.15,4,0,0.0002,Low,At-Risk Spenders
U03708,15,3,74.06,20,16,1,0.0,6.94,15,0,0.0002,Low,At-Risk Spenders
U03709,6,0,0.0,13,13,0,1.0,8.52,36,0,0.0002,Low,Casual Browsers
U03710,27,0,0.0,7,7,0,1.0,7.81,57,0,0.0003,Low,Casual Browsers
U03711,31,11,825.09,77,44,22,0.5,7.33,31,1,0.999,High,Churned
U03712,8,7,434.49,51,30,14,0.5,7.11,20,0,0.0002,Low,At-Risk Spenders
U03713,2,0,0.0,25,21,4,1.0,6.03,32,0,0.0002,Low,Casual Browsers
U03714,29,16,1244.33,72,35,21,0.2380952380952381,7.51,30,0,0.0002,Low,At-Risk Spenders
U03715,21,11,551.68,45,23,11,0.0,8.64,39,0,0.0005,Low,At-Risk Spenders
U03716,8,0,0.0,4,4,0,1.0,4.47,38,0,0.0002,Low,Casual Browsers
U03717,6,9,477.24,46,25,12,0.25,6.56,8,0,0.0002,Low,At-Risk Spenders
U03718,60,15,962.54,65,31,19,0.2105263157894736,7.29,60,1,0.9997,High,Churned
U03719,11,15,1010.16,71,32,24,0.375,6.5,12,0,0.0002,Low,At-Risk Spenders
U03720,4,0,0.0,12,10,2,1.0,8.62,34,0,0.0002,Low,Casual Browsers
U03721,3,9,360.74,64,39,16,0.4375,7.98,22,0,0.0002,Low,At-Risk Spenders
U03722,19,28,3588.84,112,23,61,0.540983606557377,8.15,19,0,0.0002,Low,High-Value Loyalists
U03723,5,3,113.43,28,22,3,0.0,6.8,69,0,0.0005,Low,At-Risk Spenders
U03724,1,2,75.14,11,8,1,0.0,7.86,42,0,0.0003,Low,At-Risk Spenders
U03725,10,2,122.8,20,17,1,0.0,7.54,44,0,0.0003,Low,At-Risk Spenders
U03726,4,0,0.0,11,10,1,1.0,5.99,34,0,0.0002,Low,Casual Browsers
U03727,58,7,391.49,39,18,14,0.5,7.48,58,1,0.9995,High,Churned
U03728,79,8,421.97,79,39,32,0.75,7.04,81,1,0.9997,High,Churned
U03729,21,0,0.0,9,9,0,1.0,10.84,51,0,0.0002,Low,Casual Browsers
U03730,3,8,457.89,79,41,30,0.7333333333333334,6.25,9,0,0.0002,Low,At-Risk Spenders
U03731,28,4,375.12,32,20,8,0.5,7.61,66,0,0.0009,Low,At-Risk Spenders
U03732,27,11,716.91,73,44,18,0.3888888888888888,8.27,27,0,0.0002,Low,At-Risk Spenders
U03733,22,5,296.83,56,31,20,0.75,10.21,47,0,0.0004,Low,Casual Browsers
U03734,29,3,103.17,13,9,1,0.0,7.9,86,0,0.0008,Low,At-Risk Spenders
U03735,7,6,225.39,36,17,13,0.5384615384615384,6.97,7,0,0.0002,Low,At-Risk Spenders
U03736,25,0,0.0,10,10,0,1.0,10.26,55,0,0.0003,Low,Casual Browsers
U03737,16,76,10150.98,197,33,88,0.1363636363636363,8.98,18,0,0.0002,Low,High-Value Loyalists
U03738,6,0,0.0,7,7,0,1.0,6.43,36,0,0.0002,Low,Casual Browsers
U03739,12,0,0.0,11,10,1,1.0,12.87,42,0,0.0002,Low,Casual Browsers
U03740,4,0,0.0,13,13,0,1.0,4.27,34,0,0.0002,Low,Casual Browsers
U03741,14,1,11.29,13,12,0,1.0,11.08,170,0,0.0008,Low,Casual Browsers
U03742,1,42,7230.48,137,26,69,0.3913043478260869,8.07,2,0,0.0002,Low,High-Value Loyalists
U03743,14,10,829.33,66,32,24,0.5833333333333333,9.95,32,0,0.0003,Low,At-Risk Spenders
U03744,47,1,31.86,13,9,3,0.6666666666666667,5.98,82,1,0.9995,High,Churned
U03745,60,38,5040.92,131,20,73,0.4794520547945206,6.5,62,1,0.9997,High,Churned
U03746,6,2,41.19,21,18,1,0.0,7.44,23,0,0.0002,Low,At-Risk Spenders
U03747,12,15,1009.57,58,23,20,0.25,6.98,35,0,0.0005,Low,At-Risk Spenders
U03748,4,0,0.0,21,18,3,1.0,8.59,34,0,0.0002,Low,Casual Browsers
U03749,1,11,665.6,64,29,24,0.5416666666666667,7.43,1,0,0.0002,Low,At-Risk Spenders
U03750,20,0,0.0,11,11,0,1.0,5.68,50,0,0.0002,Low,Casual Browsers
U03751,8,0,0.0,12,12,0,1.0,8.14,38,0,0.0002,Low,Casual Browsers
U03752,9,6,466.52,54,33,15,0.6,8.29,12,0,0.0002,Low,At-Risk Spenders
U03753,29,3,109.2,22,16,3,0.0,8.07,75,0,0.0006,Low,At-Risk Spenders
U03754,3,2,79.17,20,14,4,0.5,8.41,44,0,0.0003,Low,At-Risk Spenders
U03755,27,6,506.05,33,17,10,0.4,8.42,85,0,0.0015,Low,At-Risk Spenders
U03756,26,0,0.0,11,11,0,1.0,8.83,56,0,0.0003,Low,Casual Browsers
U03757,18,0,0.0,3,3,0,1.0,15.97,48,0,0.0002,Low,Casual Browsers
U03758,29,2,47.28,21,13,6,0.6666666666666667,10.9,45,0,0.0004,Low,Casual Browsers
U03759,11,51,7811.82,149,18,80,0.3625,6.86,12,0,0.0002,Low,High-Value Loyalists
U03760,28,62,9224.24,170,32,76,0.1842105263157895,8.26,34,0,0.0006,Low,High-Value Loyalists
U03761,94,1,38.71,11,9,1,0.0,11.39,125,1,0.9995,High,Churned
U03762,17,10,795.45,60,29,21,0.5238095238095238,7.43,31,0,0.0003,Low,At-Risk Spenders
U03763,12,12,976.32,61,33,16,0.25,11.05,30,0,0.0002,Low,At-Risk Spenders
U03764,9,11,641.7,77,38,28,0.6071428571428572,8.07,14,0,0.0002,Low,At-Risk Spenders
U03765,18,54,7889.37,191,26,111,0.5135135135135135,7.63,18,0,0.0002,Low,High-Value Loyalists
U03766,26,0,0.0,18,16,2,1.0,7.59,56,0,0.0003,Low,Casual Browsers
U03767,15,27,3203.91,117,25,65,0.5846153846153845,8.46,28,0,0.0002,Low,High-Value Loyalists
U03768,23,37,4423.87,125,18,70,0.4714285714285714,8.78,24,0,0.0002,Low,High-Value Loyalists
U03769,10,26,3610.24,83,10,47,0.4468085106382978,7.44,12,0,0.0002,Low,High-Value Loyalists
U03770,112,7,552.17,51,29,15,0.5333333333333333,10.83,112,1,0.9997,High,Churned
U03771,13,4,131.49,23,15,4,0.0,9.85,60,0,0.0008,Low,At-Risk Spenders
U03772,13,12,626.98,57,31,14,0.1428571428571429,9.37,13,0,0.0002,Low,At-Risk Spenders
U03773,8,14,915.27,64,28,22,0.3636363636363636,7.15,18,0,0.0002,Low,At-Risk Spenders
U03774,13,16,1064.65,55,25,14,0.0,8.36,38,0,0.0006,Low,At-Risk Spenders
U03775,12,49,6509.11,190,36,105,0.5333333333333333,6.57,15,0,0.0002,Low,High-Value Loyalists
U03776,10,1,46.55,11,9,1,0.0,10.7,147,0,0.0008,Low,At-Risk Spenders
U03777,3,14,818.85,56,32,10,0.0,7.82,11,0,0.0002,Low,At-Risk Spenders
U03778,27,1,38.48,24,19,4,0.75,8.42,131,0,0.0008,Low,Casual Browsers
U03779,12,1,14.26,12,11,0,1.0,6.28,17,0,0.0002,Low,Casual Browsers
U03780,2,10,533.22,52,27,15,0.3333333333333333,7.15,47,0,0.0006,Low,At-Risk Spenders
U03781,26,1,37.43,19,14,4,0.75,5.76,36,0,0.0003,Low,Casual Browsers
U03782,21,1,22.08,10,9,0,1.0,5.88,58,0,0.0004,Low,Casual Browsers
U03783,68,4,173.9,29,24,1,0.0,9.35,89,1,0.9997,High,Churned
U03784,12,0,0.0,5,4,1,1.0,6.32,42,0,0.0002,Low,Casual Browsers
U03785,5,0,0.0,9,8,1,1.0,5.19,35,0,0.0002,Low,Casual Browsers
U03786,114,5,161.61,25,19,1,0.0,10.66,121,1,0.9997,High,Churned
U03787,12,0,0.0,5,5,0,1.0,6.86,42,0,0.0002,Low,Casual Browsers
U03788,19,1,49.5,15,11,3,0.6666666666666667,10.29,69,0,0.0005,Low,Casual Browsers
U03789,93,0,0.0,4,4,0,1.0,16.35,123,1,0.9998,High,Churned
U03790,22,0,0.0,4,4,0,1.0,6.08,52,0,0.0002,Low,Casual Browsers
U03791,1,0,0.0,14,10,4,1.0,5.74,31,0,0.0002,Low,Casual Browsers
U03792,102,4,203.0,29,21,4,0.0,7.61,103,1,0.9997,High,Churned
U03793,13,0,0.0,6,6,0,1.0,11.18,43,0,0.0002,Low,Casual Browsers
U03794,12,0,0.0,12,12,0,1.0,7.81,42,0,0.0002,Low,Casual Browsers
U03795,40,0,0.0,12,10,2,1.0,7.98,70,1,0.9998,High,Churned
U03796,24,1,20.89,29,24,4,0.75,6.88,81,0,0.0007,Low,Casual Browsers
U03797,28,0,0.0,7,7,0,1.0,8.69,58,0,0.0003,Low,Casual Browsers
U03798,81,1,82.7,12,7,4,0.75,13.57,90,1,0.9995,High,Churned
U03799,2,5,366.38,43,24,14,0.6428571428571428,8.33,14,0,0.0002,Low,At-Risk Spenders
U03800,29,0,0.0,11,11,0,1.0,9.06,59,0,0.0003,Low,Casual Browsers
U03801,21,2,55.03,24,18,4,0.5,6.64,55,0,0.0005,Low,At-Risk Spenders
U03802,14,0,0.0,4,4,0,1.0,2.85,44,0,0.0002,Low,Casual Browsers
U03803,8,28,4225.24,119,24,67,0.582089552238806,7.9,12,0,0.0002,Low,High-Value Loyalists
U03804,12,7,328.38,51,25,19,0.631578947368421,7.55,13,0,0.0002,Low,At-Risk Spenders
U03805,9,46,5855.48,162,23,93,0.5053763440860215,8.58,17,0,0.0002,Low,High-Value Loyalists
U03806,12,8,386.33,55,26,21,0.6190476190476191,10.49,17,0,0.0002,Low,At-Risk Spenders
U03807,19,0,0.0,7,7,0,1.0,6.11,49,0,0.0002,Low,Casual Browsers
U03808,12,2,144.31,14,7,5,0.6,8.14,12,0,0.0002,Low,Casual Browsers
U03809,45,2,62.19,16,10,4,0.5,7.75,80,1,0.9995,High,Churned
U03810,48,5,226.92,29,21,3,0.0,7.99,91,1,0.9997,High,Churned
U03811,9,11,633.18,48,29,8,0.0,8.58,13,0,0.0002,Low,At-Risk Spenders
U03812,12,13,966.77,76,37,26,0.5,7.57,12,0,0.0002,Low,At-Risk Spenders
U03813,10,3,73.37,13,8,2,0.0,9.69,32,0,0.0003,Low,At-Risk Spenders
U03814,29,3,72.07,27,21,3,0.0,6.61,90,0,0.0008,Low,At-Risk Spenders
U03815,23,35,5720.81,106,16,55,0.3636363636363636,7.98,28,0,0.0002,Low,High-Value Loyalists
U03816,9,0,0.0,3,3,0,1.0,4.83,39,0,0.0002,Low,Casual Browsers
U03817,26,2,66.0,20,15,3,0.3333333333333333,5.18,26,0,0.0002,Low,At-Risk Spenders
U03818,23,36,4870.29,131,20,75,0.52,6.96,29,0,0.0002,Low,High-Value Loyalists
U03819,2,0,0.0,5,5,0,1.0,5.48,32,0,0.0002,Low,Casual Browsers
U03820,13,0,0.0,3,3,0,1.0,25.73,43,0,0.0002,Low,Casual Browsers
U03821,23,1,43.2,13,11,1,0.0,8.88,90,0,0.0008,Low,At-Risk Spenders
U03822,2,10,966.18,53,23,20,0.5,7.5,21,0,0.0002,Low,At-Risk Spenders
U03823,29,32,5573.56,103,22,49,0.3469387755102041,7.58,32,0,0.0004,Low,High-Value Loyalists
U03824,9,3,74.8,14,8,3,0.0,9.38,29,0,0.0002,Low,At-Risk Spenders
U03825,10,4,385.42,44,21,19,0.7894736842105263,8.65,69,0,0.0008,Low,Casual Browsers
U03826,100,51,6159.13,169,26,92,0.4456521739130434,8.6,101,1,0.9997,High,Churned
U03827,6,17,937.3,61,29,15,0.0,8.73,23,0,0.0002,Low,At-Risk Spenders
U03828,16,0,0.0,12,12,0,1.0,4.42,46,0,0.0002,Low,Casual Browsers
U03829,28,2,39.78,21,15,4,0.5,9.25,71,0,0.0005,Low,At-Risk Spenders
U03830,27,7,543.17,42,24,11,0.3636363636363636,8.31,27,0,0.0002,Low,At-Risk Spenders
U03831,25,24,2779.86,95,20,51,0.5294117647058824,7.49,25,0,0.0002,Low,At-Risk Spenders
U03832,16,7,490.39,50,29,14,0.5,7.5,37,0,0.0004,Low,At-Risk Spenders
U03833,5,9,536.12,56,28,19,0.5263157894736843,8.33,8,0,0.0002,Low,At-Risk Spenders
U03834,14,1,36.41,24,19,4,0.75,8.33,38,0,0.0003,Low,Casual Browsers
U03835,21,9,712.43,55,31,15,0.4,9.33,46,0,0.0005,Low,At-Risk Spenders
U03836,29,0,0.0,8,8,0,1.0,6.15,59,0,0.0003,Low,Casual Browsers
U03837,9,0,0.0,14,13,1,1.0,6.58,39,0,0.0002,Low,Casual Browsers
U03838,114,0,0.0,10,10,0,1.0,10.58,144,1,0.9998,High,Churned
U03839,13,1,4.53,9,7,1,0.0,12.43,103,0,0.0008,Low,At-Risk Spenders
U03840,28,4,295.74,43,25,14,0.7142857142857143,7.92,34,0,0.0004,Low,Casual Browsers
U03841,10,1,16.77,7,5,1,0.0,14.73,21,0,0.0002,Low,At-Risk Spenders
U03842,81,5,371.32,32,16,11,0.5454545454545454,9.92,93,1,0.9997,High,Churned
U03843,5,1,33.35,16,12,3,0.6666666666666667,7.48,96,0,0.0008,Low,Casual Browsers
U03844,28,12,865.13,65,28,25,0.52,6.84,31,0,0.0003,Low,At-Risk Spenders
U03845,13,2,87.89,14,11,1,0.0,7.79,33,0,0.0003,Low,At-Risk Spenders
U03846,0,0,0.0,10,10,0,1.0,8.54,30,0,0.0002,Low,Casual Browsers
U03847,27,7,319.19,63,38,18,0.6111111111111112,7.7,58,0,0.0008,Low,At-Risk Spenders
U03848,7,0,0.0,20,16,4,1.0,6.94,37,0,0.0002,Low,Casual Browsers
U03849,4,0,0.0,4,4,0,1.0,8.22,34,0,0.0002,Low,Casual Browsers
U03850,98,25,3872.07,80,7,48,0.4791666666666666,8.28,99,1,0.9998,High,Churned
U03851,23,1,31.38,10,7,2,0.5,6.72,23,0,0.0002,Low,At-Risk Spenders
U03852,71,70,11642.62,195,29,96,0.2708333333333333,8.77,71,1,0.9998,High,Churned
U03853,20,0,0.0,3,3,0,1.0,2.97,50,0,0.0002,Low,Casual Browsers
U03854,16,1,27.23,11,10,0,1.0,11.44,90,0,0.0008,Low,Casual Browsers
U03855,8,13,835.07,77,34,30,0.5666666666666667,8.53,28,0,0.0002,Low,At-Risk Spenders
U03856,46,0,0.0,12,12,0,1.0,7.83,76,1,0.9998,High,Churned
U03857,19,2,60.47,25,19,4,0.5,7.49,19,0,0.0002,Low,At-Risk Spenders
U03858,14,3,91.3,25,19,3,0.0,6.9,29,0,0.0002,Low,At-Risk Spenders
U03859,10,1,13.05,12,11,0,1.0,7.26,78,0,0.0005,Low,Casual Browsers
U03860,13,1,31.57,12,9,2,0.5,7.08,143,0,0.0008,Low,At-Risk Spenders
U03861,2,4,252.85,43,22,17,0.7647058823529411,7.33,122,0,0.0011,Low,Casual Browsers
U03862,4,3,95.1,18,12,3,0.0,8.66,60,0,0.0004,Low,At-Risk Spenders
U03863,0,0,0.0,13,12,1,1.0,9.07,30,0,0.0002,Low,Casual Browsers
U03864,19,1,25.98,15,11,3,0.6666666666666667,5.45,139,0,0.0007,Low,Casual Browsers
U03865,52,10,650.97,54,22,22,0.5454545454545454,7.07,66,1,0.9997,High,Churned
U03866,5,0,0.0,13,13,0,1.0,7.83,35,0,0.0002,Low,Casual Browsers
U03867,23,0,0.0,15,15,0,1.0,5.91,53,0,0.0002,Low,Casual Browsers
U03868,27,1,14.93,24,18,5,0.8,8.34,131,0,0.0008,Low,Casual Browsers
U03869,6,10,714.01,64,37,17,0.4117647058823529,8.84,42,0,0.0005,Low,At-Risk Spenders
U03870,104,9,506.72,36,19,8,0.0,9.13,107,1,0.9998,High,Churned
U03871,13,0,0.0,8,8,0,1.0,10.85,43,0,0.0002,Low,Casual Browsers
U03872,19,0,0.0,22,19,3,1.0,7.64,49,0,0.0002,Low,Casual Browsers
U03873,11,41,6924.74,158,34,83,0.5060240963855422,7.93,11,0,0.0002,Low,High-Value Loyalists
U03874,27,0,0.0,13,13,0,1.0,3.58,57,0,0.0002,Low,Casual Browsers
U03875,38,1,22.68,7,5,1,0.0,7.29,133,1,0.9995,High,Churned
U03876,12,17,1317.52,78,40,21,0.1904761904761904,7.41,20,0,0.0002,Low,At-Risk Spenders
U03877,23,0,0.0,13,13,0,1.0,8.04,53,0,0.0002,Low,Casual Browsers
U03878,15,2,39.63,19,12,5,0.6,6.02,40,0,0.0003,Low,Casual Browsers
U03879,23,36,4812.0,114,14,64,0.4375,7.33,23,0,0.0002,Low,High-Value Loyalists
U03880,15,5,307.43,45,22,18,0.7222222222222222,5.32,46,0,0.0004,Low,Casual Browsers
U03881,21,13,733.88,71,29,29,0.5517241379310345,8.3,26,0,0.0002,Low,At-Risk Spenders
U03882,7,3,161.25,12,6,3,0.0,10.33,7,0,0.0002,Low,At-Risk Spenders
U03883,11,3,120.63,13,9,1,0.0,8.36,73,0,0.0006,Low,At-Risk Spenders
U03884,2,43,6191.42,154,25,86,0.5,8.88,3,0,0.0002,Low,High-Value Loyalists
U03885,17,0,0.0,14,14,0,1.0,8.57,47,0,0.0002,Low,Casual Browsers
U03886,28,14,834.72,59,32,13,0.0,8.26,52,0,0.0009,Low,At-Risk Spenders
U03887,0,11,547.59,76,43,22,0.5,6.53,13,0,0.0002,Low,At-Risk Spenders
U03888,4,0,0.0,14,14,0,1.0,6.69,34,0,0.0002,Low,Casual Browsers
U03889,25,0,0.0,9,9,0,1.0,3.84,55,0,0.0003,Low,Casual Browsers
U03890,27,8,571.7,53,32,13,0.3846153846153846,9.45,67,0,0.0013,Low,At-Risk Spenders
U03891,4,0,0.0,12,12,0,1.0,11.82,34,0,0.0002,Low,Casual Browsers
U03892,16,0,0.0,10,10,0,1.0,9.39,46,0,0.0002,Low,Casual Browsers
U03893,4,0,0.0,18,17,1,1.0,5.96,34,0,0.0002,Low,Casual Browsers
U03894,18,14,1166.15,60,28,18,0.2222222222222222,7.95,19,0,0.0002,Low,At-Risk Spenders
U03895,25,49,7950.55,168,26,93,0.4731182795698925,7.23,25,0,0.0002,Low,High-Value Loyalists
U03896,8,0,0.0,5,5,0,1.0,7.74,38,0,0.0002,Low,Casual Browsers
U03897,65,41,6636.82,156,26,89,0.5393258426966292,8.33,66,1,0.9998,High,Churned
U03898,15,0,0.0,14,13,1,1.0,8.84,45,0,0.0002,Low,Casual Browsers
U03899,6,2,30.2,27,18,7,0.7142857142857143,6.84,58,0,0.0006,Low,Casual Browsers
U03900,9,1,28.31,23,18,4,0.75,7.92,42,0,0.0003,Low,Casual Browsers
U03901,26,2,93.88,14,11,1,0.0,9.14,26,0,0.0002,Low,At-Risk Spenders
U03902,16,11,830.87,65,32,22,0.5,7.45,29,0,0.0002,Low,At-Risk Spenders
U03903,5,0,0.0,6,5,1,1.0,4.65,35,0,0.0002,Low,Casual Browsers
U03904,25,2,166.89,16,13,1,0.0,9.11,25,0,0.0002,Low,At-Risk Spenders
U03905,21,0,0.0,8,8,0,1.0,9.12,51,0,0.0002,Low,Casual Browsers
U03906,1,0,0.0,11,10,1,1.0,7.3,31,0,0.0002,Low,Casual Browsers
U03907,15,3,132.58,23,16,4,0.25,7.95,27,0,0.0002,Low,At-Risk Spenders
U03908,4,4,121.81,23,15,4,0.0,8.8,35,0,0.0003,Low,At-Risk Spenders
U03909,4,0,0.0,3,3,0,1.0,10.43,34,0,0.0002,Low,Casual Browsers
U03910,26,0,0.0,14,11,3,1.0,8.05,56,0,0.0003,Low,Casual Browsers
U03911,106,17,1342.01,77,37,23,0.2608695652173913,6.66,106,1,0.9997,High,Churned
U03912,18,1,18.84,15,11,3,0.6666666666666667,12.43,18,0,0.0002,Low,Casual Browsers
U03913,91,2,65.7,21,16,3,0.3333333333333333,6.77,112,1,0.9995,High,Churned
U03914,9,14,744.29,59,23,22,0.3636363636363636,7.18,30,0,0.0002,Low,At-Risk Spenders
U03915,2,11,729.89,45,17,17,0.3529411764705882,7.4,29,0,0.0002,Low,At-Risk Spenders
U03916,26,12,644.87,41,13,16,0.25,9.88,27,0,0.0002,Low,At-Risk Spenders
U03917,2,6,444.88,64,35,23,0.7391304347826086,6.87,48,0,0.0004,Low,At-Risk Spenders
U03918,23,0,0.0,9,9,0,1.0,9.0,53,0,0.0003,Low,Casual Browsers
U03919,21,10,608.21,65,37,18,0.4444444444444444,7.45,30,0,0.0002,Low,At-Risk Spenders
U03920,22,0,0.0,14,14,0,1.0,8.76,52,0,0.0002,Low,Casual Browsers
U03921,29,3,159.38,35,21,11,0.7272727272727273,9.27,40,0,0.0004,Low,Casual Browsers
U03922,5,10,937.51,37,20,7,0.0,10.59,5,0,0.0002,Low,At-Risk Spenders
U03923,26,1,34.34,14,13,0,1.0,7.45,126,0,0.0008,Low,Casual Browsers
U03924,12,1,39.48,17,10,6,0.8333333333333334,8.72,35,0,0.0003,Low,Casual Browsers
U03925,26,2,189.81,10,8,0,1.0,5.15,28,0,0.0002,Low,Casual Browsers
U03926,70,2,114.17,29,24,3,0.3333333333333333,9.23,98,1,0.9996,High,Churned
U03927,25,0,0.0,14,12,2,1.0,8.76,55,0,0.0003,Low,Casual Browsers
U03928,23,0,0.0,4,4,0,1.0,5.92,53,0,0.0002,Low,Casual Browsers
U03929,9,0,0.0,10,10,0,1.0,6.28,39,0,0.0002,Low,Casual Browsers
U03930,53,0,0.0,5,5,0,1.0,12.92,83,1,0.9998,High,Churned
U03931,27,7,313.86,31,6,18,0.6111111111111112,12.18,31,0,0.0003,Low,At-Risk Spenders
U03932,17,0,0.0,13,11,2,1.0,8.52,47,0,0.0002,Low,Casual Browsers
U03933,25,43,5959.08,143,24,76,0.4342105263157895,7.49,27,0,0.0002,Low,High-Value Loyalists
U03934,29,0,0.0,8,8,0,1.0,6.84,59,0,0.0003,Low,Casual Browsers
U03935,20,14,988.11,79,46,19,0.2631578947368421,7.33,24,0,0.0002,Low,At-Risk Spenders
U03936,2,0,0.0,5,3,2,1.0,14.84,32,0,0.0002,Low,Casual Browsers
U03937,24,8,630.28,32,15,9,0.1111111111111111,6.09,27,0,0.0002,Low,At-Risk Spenders
U03938,3,0,0.0,8,8,0,1.0,5.22,33,0,0.0002,Low,Casual Browsers
U03939,1,1,6.73,6,5,0,1.0,4.65,73,0,0.0005,Low,Casual Browsers
U03940,13,0,0.0,25,23,2,1.0,7.02,43,0,0.0002,Low,Casual Browsers
U03941,21,0,0.0,9,8,1,1.0,6.98,51,0,0.0002,Low,Casual Browsers
U03942,8,9,530.81,32,11,12,0.25,8.35,9,0,0.0002,Low,At-Risk Spenders
U03943,49,2,99.36,25,17,6,0.6666666666666667,8.12,68,1,0.9994,High,Churned
U03944,23,63,9097.38,190,25,102,0.3823529411764705,7.32,23,0,0.0002,Low,High-Value Loyalists
U03945,97,0,0.0,18,12,6,1.0,7.44,127,1,0.9998,High,Churned
U03946,87,9,602.85,34,17,8,0.0,5.77,87,1,0.9997,High,Churned
U03947,27,11,892.75,60,32,17,0.3529411764705882,7.74,53,0,0.0008,Low,At-Risk Spenders
U03948,13,0,0.0,29,27,2,1.0,9.79,43,0,0.0002,Low,Casual Browsers
U03949,6,39,6185.15,150,22,89,0.5617977528089888,7.89,7,0,0.0002,Low,High-Value Loyalists
U03950,6,11,693.59,79,46,22,0.5,7.5,68,0,0.0013,Low,At-Risk Spenders
U03951,45,4,216.21,31,10,17,0.7647058823529411,5.92,78,1,0.9996,High,Churned
U03952,4,11,546.26,70,38,21,0.4761904761904761,7.48,4,0,0.0002,Low,At-Risk Spenders
U03953,12,35,5226.74,124,21,68,0.4852941176470589,7.59,14,0,0.0002,Low,High-Value Loyalists
U03954,52,18,771.56,47,14,15,0.0,10.16,58,1,0.9996,High,Churned
U03955,3,3,102.41,22,16,3,0.0,8.1,148,0,0.0009,Low,At-Risk Spenders
U03956,18,0,0.0,4,4,0,1.0,9.35,48,0,0.0002,Low,Casual Browsers
U03957,14,1,9.68,18,15,2,0.5,7.61,125,0,0.0008,Low,At-Risk Spenders
U03958,28,10,566.77,59,25,24,0.5833333333333333,8.64,30,0,0.0002,Low,At-Risk Spenders
U03959,105,0,0.0,22,18,4,1.0,10.22,135,1,0.9998,High,Churned
U03960,101,0,0.0,10,8,2,1.0,7.41,131,1,0.9998,High,Churned
U03961,2,0,0.0,14,14,0,1.0,7.29,32,0,0.0002,Low,Casual Browsers
U03962,25,0,0.0,5,5,0,1.0,6.84,55,0,0.0003,Low,Casual Browsers
U03963,69,1,83.94,26,22,3,0.6666666666666667,8.47,109,1,0.9996,High,Churned
U03964,15,7,413.14,50,26,17,0.5882352941176471,7.34,20,0,0.0002,Low,At-Risk Spenders
U03965,67,0,0.0,4,4,0,1.0,3.22,97,1,0.9998,High,Churned
U03966,10,8,543.62,71,39,24,0.6666666666666667,7.01,21,0,0.0002,Low,At-Risk Spenders
U03967,23,16,714.04,67,30,21,0.2380952380952381,7.06,39,0,0.0006,Low,At-Risk Spenders
U03968,67,0,0.0,11,11,0,1.0,7.36,97,1,0.9998,High,Churned
U03969,7,0,0.0,13,13,0,1.0,7.88,37,0,0.0002,Low,Casual Browsers
U03970,26,1,34.46,11,8,2,0.5,8.34,141,0,0.0008,Low,At-Risk Spenders
U03971,23,0,0.0,3,3,0,1.0,4.1,53,0,0.0002,Low,Casual Browsers
U03972,17,0,0.0,5,5,0,1.0,8.06,47,0,0.0002,Low,Casual Browsers
U03973,21,0,0.0,18,17,1,1.0,5.86,51,0,0.0002,Low,Casual Browsers
U03974,24,6,396.16,43,18,19,0.6842105263157895,8.09,59,0,0.0007,Low,At-Risk Spenders
U03975,18,11,595.44,47,26,10,0.0,7.02,18,0,0.0002,Low,At-Risk Spenders
U03976,23,0,0.0,6,6,0,1.0,4.23,53,0,0.0002,Low,Casual Browsers
U03977,22,8,566.32,33,15,10,0.1999999999999999,8.79,29,0,0.0002,Low,At-Risk Spenders
U03978,12,1,40.96,15,12,2,0.5,4.84,12,0,0.0002,Low,At-Risk Spenders
U03979,47,2,58.85,29,20,7,0.7142857142857143,8.09,95,1,0.9995,High,Churned
U03980,24,2,61.53,29,19,8,0.75,9.42,46,0,0.0004,Low,Casual Browsers
U03981,13,0,0.0,13,12,1,1.0,7.31,43,0,0.0002,Low,Casual Browsers
U03982,11,39,6528.91,144,23,82,0.524390243902439,8.47,11,0,0.0002,Low,High-Value Loyalists
U03983,4,12,857.31,67,37,18,0.3333333333333333,7.1,30,0,0.0002,Low,At-Risk Spenders
U03984,17,0,0.0,8,8,0,1.0,6.9,47,0,0.0002,Low,Casual Browsers
U03985,12,1,9.28,14,12,1,0.0,6.94,167,0,0.0008,Low,At-Risk Spenders
U03986,3,48,6952.37,153,25,80,0.4,8.09,11,0,0.0002,Low,High-Value Loyalists
U03987,91,9,459.54,43,19,15,0.4,7.12,104,1,0.9997,High,Churned
U03988,6,5,201.59,19,13,1,0.0,7.98,35,0,0.0003,Low,At-Risk Spenders
U03989,19,14,1001.18,74,44,16,0.125,7.46,19,0,0.0002,Low,At-Risk Spenders
U03990,4,0,0.0,5,5,0,1.0,4.7,34,0,0.0002,Low,Casual Browsers
U03991,57,0,0.0,8,8,0,1.0,6.39,87,1,0.9998,High,Churned
U03992,3,2,123.3,22,18,2,0.0,8.92,53,0,0.0005,Low,At-Risk Spenders
U03993,0,11,619.64,46,20,15,0.2666666666666667,7.24,59,0,0.0008,Low,At-Risk Spenders
U03994,107,6,349.64,48,22,20,0.7,7.91,123,1,0.9997,High,Churned
U03995,26,1,13.5,11,8,2,0.5,10.76,49,0,0.0004,Low,At-Risk Spenders
U03996,8,0,0.0,4,4,0,1.0,19.35,38,0,0.0002,Low,Casual Browsers
U03997,27,7,515.84,65,34,24,0.7083333333333333,9.33,41,0,0.0004,Low,At-Risk Spenders
U03998,13,1,35.59,21,20,0,1.0,6.24,139,0,0.0008,Low,Casual Browsers
U03999,7,0,0.0,9,9,0,1.0,12.12,37,0,0.0002,Low,Casual Browsers
U04000,10,0,0.0,12,8,4,1.0,6.41,40,0,0.0002,Low,Casual Browsers
U04001,13,4,172.98,21,16,1,0.0,7.35,45,0,0.0003,Low,At-Risk Spenders
U04002,26,0,0.0,12,10,2,1.0,6.6,56,0,0.0003,Low,Casual Browsers
U04003,17,3,113.69,10,7,0,1.0,5.49,17,0,0.0002,Low,Casual Browsers
U04004,27,16,916.51,59,27,16,0.0,7.95,28,0,0.0002,Low,At-Risk Spenders
U04005,67,1,13.56,15,12,2,0.5,9.34,165,1,0.9995,High,Churned
U04006,19,1,23.25,28,19,8,0.875,6.01,93,0,0.0008,Low,Casual Browsers
U04007,12,3,83.24,19,13,3,0.0,7.13,82,0,0.0007,Low,At-Risk Spenders
U04008,3,0,0.0,12,11,1,1.0,8.12,33,0,0.0002,Low,Casual Browsers
U04009,6,0,0.0,18,16,2,1.0,6.59,36,0,0.0002,Low,Casual Browsers
U04010,114,4,187.95,21,12,5,0.1999999999999999,7.83,115,1,0.9997,High,Churned
U04011,52,5,269.02,37,28,4,0.0,7.92,74,1,0.9997,High,Churned
U04012,2,2,30.18,10,8,0,1.0,7.71,24,0,0.0002,Low,Casual Browsers
U04013,27,42,5986.07,173,34,97,0.5670103092783505,8.1,39,0,0.0006,Low,High-Value Loyalists
U04014,13,2,71.26,13,10,1,0.0,9.37,28,0,0.0002,Low,At-Risk Spenders
U04015,24,4,106.7,22,15,3,0.0,7.08,83,0,0.0011,Low,At-Risk Spenders
U04016,7,0,0.0,4,4,0,1.0,11.85,37,0,0.0002,Low,Casual Browsers
U04017,7,3,107.23,26,20,3,0.0,7.7,53,0,0.0005,Low,At-Risk Spenders
U04018,19,0,0.0,5,5,0,1.0,5.74,49,0,0.0002,Low,Casual Browsers
U04019,3,2,53.51,28,22,4,0.5,5.96,168,0,0.0008,Low,At-Risk Spenders
U04020,18,0,0.0,7,7,0,1.0,9.9,48,0,0.0002,Low,Casual Browsers
U04021,4,62,8629.07,183,24,97,0.3608247422680413,8.34,4,0,0.0002,Low,High-Value Loyalists
U04022,29,36,6241.66,123,17,70,0.4857142857142857,7.67,30,0,0.0002,Low,High-Value Loyalists
U04023,15,12,761.88,70,27,31,0.6129032258064516,9.65,32,0,0.0003,Low,At-Risk Spenders
U04024,20,6,402.23,34,15,13,0.5384615384615384,6.99,27,0,0.0002,Low,At-Risk Spenders
U04025,9,1,10.96,10,9,0,1.0,6.31,171,0,0.0008,Low,Casual Browsers
U04026,24,0,0.0,15,13,2,1.0,7.79,54,0,0.0002,Low,Casual Browsers
U04027,7,1,17.06,5,4,0,1.0,7.54,144,0,0.0008,Low,Casual Browsers
U04028,12,0,0.0,14,14,0,1.0,8.58,42,0,0.0002,Low,Casual Browsers
U04029,24,12,722.72,55,28,15,0.1999999999999999,7.25,64,0,0.0013,Low,At-Risk Spenders
U04030,7,8,635.38,43,16,19,0.5789473684210527,6.95,32,0,0.0003,Low,At-Risk Spenders
U04031,1,0,0.0,13,13,0,1.0,9.08,31,0,0.0002,Low,Casual Browsers
U04032,16,3,60.15,21,17,1,0.0,6.16,71,0,0.0005,Low,At-Risk Spenders
U04033,116,2,63.69,20,15,3,0.3333333333333333,9.24,121,1,0.9995,High,Churned
U04034,12,0,0.0,4,4,0,1.0,5.2,42,0,0.0002,Low,Casual Browsers
U04035,14,1,90.08,25,17,7,0.8571428571428572,10.1,92,0,0.0008,Low,Casual Browsers
U04036,6,3,246.08,28,22,3,0.0,6.54,61,0,0.0005,Low,At-Risk Spenders
U04037,20,0,0.0,8,8,0,1.0,6.74,50,0,0.0002,Low,Casual Browsers
U04038,11,50,7591.76,171,31,90,0.4444444444444444,7.35,17,0,0.0002,Low,High-Value Loyalists
U04039,2,0,0.0,7,6,1,1.0,5.04,32,0,0.0002,Low,Casual Browsers
U04040,22,11,709.23,65,31,23,0.5217391304347826,8.03,23,0,0.0002,Low,At-Risk Spenders
U04041,5,2,66.36,20,14,4,0.5,4.96,65,0,0.0004,Low,At-Risk Spenders
U04042,21,40,5587.81,137,21,76,0.4736842105263158,7.56,21,0,0.0002,Low,High-Value Loyalists
U04043,10,3,90.58,26,21,2,0.0,7.6,39,0,0.0003,Low,At-Risk Spenders
U04044,24,0,0.0,8,8,0,1.0,8.48,54,0,0.0002,Low,Casual Browsers
U04045,13,11,856.57,55,22,22,0.5,7.73,13,0,0.0002,Low,At-Risk Spenders
U04046,0,0,0.0,13,12,1,1.0,6.45,30,0,0.0002,Low,Casual Browsers
U04047,15,13,861.53,76,30,33,0.6060606060606061,8.06,16,0,0.0002,Low,At-Risk Spenders
U04048,26,10,841.06,47,19,18,0.4444444444444444,8.75,29,0,0.0002,Low,At-Risk Spenders
U04049,12,12,614.22,46,22,12,0.0,8.38,22,0,0.0002,Low,At-Risk Spenders
U04050,26,2,73.75,10,7,1,0.0,9.46,26,0,0.0002,Low,At-Risk Spenders
U04051,10,3,252.33,32,16,13,0.7692307692307692,6.49,31,0,0.0003,Low,Casual Browsers
U04052,28,7,407.29,36,20,9,0.2222222222222222,8.24,35,0,0.0004,Low,At-Risk Spenders
U04053,7,7,521.91,32,17,8,0.125,6.3,16,0,0.0002,Low,At-Risk Spenders
U04054,6,7,729.4,42,21,14,0.5,7.56,6,0,0.0002,Low,At-Risk Spenders
U04055,16,12,768.06,64,33,19,0.368421052631579,8.95,17,0,0.0002,Low,At-Risk Spenders
U04056,36,15,1109.33,77,30,32,0.53125,7.5,36,1,0.9994,High,Churned
U04057,13,5,287.51,32,21,6,0.1666666666666666,7.5,71,0,0.0013,Low,At-Risk Spenders
U04058,107,21,1199.28,78,38,19,0.0,7.61,110,1,0.9998,High,Churned
U04059,17,13,698.2,65,31,21,0.3809523809523809,8.52,17,0,0.0002,Low,At-Risk Spenders
U04060,21,14,874.25,63,28,21,0.3333333333333333,9.27,21,0,0.0002,Low,At-Risk Spenders
U04061,5,0,0.0,8,8,0,1.0,6.2,35,0,0.0002,Low,Casual Browsers
U04062,4,1,25.86,15,12,2,0.5,8.03,30,0,0.0002,Low,At-Risk Spenders
U04063,20,0,0.0,8,8,0,1.0,7.68,50,0,0.0002,Low,Casual Browsers
U04064,13,4,262.64,42,24,14,0.7142857142857143,8.93,27,0,0.0002,Low,Casual Browsers
U04065,21,0,0.0,4,3,1,1.0,6.02,51,0,0.0002,Low,Casual Browsers
U04066,64,0,0.0,14,14,0,1.0,8.02,94,1,0.9998,High,Churned
U04067,60,0,0.0,7,7,0,1.0,11.21,90,1,0.9998,High,Churned
U04068,6,33,4569.39,146,25,88,0.625,8.49,6,0,0.0002,Low,High-Value Loyalists
U04069,17,0,0.0,9,7,2,1.0,9.97,47,0,0.0002,Low,Casual Browsers
U04070,8,0,0.0,4,4,0,1.0,7.98,38,0,0.0002,Low,Casual Browsers
U04071,14,6,535.24,52,27,19,0.6842105263157895,6.68,50,0,0.0004,Low,At-Risk Spenders
U04072,24,0,0.0,6,6,0,1.0,5.08,54,0,0.0002,Low,Casual Browsers
U04073,2,1,20.37,10,9,0,1.0,5.07,130,0,0.0008,Low,Casual Browsers
U04074,11,0,0.0,5,4,1,1.0,10.14,41,0,0.0002,Low,Casual Browsers
U04075,21,0,0.0,5,5,0,1.0,6.28,51,0,0.0002,Low,Casual Browsers
U04076,22,1,22.92,11,8,2,0.5,7.05,156,0,0.0008,Low,At-Risk Spenders
U04077,17,0,0.0,6,5,1,1.0,5.8,47,0,0.0002,Low,Casual Browsers
U04078,12,2,67.28,21,16,3,0.3333333333333333,9.44,64,0,0.0004,Low,At-Risk Spenders
U04079,17,6,379.99,63,42,15,0.6,9.2,23,0,0.0002,Low,At-Risk Spenders
U04080,12,4,155.48,26,19,3,0.0,4.79,12,0,0.0002,Low,At-Risk Spenders
U04081,25,0,0.0,10,10,0,1.0,9.22,55,0,0.0003,Low,Casual Browsers
U04082,12,13,826.5,70,33,24,0.4583333333333333,6.83,13,0,0.0002,Low,At-Risk Spenders
U04083,23,8,492.9,40,19,13,0.3846153846153846,9.78,52,0,0.0007,Low,At-Risk Spenders
U04084,8,0,0.0,13,11,2,1.0,6.03,38,0,0.0002,Low,Casual Browsers
U04085,10,0,0.0,10,10,0,1.0,6.14,40,0,0.0002,Low,Casual Browsers
U04086,116,0,0.0,4,4,0,1.0,9.8,146,1,0.9998,High,Churned
U04087,78,0,0.0,4,4,0,1.0,3.45,108,1,0.9998,High,Churned
U04088,10,50,7089.89,173,30,93,0.4623655913978495,6.95,17,0,0.0002,Low,High-Value Loyalists
U04089,19,0,0.0,3,3,0,1.0,7.37,49,0,0.0002,Low,Casual Browsers
U04090,116,9,786.86,63,31,23,0.6086956521739131,7.51,121,1,0.9997,High,Churned
U04091,8,0,0.0,13,12,1,1.0,13.01,38,0,0.0002,Low,Casual Browsers
U04092,6,0,0.0,5,5,0,1.0,6.08,36,0,0.0002,Low,Casual Browsers
U04093,2,4,90.01,24,15,5,0.1999999999999999,6.65,38,0,0.0003,Low,At-Risk Spenders
U04094,28,6,405.07,46,23,17,0.6470588235294117,7.71,52,0,0.0006,Low,At-Risk Spenders
U04095,11,8,514.24,77,36,33,0.7575757575757576,9.41,23,0,0.0002,Low,At-Risk Spenders
U04096,28,1,26.2,21,15,5,0.8,4.94,166,0,0.0007,Low,Casual Browsers
U04097,108,0,0.0,12,12,0,1.0,8.11,138,1,0.9998,High,Churned
U04098,93,0,0.0,16,14,2,1.0,12.16,123,1,0.9998,High,Churned
U04099,19,17,1289.59,77,34,26,0.3461538461538461,7.7,42,0,0.0007,Low,At-Risk Spenders
U04100,38,0,0.0,11,7,4,1.0,13.9,68,1,0.9998,High,Churned
U04101,11,2,88.14,28,23,3,0.3333333333333333,6.12,131,0,0.0008,Low,At-Risk Spenders
U04102,29,8,333.45,70,37,25,0.6799999999999999,8.35,40,0,0.0004,Low,At-Risk Spenders
U04103,27,5,122.63,23,17,1,0.0,7.83,64,0,0.0011,Low,At-Risk Spenders
U04104,7,0,0.0,14,13,1,1.0,5.69,37,0,0.0002,Low,Casual Browsers
U04105,7,9,508.06,56,23,24,0.625,7.31,7,0,0.0002,Low,At-Risk Spenders
U04106,18,10,628.45,55,27,18,0.4444444444444444,7.55,34,0,0.0004,Low,At-Risk Spenders
U04107,18,10,678.26,78,33,35,0.7142857142857143,8.38,50,0,0.0005,Low,At-Risk Spenders
U04108,31,10,552.37,69,40,19,0.4736842105263158,7.84,34,1,0.9991,High,Churned
U04109,6,50,6944.32,190,35,105,0.5238095238095238,7.97,9,0,0.0002,Low,High-Value Loyalists
U04110,6,0,0.0,13,13,0,1.0,7.32,36,0,0.0002,Low,Casual Browsers
U04111,2,5,234.26,49,26,18,0.7222222222222222,8.28,49,0,0.0004,Low,Casual Browsers
U04112,21,7,246.1,39,22,10,0.3,5.67,35,0,0.0004,Low,At-Risk Spenders
U04113,57,4,139.16,27,22,1,0.0,6.89,57,1,0.9994,High,Churned
U04114,37,7,565.07,42,25,10,0.3,8.24,41,1,0.9992,High,Churned
U04115,22,0,0.0,13,12,1,1.0,8.4,52,0,0.0002,Low,Casual Browsers
U04116,22,0,0.0,10,10,0,1.0,5.94,52,0,0.0002,Low,Casual Browsers
U04117,15,0,0.0,7,7,0,1.0,8.56,45,0,0.0002,Low,Casual Browsers
U04118,10,3,73.04,28,21,4,0.25,6.74,10,0,0.0002,Low,At-Risk Spenders
U04119,84,1,26.73,24,19,4,0.75,6.43,126,1,0.9995,High,Churned
U04120,5,0,0.0,11,10,1,1.0,7.55,35,0,0.0002,Low,Casual Browsers
U04121,23,7,393.0,33,18,8,0.125,6.56,29,0,0.0002,Low,At-Risk Spenders
U04122,11,52,7458.21,142,24,66,0.2121212121212121,8.56,13,0,0.0002,Low,High-Value Loyalists
U04123,25,0,0.0,21,18,3,1.0,9.58,55,0,0.0003,Low,Casual Browsers
U04124,4,4,218.98,24,17,3,0.0,7.34,33,0,0.0003,Low,At-Risk Spenders
U04125,23,5,302.0,38,19,14,0.6428571428571428,7.93,23,0,0.0002,Low,At-Risk Spenders
U04126,16,40,5851.17,137,22,75,0.4666666666666667,7.82,18,0,0.0002,Low,High-Value Loyalists
U04127,1,16,1089.27,62,32,14,0.0,7.01,10,0,0.0002,Low,At-Risk Spenders
U04128,26,17,1189.77,63,31,15,0.0,8.27,26,0,0.0002,Low,At-Risk Spenders
U04129,24,0,0.0,14,14,0,1.0,6.74,54,0,0.0002,Low,Casual Browsers
U04130,32,1,88.03,12,8,3,0.6666666666666667,6.93,94,1,0.9995,High,Churned
U04131,22,13,907.5,74,38,23,0.4347826086956522,8.21,32,0,0.0004,Low,At-Risk Spenders
U04132,16,0,0.0,12,12,0,1.0,5.01,46,0,0.0002,Low,Casual Browsers
U04133,28,0,0.0,4,3,1,1.0,12.82,58,0,0.0003,Low,Casual Browsers
U04134,4,1,47.51,23,18,4,0.75,5.33,53,0,0.0005,Low,Casual Browsers
U04135,19,40,6265.53,122,24,58,0.3103448275862068,8.01,22,0,0.0002,Low,High-Value Loyalists
U04136,49,4,133.4,24,18,2,0.0,11.14,112,1,0.9997,High,Churned
U04137,11,2,69.62,27,23,2,0.0,6.09,90,0,0.0008,Low,At-Risk Spenders
U04138,11,13,854.41,66,35,18,0.2777777777777778,6.33,34,0,0.0004,Low,At-Risk Spenders
U04139,29,2,68.98,11,7,2,0.0,8.49,32,0,0.0003,Low,At-Risk Spenders
U04140,8,7,454.09,37,21,9,0.2222222222222222,7.22,38,0,0.0004,Low,At-Risk Spenders
U04141,22,9,623.97,42,19,14,0.3571428571428571,8.42,55,0,0.0008,Low,At-Risk Spenders
U04142,83,1,59.32,15,11,3,0.6666666666666667,5.61,133,1,0.9995,High,Churned
U04143,37,1,13.2,8,6,1,0.0,7.24,139,1,0.9995,High,Churned
U04144,5,8,362.38,36,11,17,0.5294117647058824,6.97,25,0,0.0002,Low,At-Risk Spenders
U04145,20,35,5482.64,99,22,42,0.1666666666666666,8.56,28,0,0.0002,Low,High-Value Loyalists
U04146,5,7,255.72,38,23,8,0.125,8.7,12,0,0.0002,Low,At-Risk Spenders
U04147,114,42,6514.73,157,24,91,0.5384615384615384,7.83,114,1,0.9998,High,Churned
U04148,8,0,0.0,13,13,0,1.0,7.85,38,0,0.0002,Low,Casual Browsers
U04149,7,14,618.71,68,35,19,0.2631578947368421,7.33,13,0,0.0002,Low,At-Risk Spenders
U04150,16,6,186.03,22,14,2,0.0,7.14,73,0,0.0013,Low,At-Risk Spenders
U04151,60,6,174.74,28,18,4,0.0,8.51,94,1,0.9997,High,Churned
U04152,83,7,386.95,38,16,15,0.5333333333333333,8.24,99,1,0.9997,High,Churned
U04153,24,7,439.65,40,14,19,0.631578947368421,8.35,43,0,0.0004,Low,At-Risk Spenders
U04154,9,0,0.0,11,11,0,1.0,8.39,39,0,0.0002,Low,Casual Browsers
U04155,1,2,75.09,24,20,2,0.0,7.88,1,0,0.0002,Low,At-Risk Spenders
U04156,50,0,0.0,14,14,0,1.0,11.9,80,1,0.9998,High,Churned
U04157,17,1,15.71,11,8,2,0.5,7.85,126,0,0.0008,Low,At-Risk Spenders
U04158,13,0,0.0,11,11,0,1.0,7.45,43,0,0.0002,Low,Casual Browsers
U04159,24,0,0.0,11,11,0,1.0,8.41,54,0,0.0002,Low,Casual Browsers
U04160,23,42,7247.98,126,17,67,0.3731343283582089,8.06,30,0,0.0002,Low,High-Value Loyalists
U04161,16,0,0.0,14,14,0,1.0,7.44,46,0,0.0002,Low,Casual Browsers
U04162,103,0,0.0,7,4,3,1.0,11.04,133,1,0.9998,High,Churned
U04163,19,1,16.52,14,12,1,0.0,8.42,45,0,0.0003,Low,At-Risk Spenders
U04164,23,1,21.66,25,21,3,0.6666666666666667,6.72,50,0,0.0004,Low,Casual Browsers
U04165,5,0,0.0,18,16,2,1.0,6.48,35,0,0.0002,Low,Casual Browsers
U04166,10,0,0.0,5,4,1,1.0,8.26,40,0,0.0002,Low,Casual Browsers
U04167,22,2,111.75,13,10,1,0.0,8.67,80,0,0.0009,Low,At-Risk Spenders
U04168,39,0,0.0,3,3,0,1.0,14.23,69,1,0.9998,High,Churned
U04169,6,1,16.16,14,7,6,0.8333333333333334,9.15,6,0,0.0002,Low,Casual Browsers
U04170,50,1,58.19,15,10,4,0.75,6.03,83,1,0.9995,High,Churned
U04171,11,0,0.0,9,8,1,1.0,6.98,41,0,0.0002,Low,Casual Browsers
U04172,20,1,36.36,20,15,4,0.75,7.58,84,0,0.0007,Low,Casual Browsers
U04173,20,0,0.0,13,13,0,1.0,6.25,50,0,0.0002,Low,Casual Browsers
U04174,26,0,0.0,7,7,0,1.0,9.13,56,0,0.0003,Low,Casual Browsers
U04175,20,11,719.62,66,31,24,0.5416666666666667,7.01,51,0,0.0007,Low,At-Risk Spenders
U04176,26,0,0.0,11,11,0,1.0,11.58,56,0,0.0003,Low,Casual Browsers
U04177,29,10,684.67,66,35,21,0.5238095238095238,6.42,30,0,0.0002,Low,At-Risk Spenders
U04178,0,10,339.43,50,25,15,0.3333333333333333,10.43,0,0,0.0002,Low,At-Risk Spenders
U04179,11,5,339.1,35,12,18,0.7222222222222222,6.81,11,0,0.0002,Low,Casual Browsers
U04180,12,9,763.68,67,46,12,0.25,8.28,36,0,0.0004,Low,At-Risk Spenders
U04181,6,6,340.97,31,17,8,0.25,10.44,10,0,0.0002,Low,At-Risk Spenders
U04182,2,2,54.73,20,16,2,0.0,8.0,4,0,0.0002,Low,At-Risk Spenders
U04183,1,0,0.0,21,16,5,1.0,10.58,31,0,0.0002,Low,Casual Browsers
U04184,6,7,333.16,43,26,10,0.3,8.16,65,0,0.0011,Low,At-Risk Spenders
U04185,70,14,834.79,75,37,24,0.4166666666666666,9.53,71,1,0.9997,High,Churned
U04186,5,6,164.4,27,19,2,0.0,6.01,9,0,0.0002,Low,At-Risk Spenders
U04187,85,0,0.0,5,5,0,1.0,16.84,115,1,0.9998,High,Churned
U04188,3,1,17.21,19,15,3,0.6666666666666667,7.71,26,0,0.0002,Low,Casual Browsers
U04189,6,0,0.0,7,7,0,1.0,8.97,36,0,0.0002,Low,Casual Browsers
U04190,27,13,910.44,66,36,17,0.2352941176470588,9.65,27,0,0.0002,Low,At-Risk Spenders
U04191,9,9,573.12,42,21,12,0.25,7.93,9,0,0.0002,Low,At-Risk Spenders
U04192,0,13,716.93,75,38,24,0.4583333333333333,7.63,0,0,0.0002,Low,At-Risk Spenders
U04193,13,47,7084.6,166,37,82,0.426829268292683,8.0,14,0,0.0002,Low,High-Value Loyalists
U04194,21,8,737.11,54,36,10,0.1999999999999999,8.38,32,0,0.0003,Low,At-Risk Spenders
U04195,0,2,43.88,20,14,4,0.5,9.85,23,0,0.0002,Low,At-Risk Spenders
U04196,20,5,286.75,73,41,27,0.8148148148148149,7.76,27,0,0.0002,Low,Casual Browsers
U04197,71,0,0.0,8,8,0,1.0,13.08,101,1,0.9998,High,Churned
U04198,7,10,573.26,63,34,19,0.4736842105263158,7.2,11,0,0.0002,Low,At-Risk Spenders
U04199,7,7,667.57,39,21,11,0.3636363636363636,9.99,29,0,0.0002,Low,At-Risk Spenders
U04200,22,7,448.47,44,21,16,0.5625,8.14,32,0,0.0003,Low,At-Risk Spenders
U04201,5,1,40.23,14,12,1,0.0,8.81,160,0,0.0008,Low,At-Risk Spenders
U04202,2,28,4147.49,101,17,56,0.5,9.1,4,0,0.0002,Low,High-Value Loyalists
U04203,74,1,11.63,13,10,2,0.5,6.14,140,1,0.9995,High,Churned
U04204,25,13,641.49,74,40,21,0.3809523809523809,7.56,25,0,0.0002,Low,At-Risk Spenders
U04205,62,0,0.0,12,11,1,1.0,5.64,92,1,0.9998,High,Churned
U04206,9,6,321.77,32,16,10,0.4,8.73,9,0,0.0002,Low,At-Risk Spenders
U04207,27,31,3910.23,90,11,48,0.3541666666666666,7.67,31,0,0.0003,Low,High-Value Loyalists
U04208,20,48,6601.34,193,27,118,0.5932203389830508,8.45,20,0,0.0002,Low,High-Value Loyalists
U04209,114,0,0.0,10,9,1,1.0,10.45,144,1,0.9998,High,Churned
U04210,35,16,967.46,68,28,24,0.3333333333333333,6.44,47,1,0.9995,High,Churned
U04211,61,0,0.0,10,9,1,1.0,7.44,91,1,0.9998,High,Churned
U04212,19,1,47.76,12,10,1,0.0,9.43,148,0,0.0008,Low,At-Risk Spenders
U04213,27,7,442.35,33,14,12,0.4166666666666666,6.21,41,0,0.0004,Low,At-Risk Spenders
U04214,9,0,0.0,7,7,0,1.0,4.17,39,0,0.0002,Low,Casual Browsers
U04215,12,23,3662.62,87,20,44,0.4772727272727273,7.06,25,0,0.0002,Low,At-Risk Spenders
U04216,29,46,6671.4,161,22,93,0.5053763440860215,7.08,33,0,0.0005,Low,High-Value Loyalists
U04217,47,28,4075.0,99,21,50,0.4399999999999999,7.13,53,1,0.9996,High,Churned
U04218,25,7,339.64,32,17,8,0.125,5.39,40,0,0.0004,Low,At-Risk Spenders
U04219,1,0,0.0,24,21,3,1.0,8.55,31,0,0.0002,Low,Casual Browsers
U04220,2,14,707.61,67,39,14,0.0,7.22,10,0,0.0002,Low,At-Risk Spenders
U04221,18,8,505.85,38,21,9,0.1111111111111111,7.14,29,0,0.0002,Low,At-Risk Spenders
U04222,3,3,67.89,23,17,3,0.0,7.53,23,0,0.0002,Low,At-Risk Spenders
U04223,2,0,0.0,12,8,4,1.0,8.2,32,0,0.0002,Low,Casual Browsers
U04224,29,10,625.32,57,28,19,0.4736842105263158,8.97,34,0,0.0005,Low,At-Risk Spenders
U04225,3,1,43.7,26,23,2,0.5,7.37,35,0,0.0004,Low,At-Risk Spenders
U04226,20,1,27.25,15,11,3,0.6666666666666667,8.02,66,0,0.0005,Low,Casual Browsers
U04227,0,2,45.85,12,9,1,0.0,6.16,0,0,0.0002,Low,At-Risk Spenders
U04228,18,1,28.78,14,13,0,1.0,9.41,161,0,0.0007,Low,Casual Browsers
U04229,17,64,8576.34,187,29,94,0.3191489361702128,8.18,17,0,0.0002,Low,High-Value Loyalists
U04230,12,0,0.0,10,10,0,1.0,7.8,42,0,0.0002,Low,Casual Browsers
U04231,15,2,48.57,25,19,4,0.5,4.81,128,0,0.0007,Low,At-Risk Spenders
U04232,16,30,4534.77,124,17,77,0.6103896103896104,8.41,21,0,0.0002,Low,High-Value Loyalists
U04233,15,2,45.34,14,12,0,1.0,7.5,15,0,0.0002,Low,Casual Browsers
U04234,3,1,36.22,21,15,5,0.8,8.36,3,0,0.0002,Low,Casual Browsers
U04235,96,0,0.0,11,9,2,1.0,5.55,126,1,0.9998,High,Churned
U04236,24,62,9470.69,192,27,103,0.3980582524271845,8.18,24,0,0.0002,Low,High-Value Loyalists
U04237,71,0,0.0,28,23,5,1.0,6.16,101,1,0.9998,High,Churned
U04238,23,13,1013.07,65,28,24,0.4583333333333333,10.09,23,0,0.0002,Low,At-Risk Spenders
U04239,15,4,184.88,23,15,4,0.0,8.72,52,0,0.0005,Low,At-Risk Spenders
U04240,28,10,446.79,64,39,15,0.3333333333333333,9.44,45,0,0.0006,Low,At-Risk Spenders
U04241,13,2,79.47,14,12,0,1.0,7.97,13,0,0.0002,Low,Casual Browsers
U04242,8,3,82.25,27,20,4,0.25,8.65,8,0,0.0002,Low,At-Risk Spenders
U04243,7,3,111.92,20,13,4,0.25,5.12,109,0,0.0009,Low,At-Risk Spenders
U04244,9,0,0.0,5,4,1,1.0,6.9,39,0,0.0002,Low,Casual Browsers
U04245,1,0,0.0,8,8,0,1.0,12.75,31,0,0.0002,Low,Casual Browsers
U04246,2,9,802.02,74,42,23,0.6086956521739131,9.35,11,0,0.0002,Low,At-Risk Spenders
U04247,17,1,23.85,13,11,1,0.0,3.12,90,0,0.0008,Low,At-Risk Spenders
U04248,98,2,42.03,20,15,3,0.3333333333333333,7.21,99,1,0.9995,High,Churned
U04249,5,6,149.71,24,16,2,0.0,6.62,12,0,0.0002,Low,At-Risk Spenders
U04250,21,0,0.0,11,11,0,1.0,9.62,51,0,0.0002,Low,Casual Browsers
U04251,3,13,735.93,51,24,14,0.0714285714285714,5.6,13,0,0.0002,Low,At-Risk Spenders
U04252,117,64,10343.15,176,25,87,0.264367816091954,7.68,117,1,0.9998,High,Churned
U04253,9,1,103.4,29,23,5,0.8,7.92,78,0,0.0006,Low,Casual Browsers
U04254,8,0,0.0,19,17,2,1.0,4.83,38,0,0.0002,Low,Casual Browsers
U04255,18,0,0.0,6,6,0,1.0,10.32,48,0,0.0002,Low,Casual Browsers
U04256,18,1,15.83,9,8,0,1.0,12.46,167,0,0.0008,Low,Casual Browsers
U04257,6,10,890.97,36,19,7,0.0,9.1,6,0,0.0002,Low,At-Risk Spenders
U04258,4,31,4200.69,85,11,43,0.2790697674418605,8.71,7,0,0.0002,Low,High-Value Loyalists
U04259,23,1,25.93,14,11,2,0.5,6.31,139,0,0.0007,Low,At-Risk Spenders
U04260,12,3,64.5,27,18,6,0.5,6.43,92,0,0.0008,Low,At-Risk Spenders
U04261,59,1,41.32,29,23,5,0.8,10.33,153,1,0.9995,High,Churned
U04262,27,1,28.6,20,15,4,0.75,5.72,31,0,0.0002,Low,Casual Browsers
U04263,27,5,303.65,30,14,11,0.5454545454545454,7.11,87,0,0.0014,Low,At-Risk Spenders
U04264,5,0,0.0,4,4,0,1.0,4.15,35,0,0.0002,Low,Casual Browsers
U04265,26,1,22.96,12,9,2,0.5,7.92,75,0,0.0005,Low,At-Risk Spenders
U04266,18,1,30.49,26,19,6,0.8333333333333334,6.8,98,0,0.0008,Low,Casual Browsers
U04267,3,0,0.0,4,4,0,1.0,6.5,33,0,0.0002,Low,Casual Browsers
U04268,33,29,3939.09,111,14,68,0.5735294117647058,7.6,33,1,0.9993,High,Churned
U04269,1,1,49.39,23,19,3,0.6666666666666667,9.14,146,0,0.0008,Low,Casual Browsers
U04270,5,8,710.13,50,24,18,0.5555555555555556,6.75,8,0,0.0002,Low,At-Risk Spenders
U04271,19,0,0.0,5,5,0,1.0,6.4,49,0,0.0002,Low,Casual Browsers
U04272,5,0,0.0,8,8,0,1.0,4.35,35,0,0.0002,Low,Casual Browsers
U04273,11,0,0.0,19,13,6,1.0,6.1,41,0,0.0003,Low,Casual Browsers
U04274,13,12,747.33,70,31,27,0.5555555555555556,8.99,16,0,0.0002,Low,At-Risk Spenders
U04275,23,0,0.0,7,7,0,1.0,4.76,53,0,0.0002,Low,Casual Browsers
U04276,8,0,0.0,15,14,1,1.0,8.67,38,0,0.0002,Low,Casual Browsers
U04277,28,0,0.0,14,13,1,1.0,6.97,58,0,0.0003,Low,Casual Browsers
U04278,7,0,0.0,14,13,1,1.0,6.66,37,0,0.0002,Low,Casual Browsers
U04279,35,2,89.02,13,11,0,1.0,12.01,35,1,0.9988,High,Churned
U04280,28,14,970.34,77,40,23,0.3913043478260869,6.79,28,0,0.0002,Low,At-Risk Spenders
U04281,28,0,0.0,9,9,0,1.0,8.09,58,0,0.0003,Low,Casual Browsers
U04282,6,13,681.18,68,32,23,0.4347826086956522,11.16,20,0,0.0002,Low,At-Risk Spenders
U04283,24,16,703.65,70,37,17,0.0588235294117647,7.3,30,0,0.0002,Low,At-Risk Spenders
U04284,95,0,0.0,5,5,0,1.0,6.44,125,1,0.9998,High,Churned
U04285,0,3,146.0,35,21,11,0.7272727272727273,9.13,13,0,0.0002,Low,Casual Browsers
U04286,3,0,0.0,8,8,0,1.0,9.96,33,0,0.0002,Low,Casual Browsers
U04287,14,1,18.89,13,11,1,0.0,5.71,144,0,0.0007,Low,At-Risk Spenders
U04288,26,3,73.93,23,18,2,0.0,11.04,38,0,0.0003,Low,At-Risk Spenders
U04289,17,0,0.0,19,17,2,1.0,7.41,47,0,0.0002,Low,Casual Browsers
U04290,4,3,46.86,25,18,4,0.25,7.23,81,0,0.0007,Low,At-Risk Spenders
U04291,24,10,584.36,68,37,21,0.5238095238095238,7.75,42,0,0.0005,Low,At-Risk Spenders
U04292,47,0,0.0,5,4,1,1.0,6.24,77,1,0.9998,High,Churned
U04293,0,4,119.54,28,18,6,0.3333333333333333,8.66,83,0,0.0012,Low,At-Risk Spenders
U04294,8,0,0.0,17,14,3,1.0,10.39,38,0,0.0002,Low,Casual Browsers
U04295,28,2,77.93,17,14,1,0.0,4.45,63,0,0.0004,Low,At-Risk Spenders
U04296,11,5,235.25,27,19,3,0.0,9.57,11,0,0.0002,Low,At-Risk Spenders
U04297,56,1,15.65,7,5,1,0.0,10.54,166,1,0.9995,High,Churned
U04298,20,2,80.47,13,11,0,1.0,8.48,20,0,0.0002,Low,Casual Browsers
U04299,20,2,71.84,21,17,2,0.0,8.0,85,0,0.0008,Low,At-Risk Spenders
U04300,18,0,0.0,5,5,0,1.0,13.5,48,0,0.0002,Low,Casual Browsers
U04301,107,2,47.38,21,17,2,0.0,6.39,109,1,0.9995,High,Churned
U04302,1,0,0.0,21,17,4,1.0,8.35,31,0,0.0002,Low,Casual Browsers
U04303,14,9,392.77,71,50,12,0.25,9.01,14,0,0.0002,Low,At-Risk Spenders
U04304,18,55,9923.18,173,28,90,0.3888888888888888,7.35,18,0,0.0002,Low,High-Value Loyalists
U04305,4,1,27.93,12,8,3,0.6666666666666667,11.78,162,0,0.0008,Low,Casual Browsers
U04306,38,0,0.0,12,9,3,1.0,8.88,68,1,0.9998,High,Churned
U04307,18,2,113.34,25,17,6,0.6666666666666667,8.9,108,0,0.001,Low,Casual Browsers
U04308,19,9,550.52,51,22,20,0.55,9.97,37,0,0.0005,Low,At-Risk Spenders
U04309,21,1,7.22,5,4,0,1.0,9.14,160,0,0.0008,Low,Casual Browsers
U04310,2,13,1002.48,73,36,24,0.4583333333333333,8.21,8,0,0.0002,Low,At-Risk Spenders
U04311,9,0,0.0,14,14,0,1.0,9.91,39,0,0.0002,Low,Casual Browsers
U04312,13,1,54.75,21,15,5,0.8,9.08,37,0,0.0003,Low,Casual Browsers
U04313,98,0,0.0,22,20,2,1.0,5.1,128,1,0.9998,High,Churned
U04314,24,1,24.84,11,9,1,0.0,5.52,24,0,0.0002,Low,At-Risk Spenders
U04315,13,7,358.68,40,19,14,0.5,8.82,26,0,0.0002,Low,At-Risk Spenders
U04316,10,0,0.0,11,10,1,1.0,9.06,40,0,0.0002,Low,Casual Browsers
U04317,24,1,27.74,10,9,0,1.0,9.23,95,0,0.0008,Low,Casual Browsers
U04318,85,1,42.31,26,21,4,0.75,7.15,131,1,0.9995,High,Churned
U04319,17,10,372.83,70,30,30,0.6666666666666667,8.85,34,0,0.0004,Low,At-Risk Spenders
U04320,7,2,40.93,12,7,3,0.3333333333333333,12.77,37,0,0.0003,Low,At-Risk Spenders
U04321,9,2,72.77,24,19,3,0.3333333333333333,10.07,153,0,0.0008,Low,At-Risk Spenders
U04322,21,1,37.25,18,15,2,0.5,6.22,44,0,0.0003,Low,At-Risk Spenders
U04323,23,34,6120.78,90,10,46,0.2608695652173913,7.88,23,0,0.0002,Low,High-Value Loyalists
U04324,27,8,386.74,31,14,9,0.1111111111111111,8.3,30,0,0.0002,Low,At-Risk Spenders
U04325,22,0,0.0,8,7,1,1.0,17.76,52,0,0.0003,Low,Casual Browsers
U04326,12,0,0.0,4,4,0,1.0,4.25,42,0,0.0002,Low,Casual Browsers
U04327,66,2,47.43,27,23,2,0.0,8.21,90,1,0.9995,High,Churned
U04328,1,9,582.46,41,22,10,0.0999999999999999,7.91,39,0,0.0005,Low,At-Risk Spenders
U04329,89,8,575.37,41,18,15,0.4666666666666667,7.79,98,1,0.9998,High,Churned
U04330,19,0,0.0,9,9,0,1.0,16.51,49,0,0.0002,Low,Casual Browsers
U04331,17,1,9.97,12,11,0,1.0,8.5,17,0,0.0002,Low,Casual Browsers
U04332,49,1,14.39,21,17,3,0.6666666666666667,7.8,81,1,0.9995,High,Churned
U04333,20,4,226.42,42,26,12,0.6666666666666667,9.73,23,0,0.0002,Low,At-Risk Spenders
U04334,11,4,165.09,36,18,14,0.7142857142857143,8.6,53,0,0.0006,Low,Casual Browsers
U04335,15,11,752.25,79,40,28,0.6071428571428572,8.07,18,0,0.0002,Low,At-Risk Spenders
U04336,95,9,617.76,69,37,23,0.6086956521739131,8.28,95,1,0.9997,High,Churned
U04337,11,3,98.41,24,16,5,0.4,10.96,89,0,0.0007,Low,At-Risk Spenders
U04338,20,0,0.0,11,11,0,1.0,11.91,50,0,0.0002,Low,Casual Browsers
U04339,21,1,19.21,19,15,3,0.6666666666666667,7.57,141,0,0.0008,Low,Casual Browsers
U04340,5,6,351.39,46,21,19,0.6842105263157895,6.13,10,0,0.0002,Low,At-Risk Spenders
U04341,25,1,33.81,18,15,2,0.5,7.85,147,0,0.0008,Low,At-Risk Spenders
U04342,60,13,918.03,42,19,10,0.0,6.43,68,1,0.9997,High,Churned
U04343,18,0,0.0,8,8,0,1.0,9.65,48,0,0.0002,Low,Casual Browsers
U04344,5,1,29.84,3,2,0,1.0,25.0,5,0,0.0002,Low,Casual Browsers
U04345,1,2,51.66,20,14,4,0.5,10.29,50,0,0.0004,Low,At-Risk Spenders
U04346,16,10,1021.09,37,13,14,0.2857142857142857,9.24,16,0,0.0002,Low,At-Risk Spenders
U04347,18,0,0.0,7,6,1,1.0,4.73,48,0,0.0002,Low,Casual Browsers
U04348,27,0,0.0,7,7,0,1.0,11.06,57,0,0.0003,Low,Casual Browsers
U04349,21,3,92.9,22,17,2,0.0,8.82,34,0,0.0003,Low,At-Risk Spenders
U04350,12,57,7353.58,154,29,68,0.1617647058823529,8.99,15,0,0.0002,Low,High-Value Loyalists
U04351,22,12,810.01,66,35,19,0.368421052631579,7.25,29,0,0.0002,Low,At-Risk Spenders
U04352,11,11,682.62,68,40,17,0.3529411764705882,8.55,26,0,0.0002,Low,At-Risk Spenders
U04353,10,2,57.79,19,14,3,0.3333333333333333,9.34,64,0,0.0004,Low,At-Risk Spenders
U04354,12,1,132.29,15,11,3,0.6666666666666667,11.37,108,0,0.001,Low,Casual Browsers
U04355,16,6,282.96,39,25,8,0.25,7.2,16,0,0.0002,Low,At-Risk Spenders
U04356,16,1,14.42,22,16,5,0.8,4.75,74,0,0.0005,Low,Casual Browsers
U04357,20,1,19.23,7,6,0,1.0,6.36,34,0,0.0003,Low,Casual Browsers
U04358,11,1,40.97,27,22,4,0.75,7.59,11,0,0.0002,Low,Casual Browsers
U04359,0,10,746.5,71,35,26,0.6153846153846154,8.36,36,0,0.0004,Low,At-Risk Spenders
U04360,3,1,14.43,22,19,2,0.5,8.2,163,0,0.0008,Low,At-Risk Spenders
U04361,74,2,57.18,20,16,2,0.0,9.12,81,1,0.9995,High,Churned
U04362,26,8,401.18,44,21,15,0.4666666666666667,7.42,70,0,0.0012,Low,At-Risk Spenders
U04363,14,0,0.0,4,4,0,1.0,5.18,44,0,0.0002,Low,Casual Browsers
U04364,24,1,19.39,23,17,5,0.8,8.11,141,0,0.0008,Low,Casual Browsers
U04365,7,5,309.63,31,15,11,0.5454545454545454,8.64,15,0,0.0002,Low,At-Risk Spenders
U04366,16,2,58.29,29,22,5,0.6,6.64,142,0,0.0008,Low,At-Risk Spenders
U04367,32,1,17.86,12,9,2,0.5,7.17,92,1,0.9995,High,Churned
U04368,20,10,484.02,54,27,17,0.4117647058823529,6.81,20,0,0.0002,Low,At-Risk Spenders
U04369,5,0,0.0,11,9,2,1.0,7.75,35,0,0.0002,Low,Casual Browsers
U04370,22,8,324.97,43,16,19,0.5789473684210527,7.19,22,0,0.0002,Low,At-Risk Spenders
U04371,27,0,0.0,14,14,0,1.0,9.26,57,0,0.0003,Low,Casual Browsers
U04372,26,12,704.63,55,24,19,0.368421052631579,6.58,26,0,0.0002,Low,At-Risk Spenders
U04373,88,9,581.88,37,18,10,0.0999999999999999,6.31,101,1,0.9997,High,Churned
U04374,14,1,35.87,28,23,4,0.75,5.77,143,0,0.0008,Low,Casual Browsers
U04375,19,5,354.31,45,22,18,0.7222222222222222,6.46,28,0,0.0002,Low,Casual Browsers
U04376,22,4,110.05,27,20,3,0.0,7.84,128,0,0.0013,Low,At-Risk Spenders
U04377,3,1,6.03,3,2,0,1.0,11.63,3,0,0.0002,Low,Casual Browsers
U04378,15,3,186.76,29,23,3,0.0,9.55,15,0,0.0002,Low,At-Risk Spenders
U04379,41,13,535.07,61,27,21,0.3809523809523809,10.07,49,1,0.9995,High,Churned
U04380,1,33,5446.79,130,22,75,0.56,7.67,1,0,0.0002,Low,High-Value Loyalists
U04381,55,30,4407.0,125,20,75,0.6,8.19,55,1,0.9996,High,Churned
U04382,62,6,530.12,36,15,15,0.6,11.46,73,1,0.9997,High,Churned
U04383,4,8,392.72,53,28,17,0.5294117647058824,8.28,22,0,0.0002,Low,At-Risk Spenders
U04384,13,1,19.78,10,8,1,0.0,6.7,29,0,0.0002,Low,At-Risk Spenders
U04385,28,2,27.37,22,15,5,0.6,10.06,51,0,0.0004,Low,Casual Browsers
U04386,13,61,7653.6,181,29,91,0.3296703296703297,7.29,16,0,0.0002,Low,High-Value Loyalists
U04387,16,4,251.05,37,18,15,0.7333333333333334,9.59,84,0,0.001,Low,Casual Browsers
U04388,83,0,0.0,20,14,6,1.0,6.67,113,1,0.9998,High,Churned
U04389,35,0,0.0,11,11,0,1.0,6.82,65,1,0.9998,High,Churned
U04390,109,1,6.07,15,13,1,0.0,11.76,160,1,0.9995,High,Churned
U04391,27,54,7216.17,173,30,89,0.3932584269662921,7.34,27,0,0.0002,Low,High-Value Loyalists
U04392,24,8,316.79,75,39,28,0.7142857142857143,8.02,86,0,0.0013,Low,At-Risk Spenders
U04393,19,0,0.0,12,10,2,1.0,9.61,49,0,0.0002,Low,Casual Browsers
U04394,36,1,47.86,34,15,18,0.9444444444444444,8.3,68,1,0.9994,High,Churned
U04395,16,7,417.47,53,31,15,0.5333333333333333,8.26,19,0,0.0002,Low,At-Risk Spenders
U04396,21,0,0.0,4,4,0,1.0,12.5,51,0,0.0002,Low,Casual Browsers
U04397,27,0,0.0,13,13,0,1.0,6.36,57,0,0.0003,Low,Casual Browsers
U04398,61,5,320.49,30,14,11,0.5454545454545454,6.2,112,1,0.9997,High,Churned
U04399,11,0,0.0,17,17,0,1.0,8.31,41,0,0.0002,Low,Casual Browsers
U04400,66,8,625.78,49,25,16,0.5,7.89,76,1,0.9998,High,Churned
U04401,119,0,0.0,16,15,1,1.0,6.03,149,1,0.9998,High,Churned
U04402,21,10,822.89,65,36,19,0.4736842105263158,8.01,21,0,0.0002,Low,At-Risk Spenders
U04403,27,0,0.0,11,11,0,1.0,8.78,57,0,0.0003,Low,Casual Browsers
U04404,19,2,78.61,13,11,0,1.0,5.51,20,0,0.0002,Low,Casual Browsers
U04405,29,0,0.0,23,23,0,1.0,10.08,59,0,0.0003,Low,Casual Browsers
U04406,17,1,19.27,11,9,1,0.0,6.07,68,0,0.0004,Low,At-Risk Spenders
U04407,3,0,0.0,8,6,2,1.0,11.35,33,0,0.0002,Low,Casual Browsers
U04408,38,13,859.61,67,37,17,0.2352941176470588,8.97,67,1,0.9997,High,Churned
U04409,20,1,29.17,10,8,1,0.0,9.83,168,0,0.0007,Low,At-Risk Spenders
U04410,24,49,6650.65,156,29,78,0.3717948717948718,8.32,25,0,0.0002,Low,High-Value Loyalists
U04411,39,27,3768.9,89,12,50,0.4599999999999999,8.61,44,1,0.9995,High,Churned
U04412,103,2,79.97,16,12,2,0.0,8.01,103,1,0.9996,High,Churned
U04413,14,12,658.47,77,42,23,0.4782608695652174,7.87,15,0,0.0002,Low,At-Risk Spenders
U04414,11,53,7577.51,155,11,91,0.4175824175824175,8.09,11,0,0.0002,Low,High-Value Loyalists
U04415,8,5,340.82,44,23,16,0.6875,7.26,29,0,0.0002,Low,At-Risk Spenders
U04416,22,6,380.94,50,30,14,0.5714285714285714,10.16,22,0,0.0002,Low,At-Risk Spenders
U04417,22,9,554.7,63,35,19,0.5263157894736843,8.53,22,0,0.0002,Low,At-Risk Spenders
U04418,67,4,108.91,23,13,6,0.3333333333333333,6.29,86,1,0.9997,High,Churned
U04419,3,6,154.07,28,20,2,0.0,6.18,51,0,0.0005,Low,At-Risk Spenders
U04420,22,3,229.75,27,22,2,0.0,6.75,73,0,0.0006,Low,At-Risk Spenders
U04421,83,4,217.09,51,29,18,0.7777777777777778,9.09,92,1,0.9996,High,Churned
U04422,27,13,644.03,60,28,19,0.3157894736842105,9.04,32,0,0.0004,Low,At-Risk Spenders
U04423,16,2,80.55,25,20,3,0.3333333333333333,8.8,31,0,0.0003,Low,At-Risk Spenders
U04424,25,0,0.0,11,11,0,1.0,8.5,55,0,0.0003,Low,Casual Browsers
U04425,25,1,19.31,10,8,1,0.0,5.28,42,0,0.0003,Low,At-Risk Spenders
U04426,28,0,0.0,3,3,0,1.0,10.37,58,0,0.0002,Low,Casual Browsers
U04427,28,0,0.0,13,11,2,1.0,10.09,58,0,0.0003,Low,Casual Browsers
U04428,42,2,100.93,30,18,10,0.8,9.08,105,1,0.9996,High,Churned
U04429,0,30,4020.22,106,20,56,0.4642857142857143,8.77,3,0,0.0002,Low,High-Value Loyalists
U04430,5,0,0.0,9,9,0,1.0,6.03,35,0,0.0002,Low,Casual Browsers
U04431,17,7,346.33,40,19,14,0.5,7.54,30,0,0.0002,Low,At-Risk Spenders
U04432,12,4,143.73,19,12,3,0.0,12.43,37,0,0.0003,Low,At-Risk Spenders
U04433,19,1,35.59,16,12,3,0.6666666666666667,7.44,36,0,0.0003,Low,Casual Browsers
U04434,13,14,825.14,59,27,18,0.2222222222222222,7.11,25,0,0.0002,Low,At-Risk Spenders
U04435,91,7,537.75,54,31,16,0.5625,5.31,94,1,0.9997,High,Churned
U04436,9,1,18.76,25,18,6,0.8333333333333334,8.33,47,0,0.0004,Low,Casual Browsers
U04437,24,0,0.0,9,9,0,1.0,6.33,54,0,0.0002,Low,Casual Browsers
U04438,13,11,720.37,63,29,23,0.5217391304347826,8.06,21,0,0.0002,Low,At-Risk Spenders
U04439,12,12,796.67,74,41,21,0.4285714285714286,7.84,31,0,0.0003,Low,At-Risk Spenders
U04440,13,4,91.74,18,11,3,0.0,4.86,15,0,0.0002,Low,At-Risk Spenders
U04441,18,6,356.14,45,28,11,0.4545454545454546,10.19,70,0,0.0012,Low,At-Risk Spenders
U04442,5,2,33.34,17,13,2,0.0,10.24,21,0,0.0002,Low,At-Risk Spenders
U04443,8,8,537.31,55,26,21,0.6190476190476191,8.06,49,0,0.0005,Low,At-Risk Spenders
U04444,0,13,704.51,59,28,18,0.2777777777777778,8.21,36,0,0.0005,Low,At-Risk Spenders
U04445,13,11,688.85,62,31,20,0.4499999999999999,8.34,38,0,0.0005,Low,At-Risk Spenders
U04446,16,1,21.94,24,21,2,0.5,9.05,56,0,0.0005,Low,At-Risk Spenders
U04447,14,9,648.74,42,14,19,0.5263157894736843,8.1,35,0,0.0005,Low,At-Risk Spenders
U04448,24,0,0.0,6,6,0,1.0,13.33,54,0,0.0003,Low,Casual Browsers
U04449,5,13,1092.89,73,34,26,0.5,8.09,5,0,0.0002,Low,At-Risk Spenders
U04450,9,0,0.0,14,14,0,1.0,7.24,39,0,0.0002,Low,Casual Browsers
U04451,15,1,24.82,12,11,0,1.0,3.28,47,0,0.0004,Low,Casual Browsers
U04452,28,1,33.03,11,9,1,0.0,9.25,152,0,0.0007,Low,At-Risk Spenders
U04453,12,10,542.42,35,17,8,0.0,9.19,12,0,0.0002,Low,At-Risk Spenders
U04454,17,10,808.58,76,43,23,0.5652173913043479,7.85,36,0,0.0004,Low,At-Risk Spenders
U04455,28,12,637.16,57,30,15,0.1999999999999999,8.59,28,0,0.0002,Low,At-Risk Spenders
U04456,52,0,0.0,14,13,1,1.0,6.21,82,1,0.9998,High,Churned
U04457,28,1,98.59,12,10,1,0.0,7.95,97,0,0.0009,Low,At-Risk Spenders
U04458,64,0,0.0,8,8,0,1.0,8.52,94,1,0.9998,High,Churned
U04459,28,1,23.63,14,13,0,1.0,6.41,63,0,0.0005,Low,Casual Browsers
U04460,29,40,6624.03,125,16,69,0.4202898550724637,7.2,30,0,0.0002,Low,High-Value Loyalists
U04461,18,0,0.0,7,7,0,1.0,12.41,48,0,0.0002,Low,Casual Browsers
U04462,21,31,4904.89,111,18,62,0.5,7.2,21,0,0.0002,Low,High-Value Loyalists
U04463,21,1,25.43,20,14,5,0.8,4.7,130,0,0.0007,Low,Casual Browsers
U04464,73,1,13.6,11,7,3,0.6666666666666667,8.75,155,1,0.9995,High,Churned
U04465,15,0,0.0,5,5,0,1.0,20.94,45,0,0.0002,Low,Casual Browsers
U04466,28,0,0.0,3,3,0,1.0,11.93,58,0,0.0003,Low,Casual Browsers
U04467,119,0,0.0,9,9,0,1.0,9.87,149,1,0.9998,High,Churned
U04468,24,2,51.51,10,7,1,0.0,8.35,24,0,0.0002,Low,At-Risk Spenders
U04469,2,0,0.0,3,2,1,1.0,13.23,32,0,0.0002,Low,Casual Browsers
U04470,22,1,87.37,11,7,3,0.6666666666666667,6.76,150,0,0.0009,Low,Casual Browsers
U04471,20,1,21.32,11,6,4,0.75,8.75,179,0,0.0006,Low,Casual Browsers
U04472,12,2,52.81,25,21,2,0.0,8.87,127,0,0.0008,Low,At-Risk Spenders
U04473,9,12,846.48,75,37,26,0.5384615384615384,7.72,18,0,0.0002,Low,At-Risk Spenders
U04474,29,2,52.56,23,17,4,0.5,7.03,151,0,0.0008,Low,At-Risk Spenders
U04475,16,1,11.82,5,4,0,1.0,9.24,16,0,0.0002,Low,Casual Browsers
U04476,11,10,774.78,68,31,27,0.6296296296296297,8.31,35,0,0.0004,Low,At-Risk Spenders
U04477,10,44,6083.59,172,20,108,0.5925925925925926,7.19,10,0,0.0002,Low,High-Value Loyalists
U04478,15,5,345.15,35,10,20,0.75,8.69,71,0,0.001,Low,Casual Browsers
U04479,3,11,565.96,59,26,22,0.5,9.21,38,0,0.0005,Low,At-Risk Spenders
U04480,17,0,0.0,8,8,0,1.0,8.21,47,0,0.0002,Low,Casual Browsers
U04481,15,0,0.0,14,13,1,1.0,7.7,45,0,0.0002,Low,Casual Browsers
U04482,7,30,4708.74,86,13,43,0.3023255813953488,9.47,7,0,0.0002,Low,High-Value Loyalists
U04483,25,0,0.0,10,10,0,1.0,8.2,55,0,0.0003,Low,Casual Browsers
U04484,8,3,207.58,36,22,11,0.7272727272727273,10.38,25,0,0.0002,Low,Casual Browsers
U04485,19,1,46.25,15,12,2,0.5,7.98,46,0,0.0003,Low,At-Risk Spenders
U04486,26,0,0.0,3,2,1,1.0,11.1,56,0,0.0003,Low,Casual Browsers
U04487,49,0,0.0,8,8,0,1.0,4.7,79,1,0.9998,High,Churned
U04488,4,0,0.0,5,5,0,1.0,8.46,34,0,0.0002,Low,Casual Browsers
U04489,24,1,19.92,11,8,2,0.5,8.13,58,0,0.0005,Low,At-Risk Spenders
U04490,8,26,4018.07,94,16,52,0.5,8.5,9,0,0.0002,Low,High-Value Loyalists
U04491,16,54,7467.74,150,21,75,0.28,7.87,17,0,0.0002,Low,High-Value Loyalists
U04492,5,9,656.23,48,22,17,0.4705882352941176,7.47,61,0,0.0012,Low,At-Risk Spenders
U04493,11,0,0.0,6,6,0,1.0,4.68,41,0,0.0002,Low,Casual Browsers
U04494,23,4,184.09,28,21,3,0.0,9.19,26,0,0.0002,Low,At-Risk Spenders
U04495,28,0,0.0,5,5,0,1.0,14.66,58,0,0.0003,Low,Casual Browsers
U04496,26,2,46.98,17,12,3,0.3333333333333333,9.45,26,0,0.0002,Low,At-Risk Spenders
U04497,27,0,0.0,17,16,1,1.0,6.84,57,0,0.0003,Low,Casual Browsers
U04498,109,0,0.0,13,12,1,1.0,8.88,139,1,0.9998,High,Churned
U04499,24,0,0.0,5,5,0,1.0,18.0,54,0,0.0003,Low,Casual Browsers
U04500,19,13,679.27,73,39,21,0.3809523809523809,7.13,26,0,0.0002,Low,At-Risk Spenders
U04501,8,25,3739.04,86,17,44,0.4318181818181817,8.16,8,0,0.0002,Low,High-Value Loyalists
U04502,6,0,0.0,9,9,0,1.0,8.87,36,0,0.0002,Low,Casual Browsers
U04503,10,7,590.17,38,17,14,0.5,6.8,15,0,0.0002,Low,At-Risk Spenders
U04504,45,0,0.0,3,2,1,1.0,4.27,75,1,0.9998,High,Churned
U04505,24,0,0.0,9,9,0,1.0,10.13,54,0,0.0003,Low,Casual Browsers
U04506,21,1,36.95,11,7,3,0.6666666666666667,10.13,114,0,0.0007,Low,Casual Browsers
U04507,12,5,391.91,25,19,1,0.0,8.2,51,0,0.0004,Low,At-Risk Spenders
U04508,66,58,7593.51,163,25,80,0.275,8.31,66,1,0.9998,High,Churned
U04509,24,2,101.59,19,14,3,0.3333333333333333,7.22,98,0,0.0009,Low,At-Risk Spenders
U04510,19,0,0.0,11,10,1,1.0,13.19,49,0,0.0002,Low,Casual Browsers
U04511,9,0,0.0,10,10,0,1.0,6.37,39,0,0.0002,Low,Casual Browsers
U04512,18,0,0.0,13,13,0,1.0,4.75,48,0,0.0002,Low,Casual Browsers
U04513,67,1,73.83,19,14,4,0.75,9.02,135,1,0.9995,High,Churned
U04514,0,31,4083.22,94,11,52,0.4038461538461538,7.84,1,0,0.0002,Low,High-Value Loyalists
U04515,19,2,71.33,27,20,5,0.6,8.29,78,0,0.0006,Low,At-Risk Spenders
U04516,24,32,4908.07,112,17,63,0.4920634920634921,6.97,25,0,0.0002,Low,High-Value Loyalists
U04517,0,1,21.66,11,9,1,0.0,9.41,79,0,0.0007,Low,At-Risk Spenders
U04518,15,11,546.36,60,33,16,0.3125,7.24,61,0,0.0012,Low,At-Risk Spenders
U04519,27,0,0.0,11,10,1,1.0,4.24,57,0,0.0003,Low,Casual Browsers
U04520,82,4,95.89,24,15,5,0.1999999999999999,5.91,87,1,0.9996,High,Churned
U04521,29,9,587.03,42,18,15,0.4,7.81,59,0,0.0009,Low,At-Risk Spenders
U04522,23,7,367.52,34,18,9,0.2222222222222222,8.29,23,0,0.0002,Low,At-Risk Spenders
U04523,15,3,92.91,18,14,1,0.0,14.99,28,0,0.0002,Low,At-Risk Spenders
U04524,25,12,678.84,74,39,23,0.4782608695652174,8.19,37,0,0.0005,Low,At-Risk Spenders
U04525,28,7,457.92,33,14,12,0.4166666666666666,7.67,34,0,0.0004,Low,At-Risk Spenders
U04526,14,15,965.5,77,29,33,0.5454545454545454,7.28,24,0,0.0002,Low,At-Risk Spenders
U04527,26,0,0.0,7,7,0,1.0,4.3,56,0,0.0002,Low,Casual Browsers
U04528,25,0,0.0,5,5,0,1.0,4.5,55,0,0.0002,Low,Casual Browsers
U04529,6,12,656.95,67,32,23,0.4782608695652174,7.78,13,0,0.0002,Low,At-Risk Spenders
U04530,19,24,1701.87,79,36,19,0.0,9.33,19,0,0.0002,Low,At-Risk Spenders
U04531,18,0,0.0,6,6,0,1.0,8.65,48,0,0.0002,Low,Casual Browsers
U04532,25,0,0.0,5,5,0,1.0,10.24,55,0,0.0003,Low,Casual Browsers
U04533,2,0,0.0,10,10,0,1.0,9.04,32,0,0.0002,Low,Casual Browsers
U04534,17,3,92.67,23,17,3,0.0,11.47,64,0,0.0004,Low,At-Risk Spenders
U04535,4,1,23.81,23,19,3,0.6666666666666667,7.35,4,0,0.0002,Low,Casual Browsers
U04536,27,1,26.07,26,21,4,0.75,5.48,73,0,0.0005,Low,Casual Browsers
U04537,20,2,47.83,22,19,1,0.0,5.87,77,0,0.0005,Low,At-Risk Spenders
U04538,15,9,521.16,62,29,24,0.625,6.91,57,0,0.0007,Low,At-Risk Spenders
U04539,90,1,6.04,29,25,3,0.6666666666666667,7.04,113,1,0.9995,High,Churned
U04540,45,14,1023.65,72,39,19,0.2631578947368421,6.94,53,1,0.9996,High,Churned
U04541,24,0,0.0,14,14,0,1.0,4.57,54,0,0.0002,Low,Casual Browsers
U04542,13,52,6526.78,175,22,101,0.4851485148514851,8.44,14,0,0.0002,Low,High-Value Loyalists
U04543,0,9,502.37,56,28,19,0.5263157894736843,7.91,5,0,0.0002,Low,At-Risk Spenders
U04544,19,1,9.59,18,15,2,0.5,7.49,89,0,0.0007,Low,At-Risk Spenders
U04545,13,5,172.07,28,20,3,0.0,9.3,25,0,0.0002,Low,At-Risk Spenders
U04546,2,0,0.0,4,3,1,1.0,8.8,32,0,0.0002,Low,Casual Browsers
U04547,43,0,0.0,6,5,1,1.0,8.97,73,1,0.9998,High,Churned
U04548,16,6,286.56,55,28,21,0.7142857142857143,8.03,109,0,0.0012,Low,At-Risk Spenders
U04549,22,1,18.4,11,9,1,0.0,6.73,170,0,0.0008,Low,At-Risk Spenders
U04550,21,1,17.34,11,8,2,0.5,7.63,38,0,0.0003,Low,At-Risk Spenders
U04551,15,13,1076.94,70,29,28,0.5357142857142857,8.89,26,0,0.0002,Low,At-Risk Spenders
U04552,83,36,6011.64,94,16,42,0.1428571428571429,8.02,84,1,0.9998,High,Churned
U04553,15,17,1047.28,79,40,22,0.2272727272727273,9.02,20,0,0.0002,Low,At-Risk Spenders
U04554,1,10,536.54,49,23,16,0.375,6.98,23,0,0.0002,Low,At-Risk Spenders
U04555,28,0,0.0,11,11,0,1.0,12.16,58,0,0.0003,Low,Casual Browsers
U04556,6,18,1241.97,74,32,24,0.25,9.56,13,0,0.0002,Low,At-Risk Spenders
U04557,6,49,7360.08,175,33,93,0.4731182795698925,7.01,6,0,0.0002,Low,High-Value Loyalists
U04558,17,0,0.0,9,9,0,1.0,11.69,47,0,0.0002,Low,Casual Browsers
U04559,21,56,7839.37,164,33,75,0.2533333333333333,7.86,22,0,0.0002,Low,High-Value Loyalists
U04560,21,0,0.0,10,8,2,1.0,13.78,51,0,0.0002,Low,Casual Browsers
U04561,13,0,0.0,14,12,2,1.0,10.93,43,0,0.0002,Low,Casual Browsers
U04562,13,1,46.06,11,8,2,0.5,9.8,38,0,0.0003,Low,At-Risk Spenders
U04563,23,0,0.0,7,7,0,1.0,7.27,53,0,0.0003,Low,Casual Browsers
U04564,75,0,0.0,15,11,4,1.0,6.2,105,1,0.9998,High,Churned
U04565,26,12,807.96,35,15,8,0.0,7.83,26,0,0.0002,Low,At-Risk Spenders
U04566,13,7,392.04,54,29,18,0.6111111111111112,7.52,27,0,0.0002,Low,At-Risk Spenders
U04567,11,0,0.0,7,7,0,1.0,13.04,41,0,0.0002,Low,Casual Browsers
U04568,26,8,565.96,48,19,21,0.6190476190476191,7.87,27,0,0.0002,Low,At-Risk Spenders
U04569,66,1,12.56,24,19,4,0.75,8.4,152,1,0.9995,High,Churned
U04570,22,38,4628.6,146,32,76,0.5,7.66,23,0,0.0002,Low,High-Value Loyalists
U04571,4,1,28.8,14,11,2,0.5,9.77,15,0,0.0002,Low,At-Risk Spenders
U04572,25,7,459.0,40,20,13,0.4615384615384615,8.33,101,0,0.0015,Low,At-Risk Spenders
U04573,7,19,1139.95,59,24,16,0.0,7.24,14,0,0.0002,Low,At-Risk Spenders
U04574,19,7,663.02,45,24,14,0.5,6.97,19,0,0.0002,Low,At-Risk Spenders
U04575,16,1,9.91,10,9,0,1.0,12.38,164,0,0.0008,Low,Casual Browsers
U04576,8,5,397.08,38,17,16,0.6875,7.28,50,0,0.0004,Low,Casual Browsers
U04577,24,3,67.01,24,17,4,0.25,10.79,26,0,0.0002,Low,At-Risk Spenders
U04578,17,15,798.91,76,42,19,0.2105263157894736,7.59,18,0,0.0002,Low,At-Risk Spenders
U04579,28,5,438.47,49,21,23,0.782608695652174,7.72,28,0,0.0002,Low,Casual Browsers
U04580,8,1,25.97,15,10,4,0.75,8.17,144,0,0.0008,Low,Casual Browsers
U04581,6,0,0.0,12,11,1,1.0,8.06,36,0,0.0002,Low,Casual Browsers
U04582,26,0,0.0,3,3,0,1.0,10.3,56,0,0.0002,Low,Casual Browsers
U04583,14,4,218.47,29,21,4,0.0,7.39,14,0,0.0002,Low,At-Risk Spenders
U04584,4,5,163.88,29,20,4,0.0,6.7,36,0,0.0003,Low,At-Risk Spenders
U04585,5,1,21.18,14,13,0,1.0,7.28,65,0,0.0005,Low,Casual Browsers
U04586,24,10,649.05,47,23,14,0.2857142857142857,9.45,58,0,0.0008,Low,At-Risk Spenders
U04587,21,0,0.0,6,6,0,1.0,9.48,51,0,0.0002,Low,Casual Browsers
U04588,77,1,7.49,9,8,0,1.0,9.84,138,1,0.9995,High,Churned
U04589,3,17,1136.07,70,38,15,0.0,8.3,4,0,0.0002,Low,At-Risk Spenders
U04590,19,14,1066.84,68,31,23,0.3913043478260869,8.48,19,0,0.0002,Low,At-Risk Spenders
U04591,2,49,6914.12,154,23,82,0.4024390243902439,7.81,2,0,0.0002,Low,High-Value Loyalists
U04592,2,49,6250.57,157,27,81,0.3950617283950617,8.81,5,0,0.0002,Low,High-Value Loyalists
U04593,26,44,7785.23,157,26,87,0.4942528735632183,8.55,26,0,0.0002,Low,High-Value Loyalists
U04594,13,2,45.1,24,18,4,0.5,7.83,46,0,0.0004,Low,At-Risk Spenders
U04595,26,14,862.21,65,24,27,0.4814814814814815,7.25,46,0,0.0007,Low,At-Risk Spenders
U04596,26,2,100.45,17,10,5,0.6,5.91,43,0,0.0003,Low,Casual Browsers
U04597,21,0,0.0,10,9,1,1.0,7.44,51,0,0.0002,Low,Casual Browsers
U04598,25,0,0.0,8,8,0,1.0,4.28,55,0,0.0002,Low,Casual Browsers
U04599,2,1,60.23,14,10,3,0.6666666666666667,9.03,73,0,0.0005,Low,Casual Browsers
U04600,12,0,0.0,3,3,0,1.0,16.37,42,0,0.0002,Low,Casual Browsers
U04601,18,6,430.13,55,33,16,0.625,6.81,82,0,0.0014,Low,At-Risk Spenders
U04602,25,17,1186.71,77,36,24,0.2916666666666666,9.14,25,0,0.0002,Low,At-Risk Spenders
U04603,21,6,341.31,55,33,16,0.625,8.95,75,0,0.0013,Low,At-Risk Spenders
U04604,11,2,46.46,14,7,5,0.6,4.34,144,0,0.0007,Low,Casual Browsers
U04605,21,1,17.73,16,13,2,0.5,8.46,163,0,0.0008,Low,At-Risk Spenders
U04606,23,0,0.0,6,6,0,1.0,5.82,53,0,0.0002,Low,Casual Browsers
U04607,0,10,447.74,69,37,22,0.5454545454545454,7.48,18,0,0.0002,Low,At-Risk Spenders
U04608,15,11,654.35,47,23,13,0.1538461538461538,7.71,24,0,0.0002,Low,At-Risk Spenders
U04609,26,3,81.89,28,23,2,0.0,9.33,29,0,0.0002,Low,At-Risk Spenders
U04610,8,15,882.97,70,36,19,0.2105263157894736,6.95,19,0,0.0002,Low,At-Risk Spenders
U04611,10,0,0.0,4,4,0,1.0,17.23,40,0,0.0002,Low,Casual Browsers
U04612,76,1,25.65,14,13,0,1.0,4.08,128,1,0.9995,High,Churned
U04613,16,11,555.85,63,29,23,0.5217391304347826,8.56,39,0,0.0005,Low,At-Risk Spenders
U04614,81,0,0.0,22,20,2,1.0,9.09,111,1,0.9998,High,Churned
U04615,13,12,751.31,57,26,19,0.368421052631579,9.91,17,0,0.0002,Low,At-Risk Spenders
U04616,22,8,402.71,41,20,13,0.3846153846153846,9.27,27,0,0.0002,Low,At-Risk Spenders
U04617,11,1,27.78,12,7,4,0.75,6.97,115,0,0.0008,Low,Casual Browsers
U04618,6,37,5007.49,101,20,44,0.159090909090909,7.88,17,0,0.0002,Low,High-Value Loyalists
U04619,3,1,10.18,22,15,6,0.8333333333333334,7.79,3,0,0.0002,Low,Casual Browsers
U04620,19,0,0.0,6,6,0,1.0,8.22,49,0,0.0002,Low,Casual Browsers
U04621,13,0,0.0,7,7,0,1.0,6.17,43,0,0.0002,Low,Casual Browsers
U04622,8,1,28.88,23,19,3,0.6666666666666667,10.53,60,0,0.0004,Low,Casual Browsers
U04623,107,0,0.0,13,13,0,1.0,6.09,137,1,0.9998,High,Churned
U04624,17,38,5074.49,120,25,57,0.3333333333333333,7.24,17,0,0.0002,Low,High-Value Loyalists
U04625,27,6,384.89,40,19,15,0.6,6.44,64,0,0.001,Low,At-Risk Spenders
U04626,10,37,4337.17,119,14,68,0.4558823529411765,7.59,15,0,0.0002,Low,High-Value Loyalists
U04627,8,2,63.52,29,26,1,0.0,7.7,133,0,0.0008,Low,At-Risk Spenders
U04628,4,35,5768.81,105,18,52,0.3269230769230768,8.28,9,0,0.0002,Low,High-Value Loyalists
U04629,16,7,510.13,30,12,11,0.3636363636363636,7.04,61,0,0.0011,Low,At-Risk Spenders
U04630,3,0,0.0,5,5,0,1.0,6.64,33,0,0.0002,Low,Casual Browsers
U04631,74,10,723.39,42,17,15,0.3333333333333333,7.79,77,1,0.9998,High,Churned
U04632,7,0,0.0,7,7,0,1.0,11.46,37,0,0.0002,Low,Casual Browsers
U04633,26,12,821.31,59,28,19,0.368421052631579,7.39,30,0,0.0002,Low,At-Risk Spenders
U04634,12,2,132.7,28,22,4,0.5,8.76,12,0,0.0002,Low,At-Risk Spenders
U04635,80,2,45.13,24,19,3,0.3333333333333333,9.68,84,1,0.9995,High,Churned
U04636,2,2,52.91,21,15,4,0.5,8.67,52,0,0.0005,Low,At-Risk Spenders
U04637,22,0,0.0,5,5,0,1.0,7.26,52,0,0.0002,Low,Casual Browsers
U04638,8,0,0.0,13,12,1,1.0,10.47,38,0,0.0002,Low,Casual Browsers
U04639,3,2,51.95,28,22,4,0.5,9.5,56,0,0.0006,Low,At-Risk Spenders
U04640,11,7,630.34,33,15,11,0.3636363636363636,8.36,19,0,0.0002,Low,At-Risk Spenders
U04641,5,57,7626.84,185,26,102,0.4411764705882353,8.37,5,0,0.0002,Low,High-Value Loyalists
U04642,5,20,1469.78,75,36,19,0.0,8.95,10,0,0.0002,Low,At-Risk Spenders
U04643,8,0,0.0,12,12,0,1.0,5.53,38,0,0.0002,Low,Casual Browsers
U04644,101,23,2713.85,90,14,53,0.5660377358490566,7.94,109,1,0.9998,High,Churned
U04645,13,3,72.17,18,15,0,1.0,6.31,33,0,0.0003,Low,Casual Browsers
U04646,21,14,787.37,52,25,13,0.0,8.98,30,0,0.0002,Low,At-Risk Spenders
U04647,19,1,73.76,16,15,0,1.0,6.51,173,0,0.0008,Low,Casual Browsers
U04648,14,10,654.89,69,26,33,0.696969696969697,8.46,14,0,0.0002,Low,At-Risk Spenders
U04649,0,0,0.0,8,8,0,1.0,5.06,30,0,0.0002,Low,Casual Browsers
U04650,29,0,0.0,13,12,1,1.0,8.67,59,0,0.0003,Low,Casual Browsers
U04651,91,2,84.43,27,21,4,0.5,9.37,159,1,0.9996,High,Churned
U04652,29,0,0.0,5,5,0,1.0,3.12,59,0,0.0003,Low,Casual Browsers
U04653,19,16,885.5,71,40,15,0.0,8.0,24,0,0.0002,Low,At-Risk Spenders
U04654,4,1,27.78,28,27,0,1.0,7.16,37,0,0.0003,Low,Casual Browsers
U04655,13,1,14.5,12,8,3,0.6666666666666667,5.73,174,0,0.0006,Low,Casual Browsers
U04656,16,1,32.15,11,9,1,0.0,8.47,116,0,0.0008,Low,At-Risk Spenders
U04657,23,8,542.7,54,31,15,0.4666666666666667,6.72,23,0,0.0002,Low,At-Risk Spenders
U04658,9,6,520.0,62,34,22,0.7272727272727273,8.79,36,0,0.0004,Low,At-Risk Spenders
U04659,26,0,0.0,15,14,1,1.0,11.63,56,0,0.0003,Low,Casual Browsers
U04660,27,9,613.67,45,21,15,0.4,8.46,38,0,0.0005,Low,At-Risk Spenders
U04661,16,1,21.99,20,14,5,0.8,7.79,175,0,0.0006,Low,Casual Browsers
U04662,5,0,0.0,22,18,4,1.0,5.67,35,0,0.0002,Low,Casual Browsers
U04663,7,0,0.0,8,8,0,1.0,12.76,37,0,0.0002,Low,Casual Browsers
U04664,3,0,0.0,14,14,0,1.0,6.03,33,0,0.0002,Low,Casual Browsers
U04665,29,51,6502.53,184,32,101,0.495049504950495,8.2,29,0,0.0002,Low,High-Value Loyalists
U04666,3,2,148.67,17,14,1,0.0,7.42,64,0,0.0005,Low,At-Risk Spenders
U04667,80,4,144.03,22,16,2,0.0,7.65,80,1,0.9997,High,Churned
U04668,7,7,360.96,35,21,7,0.0,9.64,24,0,0.0002,Low,At-Risk Spenders
U04669,0,11,590.0,50,23,16,0.3125,7.8,4,0,0.0002,Low,At-Risk Spenders
U04670,23,11,822.23,71,38,22,0.5,7.62,23,0,0.0002,Low,At-Risk Spenders
U04671,27,13,776.78,57,32,12,0.0,7.74,28,0,0.0002,Low,At-Risk Spenders
U04672,15,42,4981.27,123,17,64,0.34375,8.25,15,0,0.0002,Low,High-Value Loyalists
U04673,18,2,61.87,23,17,4,0.5,11.46,26,0,0.0002,Low,At-Risk Spenders
U04674,117,6,285.04,70,40,24,0.75,8.48,117,1,0.9997,High,Churned
U04675,7,1,12.09,13,12,0,1.0,5.72,57,0,0.0004,Low,Casual Browsers
U04676,24,0,0.0,16,14,2,1.0,7.79,54,0,0.0002,Low,Casual Browsers
U04677,84,0,0.0,14,13,1,1.0,7.49,114,1,0.9998,High,Churned
U04678,3,0,0.0,7,7,0,1.0,10.71,33,0,0.0002,Low,Casual Browsers
U04679,5,28,4022.98,113,17,68,0.5882352941176471,7.08,7,0,0.0002,Low,High-Value Loyalists
U04680,22,0,0.0,29,28,1,1.0,7.55,52,0,0.0003,Low,Casual Browsers
U04681,13,0,0.0,4,3,1,1.0,11.48,43,0,0.0002,Low,Casual Browsers
U04682,6,2,99.4,22,17,3,0.3333333333333333,8.88,91,0,0.0009,Low,At-Risk Spenders
U04683,23,6,473.5,54,33,15,0.6,7.1,49,0,0.0005,Low,At-Risk Spenders
U04684,12,15,1085.2,68,32,21,0.2857142857142857,8.79,43,0,0.0006,Low,At-Risk Spenders
U04685,3,0,0.0,11,11,0,1.0,8.14,33,0,0.0002,Low,Casual Browsers
U04686,28,3,169.91,21,15,3,0.0,8.69,28,0,0.0002,Low,At-Risk Spenders
U04687,68,6,414.78,32,17,9,0.3333333333333333,8.97,76,1,0.9997,High,Churned
U04688,96,36,5873.05,110,17,57,0.368421052631579,8.19,97,1,0.9998,High,Churned
U04689,1,9,448.05,43,21,13,0.3076923076923077,7.88,53,0,0.0008,Low,At-Risk Spenders
U04690,25,0,0.0,6,6,0,1.0,8.38,55,0,0.0003,Low,Casual Browsers
U04691,28,11,972.04,72,38,23,0.5217391304347826,7.7,48,0,0.0006,Low,At-Risk Spenders
U04692,19,1,27.39,25,19,5,0.8,9.18,95,0,0.0007,Low,Casual Browsers
U04693,18,14,804.1,63,32,17,0.1764705882352941,8.12,26,0,0.0002,Low,At-Risk Spenders
U04694,29,0,0.0,21,18,3,1.0,6.57,59,0,0.0003,Low,Casual Browsers
U04695,25,0,0.0,3,3,0,1.0,3.73,55,0,0.0002,Low,Casual Browsers
U04696,29,1,81.92,25,23,1,0.0,8.9,29,0,0.0002,Low,At-Risk Spenders
U04697,29,0,0.0,11,11,0,1.0,7.67,59,0,0.0003,Low,Casual Browsers
U04698,5,9,608.05,69,39,21,0.5714285714285714,7.55,8,0,0.0002,Low,At-Risk Spenders
U04699,42,0,0.0,11,11,0,1.0,8.09,72,1,0.9998,High,Churned
U04700,7,2,34.73,27,22,3,0.3333333333333333,6.51,154,0,0.0008,Low,At-Risk Spenders
U04701,15,5,407.52,41,18,18,0.7222222222222222,8.3,21,0,0.0002,Low,Casual Browsers
U04702,54,55,7712.11,195,28,112,0.5089285714285714,7.4,55,1,0.9997,High,Churned
U04703,15,2,87.1,22,16,4,0.5,7.31,174,0,0.0006,Low,At-Risk Spenders
U04704,29,0,0.0,10,10,0,1.0,6.22,59,0,0.0003,Low,Casual Browsers
U04705,29,1,53.73,21,16,4,0.75,10.0,151,0,0.0008,Low,Casual Browsers
U04706,13,4,296.62,36,16,16,0.75,7.87,54,0,0.0006,Low,Casual Browsers
U04707,21,0,0.0,11,8,3,1.0,11.95,51,0,0.0002,Low,Casual Browsers
U04708,15,0,0.0,9,9,0,1.0,10.22,45,0,0.0002,Low,Casual Browsers
U04709,17,0,0.0,9,9,0,1.0,7.68,47,0,0.0002,Low,Casual Browsers
U04710,20,0,0.0,7,7,0,1.0,11.0,50,0,0.0002,Low,Casual Browsers
U04711,10,2,27.47,16,12,2,0.0,6.46,27,0,0.0002,Low,At-Risk Spenders
U04712,5,17,941.44,73,37,19,0.1052631578947368,8.05,6,0,0.0002,Low,At-Risk Spenders
U04713,2,12,1068.77,70,36,22,0.4545454545454546,8.38,2,0,0.0002,Low,At-Risk Spenders
U04714,28,0,0.0,3,3,0,1.0,5.33,58,0,0.0003,Low,Casual Browsers
U04715,1,0,0.0,5,5,0,1.0,10.24,31,0,0.0002,Low,Casual Browsers
U04716,6,0,0.0,18,16,2,1.0,9.2,36,0,0.0002,Low,Casual Browsers
U04717,19,4,272.62,32,19,9,0.5555555555555556,7.54,50,0,0.0005,Low,At-Risk Spenders
U04718,20,28,3299.68,109,17,64,0.5625,7.37,20,0,0.0002,Low,High-Value Loyalists
U04719,10,6,467.54,46,29,11,0.4545454545454546,8.1,10,0,0.0002,Low,At-Risk Spenders
U04720,26,5,520.37,45,27,13,0.6153846153846154,8.1,88,0,0.0015,Low,At-Risk Spenders
U04721,23,2,50.2,15,11,2,0.0,7.9,43,0,0.0003,Low,At-Risk Spenders
U04722,86,12,855.41,69,33,24,0.5,6.04,86,1,0.9998,High,Churned
U04723,6,8,538.95,30,13,9,0.1111111111111111,6.77,6,0,0.0002,Low,At-Risk Spenders
U04724,11,0,0.0,5,4,1,1.0,6.42,41,0,0.0002,Low,Casual Browsers
U04725,11,4,265.0,35,17,14,0.7142857142857143,8.17,22,0,0.0002,Low,Casual Browsers
U04726,65,3,88.56,19,14,2,0.0,7.9,112,1,0.9996,High,Churned
U04727,18,16,1101.97,69,34,19,0.1578947368421053,6.78,18,0,0.0002,Low,At-Risk Spenders
U04728,8,13,768.99,60,32,15,0.1333333333333333,8.6,8,0,0.0002,Low,At-Risk Spenders
U04729,22,0,0.0,8,7,1,1.0,10.78,52,0,0.0002,Low,Casual Browsers
U04730,10,0,0.0,3,3,0,1.0,9.73,40,0,0.0002,Low,Casual Browsers
U04731,83,5,186.63,30,17,8,0.375,10.2,89,1,0.9997,High,Churned
U04732,110,1,63.36,22,17,4,0.75,10.0,162,1,0.9995,High,Churned
U04733,28,4,215.88,29,25,0,1.0,6.98,103,0,0.001,Low,Casual Browsers
U04734,18,0,0.0,14,14,0,1.0,9.3,48,0,0.0002,Low,Casual Browsers
U04735,10,14,769.64,50,19,17,0.1764705882352941,9.4,19,0,0.0002,Low,At-Risk Spenders
U04736,117,17,1069.79,71,35,19,0.1052631578947368,7.89,119,1,0.9998,High,Churned
U04737,23,33,4958.8,109,17,59,0.4406779661016949,6.92,23,0,0.0002,Low,High-Value Loyalists
U04738,25,3,114.0,20,15,2,0.0,7.52,33,0,0.0003,Low,At-Risk Spenders
U04739,11,0,0.0,8,8,0,1.0,7.52,41,0,0.0002,Low,Casual Browsers
U04740,26,1,12.3,8,7,0,1.0,8.69,63,0,0.0005,Low,Casual Browsers
U04741,17,4,190.03,23,18,1,0.0,8.74,108,0,0.0013,Low,At-Risk Spenders
U04742,81,1,23.01,10,6,3,0.6666666666666667,5.48,81,1,0.9995,High,Churned
U04743,32,31,4882.85,111,16,64,0.515625,9.01,34,1,0.9993,High,Churned
U04744,2,2,72.36,23,17,4,0.5,9.62,21,0,0.0002,Low,At-Risk Spenders
U04745,18,0,0.0,15,13,2,1.0,5.0,48,0,0.0002,Low,Casual Browsers
U04746,77,51,7236.78,149,16,82,0.3780487804878049,7.26,77,1,0.9997,High,Churned
U04747,0,36,4954.08,101,17,48,0.25,8.94,2,0,0.0002,Low,High-Value Loyalists
U04748,97,0,0.0,12,11,1,1.0,7.96,127,1,0.9998,High,Churned
U04749,22,14,816.61,69,37,18,0.2222222222222222,7.55,33,0,0.0004,Low,At-Risk Spenders
U04750,27,0,0.0,12,10,2,1.0,8.85,57,0,0.0003,Low,Casual Browsers
U04751,5,1,18.81,6,5,0,1.0,10.85,138,0,0.0008,Low,Casual Browsers
U04752,25,0,0.0,10,10,0,1.0,5.11,55,0,0.0003,Low,Casual Browsers
U04753,20,0,0.0,3,3,0,1.0,2.83,50,0,0.0002,Low,Casual Browsers
U04754,24,0,0.0,3,3,0,1.0,4.77,54,0,0.0002,Low,Casual Browsers
U04755,20,10,816.24,63,30,23,0.5652173913043479,7.03,20,0,0.0002,Low,At-Risk Spenders
U04756,1,43,5869.91,148,25,80,0.4625,8.55,1,0,0.0002,Low,High-Value Loyalists
U04757,55,9,605.54,77,40,28,0.6785714285714286,9.06,77,1,0.9997,High,Churned
U04758,10,0,0.0,9,8,1,1.0,9.28,40,0,0.0002,Low,Casual Browsers
U04759,9,2,75.43,27,20,5,0.6,7.56,92,0,0.0008,Low,At-Risk Spenders
U04760,5,10,636.14,48,26,12,0.1666666666666666,7.53,19,0,0.0002,Low,At-Risk Spenders
U04761,28,27,4230.94,111,31,53,0.490566037735849,9.39,28,0,0.0002,Low,High-Value Loyalists
U04762,28,12,873.19,66,29,25,0.52,6.8,32,0,0.0004,Low,At-Risk Spenders
U04763,13,1,54.39,13,12,0,1.0,10.5,172,0,0.0008,Low,Casual Browsers
U04764,27,3,79.77,28,22,3,0.0,5.92,41,0,0.0003,Low,At-Risk Spenders
U04765,8,16,1115.7,77,34,27,0.4074074074074074,8.7,26,0,0.0002,Low,At-Risk Spenders
U04766,10,1,36.6,20,19,0,1.0,9.61,10,0,0.0002,Low,Casual Browsers
U04767,6,11,584.41,75,38,26,0.5769230769230769,6.13,8,0,0.0002,Low,At-Risk Spenders
U04768,39,0,0.0,12,12,0,1.0,7.62,69,1,0.9998,High,Churned
U04769,8,1,18.05,19,18,0,1.0,8.87,164,0,0.0008,Low,Casual Browsers
U04770,16,26,3455.87,87,11,50,0.48,8.9,26,0,0.0002,Low,High-Value Loyalists
U04771,36,10,727.78,66,36,20,0.5,6.89,36,1,0.9992,High,Churned
U04772,10,3,131.43,17,12,2,0.0,10.1,10,0,0.0002,Low,At-Risk Spenders
U04773,7,1,17.07,9,7,1,0.0,10.8,49,0,0.0004,Low,At-Risk Spenders
U04774,23,0,0.0,7,7,0,1.0,6.37,53,0,0.0002,Low,Casual Browsers
U04775,9,0,0.0,12,12,0,1.0,12.47,39,0,0.0002,Low,Casual Browsers
U04776,15,0,0.0,9,9,0,1.0,4.14,45,0,0.0002,Low,Casual Browsers
U04777,34,12,995.53,68,30,26,0.5384615384615384,8.02,37,1,0.9993,High,Churned
U04778,14,10,950.96,78,43,25,0.6,8.4,14,0,0.0002,Low,At-Risk Spenders
U04779,20,4,219.13,27,20,3,0.0,8.89,39,0,0.0003,Low,At-Risk Spenders
U04780,7,2,84.38,13,7,4,0.5,7.17,15,0,0.0002,Low,At-Risk Spenders
U04781,119,1,74.61,25,22,2,0.5,9.46,158,1,0.9995,High,Churned
U04782,12,3,92.61,26,19,4,0.25,8.19,33,0,0.0003,Low,At-Risk Spenders
U04783,9,2,145.6,17,12,3,0.3333333333333333,7.58,107,0,0.001,Low,At-Risk Spenders
U04784,28,18,1131.2,77,37,22,0.1818181818181817,9.61,28,0,0.0002,Low,At-Risk Spenders
U04785,6,0,0.0,6,6,0,1.0,8.17,36,0,0.0002,Low,Casual Browsers
U04786,18,12,673.64,71,38,21,0.4285714285714286,8.51,19,0,0.0002,Low,At-Risk Spenders
U04787,23,1,28.93,24,17,6,0.8333333333333334,15.06,105,0,0.0008,Low,Casual Browsers
U04788,6,1,30.52,10,8,1,0.0,12.82,24,0,0.0002,Low,At-Risk Spenders
U04789,14,9,432.18,75,40,26,0.6538461538461539,8.87,64,0,0.0012,Low,At-Risk Spenders
U04790,20,5,533.14,50,25,20,0.75,7.1,58,0,0.0007,Low,Casual Browsers
U04791,82,0,0.0,8,7,1,1.0,6.95,112,1,0.9998,High,Churned
U04792,24,48,6273.49,153,30,75,0.36,7.29,26,0,0.0002,Low,High-Value Loyalists
U04793,76,7,516.9,35,18,10,0.3,10.72,91,1,0.9997,High,Churned
U04794,0,1,106.5,15,11,3,0.6666666666666667,9.39,0,0,0.0002,Low,Casual Browsers
U04795,24,0,0.0,19,15,4,1.0,7.68,54,0,0.0002,Low,Casual Browsers
U04796,28,0,0.0,22,19,3,1.0,8.71,58,0,0.0003,Low,Casual Browsers
U04797,6,1,62.95,24,23,0,1.0,7.06,58,0,0.0005,Low,Casual Browsers
U04798,19,7,325.46,40,19,14,0.5,8.56,19,0,0.0002,Low,At-Risk Spenders
U04799,94,24,3702.35,88,12,52,0.5384615384615384,6.03,97,1,0.9998,High,Churned
U04800,0,0,0.0,8,8,0,1.0,11.78,30,0,0.0002,Low,Casual Browsers
U04801,75,0,0.0,23,19,4,1.0,11.06,105,1,0.9998,High,Churned
U04802,83,2,56.7,27,23,2,0.0,8.5,83,1,0.9995,High,Churned
U04803,26,2,33.6,23,19,2,0.0,11.05,136,0,0.0008,Low,At-Risk Spenders
U04804,10,2,53.07,19,14,3,0.3333333333333333,8.91,30,0,0.0002,Low,At-Risk Spenders
U04805,10,0,0.0,9,9,0,1.0,5.46,40,0,0.0002,Low,Casual Browsers
U04806,17,0,0.0,5,3,2,1.0,2.62,47,0,0.0002,Low,Casual Browsers
U04807,75,36,5394.68,143,28,79,0.5443037974683544,7.14,76,1,0.9997,High,Churned
U04808,26,3,124.59,18,13,2,0.0,6.59,85,0,0.0009,Low,At-Risk Spenders
U04809,2,2,27.38,26,22,2,0.0,7.26,69,0,0.0005,Low,At-Risk Spenders
U04810,8,0,0.0,12,12,0,1.0,7.89,38,0,0.0002,Low,Casual Browsers
U04811,27,0,0.0,3,3,0,1.0,9.37,57,0,0.0002,Low,Casual Browsers
U04812,17,10,464.94,69,36,23,0.5652173913043479,10.56,33,0,0.0004,Low,At-Risk Spenders
U04813,89,1,25.8,15,13,1,0.0,6.91,170,1,0.9995,High,Churned
U04814,28,7,379.64,46,23,16,0.5625,6.14,28,0,0.0002,Low,At-Risk Spenders
U04815,17,63,8313.11,180,29,88,0.284090909090909,8.2,25,0,0.0002,Low,High-Value Loyalists
U04816,1,0,0.0,4,3,1,1.0,6.9,31,0,0.0002,Low,Casual Browsers
U04817,0,1,20.8,14,11,2,0.5,8.64,126,0,0.0008,Low,At-Risk Spenders
U04818,11,8,535.65,67,33,26,0.6923076923076923,6.88,38,0,0.0004,Low,At-Risk Spenders
U04819,27,10,814.67,37,17,10,0.0,9.46,27,0,0.0002,Low,At-Risk Spenders
U04820,13,10,526.86,39,16,13,0.2307692307692307,8.05,51,0,0.0007,Low,At-Risk Spenders
U04821,27,1,40.32,15,13,1,0.0,5.77,70,0,0.0004,Low,At-Risk Spenders
U04822,22,3,99.23,14,9,2,0.0,5.93,24,0,0.0002,Low,At-Risk Spenders
U04823,11,0,0.0,12,11,1,1.0,7.35,41,0,0.0002,Low,Casual Browsers
U04824,23,0,0.0,10,9,1,1.0,11.13,53,0,0.0003,Low,Casual Browsers
U04825,19,0,0.0,14,14,0,1.0,5.6,49,0,0.0002,Low,Casual Browsers
U04826,23,0,0.0,7,7,0,1.0,6.63,53,0,0.0002,Low,Casual Browsers
U04827,12,0,0.0,3,3,0,1.0,8.9,42,0,0.0002,Low,Casual Browsers
U04828,24,40,4774.61,137,28,69,0.4202898550724637,9.12,24,0,0.0002,Low,High-Value Loyalists
U04829,27,0,0.0,15,13,2,1.0,9.2,57,0,0.0003,Low,Casual Browsers
U04830,4,8,432.62,47,22,17,0.5294117647058824,10.22,8,0,0.0002,Low,At-Risk Spenders
U04831,7,0,0.0,8,8,0,1.0,6.55,37,0,0.0002,Low,Casual Browsers
U04832,16,0,0.0,20,17,3,1.0,8.72,46,0,0.0002,Low,Casual Browsers
U04833,13,2,72.42,21,14,5,0.6,7.88,13,0,0.0002,Low,Casual Browsers
U04834,17,1,38.19,22,19,2,0.5,8.11,39,0,0.0003,Low,At-Risk Spenders
U04835,26,10,599.83,46,20,16,0.375,7.46,28,0,0.0002,Low,At-Risk Spenders
U04836,32,0,0.0,3,3,0,1.0,14.63,62,1,0.9998,High,Churned
U04837,9,39,4444.1,134,16,79,0.5063291139240507,9.02,9,0,0.0002,Low,High-Value Loyalists
U04838,19,13,711.57,76,32,31,0.5806451612903225,9.56,26,0,0.0002,Low,At-Risk Spenders
U04839,112,1,45.9,23,21,1,0.0,8.17,160,1,0.9995,High,Churned
U04840,7,0,0.0,4,3,1,1.0,6.0,37,0,0.0002,Low,Casual Browsers
U04841,11,0,0.0,24,21,3,1.0,8.4,41,0,0.0002,Low,Casual Browsers
U04842,5,5,300.44,28,18,5,0.0,7.3,5,0,0.0002,Low,At-Risk Spenders
U04843,12,8,451.91,46,24,14,0.4285714285714286,6.81,74,0,0.0014,Low,At-Risk Spenders
U04844,60,52,7069.17,187,36,99,0.4747474747474747,8.2,60,1,0.9997,High,Churned
U04845,19,7,451.7,53,21,25,0.72,10.56,44,0,0.0004,Low,At-Risk Spenders
U04846,7,65,9148.1,177,24,88,0.2613636363636363,7.7,7,0,0.0002,Low,High-Value Loyalists
U04847,21,0,0.0,24,20,4,1.0,6.8,51,0,0.0002,Low,Casual Browsers
U04848,114,0,0.0,10,9,1,1.0,8.4,144,1,0.9998,High,Churned
U04849,12,5,429.21,53,27,21,0.7619047619047619,7.78,23,0,0.0002,Low,Casual Browsers
U04850,77,0,0.0,12,12,0,1.0,11.97,107,1,0.9998,High,Churned
U04851,6,6,527.71,41,20,15,0.6,8.54,21,0,0.0002,Low,At-Risk Spenders
U04852,17,13,731.85,66,40,13,0.0,8.85,26,0,0.0002,Low,At-Risk Spenders
U04853,8,2,117.78,14,10,2,0.0,5.92,63,0,0.0005,Low,At-Risk Spenders
U04854,15,3,51.02,27,21,3,0.0,7.55,20,0,0.0002,Low,At-Risk Spenders
U04855,23,0,0.0,14,11,3,1.0,8.86,53,0,0.0003,Low,Casual Browsers
U04856,26,7,458.93,45,23,15,0.5333333333333333,6.76,61,0,0.001,Low,At-Risk Spenders
U04857,35,2,64.04,20,16,2,0.0,8.32,104,1,0.9995,High,Churned
U04858,29,1,9.07,21,17,3,0.6666666666666667,8.51,29,0,0.0002,Low,Casual Browsers
U04859,24,0,0.0,7,7,0,1.0,3.41,54,0,0.0002,Low,Casual Browsers
U04860,16,10,690.06,65,32,23,0.5652173913043479,7.32,20,0,0.0002,Low,At-Risk Spenders
U04861,8,9,544.93,50,25,16,0.4375,8.03,8,0,0.0002,Low,At-Risk Spenders
U04862,20,3,160.95,27,20,4,0.25,7.64,25,0,0.0002,Low,At-Risk Spenders
U04863,89,0,0.0,13,8,5,1.0,8.85,119,1,0.9998,High,Churned
U04864,5,1,47.89,8,7,0,1.0,16.82,59,0,0.0004,Low,Casual Browsers
U04865,8,1,52.25,3,2,0,1.0,11.03,167,0,0.0007,Low,Casual Browsers
U04866,6,11,1053.4,35,13,11,0.0,11.19,11,0,0.0002,Low,At-Risk Spenders
U04867,10,1,14.78,11,10,0,1.0,9.98,16,0,0.0002,Low,Casual Browsers
U04868,98,2,66.05,20,15,3,0.3333333333333333,6.93,144,1,0.9995,High,Churned
U04869,4,8,417.25,74,33,33,0.7575757575757576,10.1,6,0,0.0002,Low,At-Risk Spenders
U04870,26,3,75.92,24,13,8,0.625,11.3,60,0,0.0006,Low,Casual Browsers
U04871,1,1,31.83,18,15,2,0.5,3.17,44,0,0.0003,Low,At-Risk Spenders
U04872,113,49,5500.08,136,22,65,0.2461538461538461,7.6,113,1,0.9998,High,Churned
U04873,18,0,0.0,17,11,6,1.0,9.06,48,0,0.0003,Low,Casual Browsers
U04874,9,12,851.0,57,31,14,0.1428571428571429,8.55,24,0,0.0002,Low,At-Risk Spenders
U04875,4,0,0.0,5,5,0,1.0,9.78,34,0,0.0002,Low,Casual Browsers
U04876,15,23,2711.06,104,17,64,0.640625,9.28,23,0,0.0002,Low,At-Risk Spenders
U04877,28,7,743.7,59,36,16,0.5625,8.43,65,0,0.0011,Low,At-Risk Spenders
U04878,12,2,56.88,14,12,0,1.0,7.33,31,0,0.0002,Low,Casual Browsers
U04879,7,0,0.0,10,9,1,1.0,9.07,37,0,0.0002,Low,Casual Browsers
U04880,23,0,0.0,6,6,0,1.0,12.12,53,0,0.0003,Low,Casual Browsers
U04881,7,1,21.21,17,14,2,0.5,11.91,121,0,0.0008,Low,At-Risk Spenders
U04882,9,28,3713.05,84,24,32,0.125,8.64,9,0,0.0002,Low,High-Value Loyalists
U04883,1,1,22.51,15,11,3,0.6666666666666667,5.08,19,0,0.0002,Low,Casual Browsers
U04884,21,1,30.78,13,11,1,0.0,4.22,67,0,0.0004,Low,At-Risk Spenders
U04885,89,0,0.0,12,12,0,1.0,5.44,119,1,0.9998,High,Churned
U04886,1,3,78.1,27,17,7,0.5714285714285714,6.89,10,0,0.0002,Low,At-Risk Spenders
U04887,7,0,0.0,13,11,2,1.0,7.65,37,0,0.0002,Low,Casual Browsers
U04888,9,16,820.68,64,29,19,0.1578947368421053,7.52,34,0,0.0005,Low,At-Risk Spenders
U04889,43,0,0.0,22,17,5,1.0,11.45,73,1,0.9998,High,Churned
U04890,4,5,176.97,28,22,1,0.0,6.36,16,0,0.0002,Low,At-Risk Spenders
U04891,0,0,0.0,12,12,0,1.0,3.73,30,0,0.0002,Low,Casual Browsers
U04892,52,1,23.57,7,6,0,1.0,8.99,155,1,0.9995,High,Churned
U04893,21,1,17.69,8,7,0,1.0,5.19,119,0,0.0008,Low,Casual Browsers
U04894,13,0,0.0,13,12,1,1.0,6.52,43,0,0.0002,Low,Casual Browsers
U04895,14,5,415.69,47,27,15,0.6666666666666667,6.24,30,0,0.0002,Low,At-Risk Spenders
U04896,70,1,10.64,8,7,0,1.0,14.82,84,1,0.9995,High,Churned
U04897,86,3,111.69,27,22,2,0.0,6.07,94,1,0.9996,High,Churned
U04898,24,12,626.08,71,37,22,0.4545454545454546,7.16,24,0,0.0002,Low,At-Risk Spenders
U04899,102,5,277.3,36,19,12,0.5833333333333333,7.88,147,1,0.9997,High,Churned
U04900,21,0,0.0,5,5,0,1.0,5.12,51,0,0.0002,Low,Casual Browsers
U04901,65,1,27.52,21,17,3,0.6666666666666667,7.78,154,1,0.9995,High,Churned
U04902,24,1,10.6,13,11,1,0.0,7.26,91,0,0.0008,Low,At-Risk Spenders
U04903,65,3,122.46,19,13,3,0.0,4.66,82,1,0.9996,High,Churned
U04904,25,17,1044.39,73,25,31,0.4516129032258065,8.57,27,0,0.0002,Low,At-Risk Spenders
U04905,4,32,5147.4,133,15,86,0.627906976744186,7.7,9,0,0.0002,Low,High-Value Loyalists
U04906,13,9,463.23,59,33,17,0.4705882352941176,11.34,21,0,0.0002,Low,At-Risk Spenders
U04907,8,14,942.7,79,36,29,0.5172413793103448,7.08,8,0,0.0002,Low,At-Risk Spenders
U04908,27,2,23.96,17,13,2,0.0,8.94,91,0,0.0008,Low,At-Risk Spenders
U04909,23,59,7195.55,181,17,105,0.4380952380952381,8.52,23,0,0.0002,Low,High-Value Loyalists
U04910,14,41,5360.08,140,29,70,0.4142857142857142,7.91,14,0,0.0002,Low,High-Value Loyalists
U04911,18,8,607.09,48,20,20,0.6,7.54,32,0,0.0003,Low,At-Risk Spenders
U04912,28,4,329.14,41,28,9,0.5555555555555556,8.55,28,0,0.0002,Low,At-Risk Spenders
U04913,8,1,43.35,26,22,3,0.6666666666666667,5.59,11,0,0.0002,Low,Casual Browsers
U04914,1,0,0.0,4,4,0,1.0,7.35,31,0,0.0002,Low,Casual Browsers
U04915,27,2,150.84,35,17,16,0.875,8.35,101,0,0.001,Low,Casual Browsers
U04916,29,0,0.0,5,5,0,1.0,3.7,59,0,0.0002,Low,Casual Browsers
U04917,18,1,11.36,17,13,3,0.6666666666666667,7.82,65,0,0.0004,Low,Casual Browsers
U04918,21,1,14.52,17,13,3,0.6666666666666667,11.03,87,0,0.0007,Low,Casual Browsers
U04919,28,16,828.58,68,32,20,0.1999999999999999,9.76,29,0,0.0002,Low,At-Risk Spenders
U04920,19,27,3607.4,95,14,54,0.5,7.68,20,0,0.0002,Low,High-Value Loyalists
U04921,21,1,41.29,17,15,1,0.0,7.36,115,0,0.0008,Low,At-Risk Spenders
U04922,6,2,37.86,19,14,3,0.3333333333333333,6.47,73,0,0.0005,Low,At-Risk Spenders
U04923,6,0,0.0,4,4,0,1.0,8.5,36,0,0.0002,Low,Casual Browsers
U04924,3,10,566.64,54,28,16,0.375,7.13,45,0,0.0005,Low,At-Risk Spenders
U04925,63,51,7064.19,149,25,73,0.3013698630136986,7.8,63,1,0.9997,High,Churned
U04926,28,31,3971.03,115,23,61,0.4918032786885246,7.81,32,0,0.0004,Low,High-Value Loyalists
U04927,4,5,316.59,79,45,29,0.8275862068965517,7.6,58,0,0.0007,Low,Casual Browsers
U04928,29,1,41.61,13,9,3,0.6666666666666667,5.94,34,0,0.0003,Low,Casual Browsers
U04929,22,2,191.33,15,10,3,0.3333333333333333,10.29,90,0,0.001,Low,At-Risk Spenders
U04930,22,21,1221.57,75,39,15,0.0,8.17,22,0,0.0002,Low,At-Risk Spenders
U04931,1,2,52.64,10,5,3,0.3333333333333333,8.07,96,0,0.0008,Low,At-Risk Spenders
U04932,3,0,0.0,23,19,4,1.0,7.56,33,0,0.0002,Low,Casual Browsers
U04933,4,6,351.06,35,20,9,0.3333333333333333,6.22,5,0,0.0002,Low,At-Risk Spenders
U04934,21,10,630.34,53,27,16,0.375,6.94,21,0,0.0002,Low,At-Risk Spenders
U04935,25,2,53.63,22,17,3,0.3333333333333333,6.72,95,0,0.0008,Low,At-Risk Spenders
U04936,1,1,18.62,13,11,1,0.0,6.53,130,0,0.0008,Low,At-Risk Spenders
U04937,4,2,72.97,11,9,0,1.0,8.8,116,0,0.0008,Low,Casual Browsers
U04938,1,7,453.89,37,17,13,0.4615384615384615,7.94,1,0,0.0002,Low,At-Risk Spenders
U04939,9,0,0.0,7,6,1,1.0,10.16,39,0,0.0002,Low,Casual Browsers
U04940,9,18,2998.1,91,15,58,0.6896551724137931,7.11,10,0,0.0002,Low,At-Risk Spenders
U04941,1,0,0.0,6,6,0,1.0,7.05,31,0,0.0002,Low,Casual Browsers
U04942,22,19,1330.27,62,30,13,0.0,6.64,22,0,0.0002,Low,At-Risk Spenders
U04943,24,53,7108.33,155,23,79,0.3291139240506329,7.95,26,0,0.0002,Low,High-Value Loyalists
U04944,3,25,3502.49,120,22,73,0.6575342465753424,7.28,14,0,0.0002,Low,High-Value Loyalists
U04945,21,0,0.0,11,11,0,1.0,5.98,51,0,0.0002,Low,Casual Browsers
U04946,28,0,0.0,8,8,0,1.0,8.22,58,0,0.0003,Low,Casual Browsers
U04947,3,0,0.0,27,21,6,1.0,7.2,33,0,0.0003,Low,Casual Browsers
U04948,27,10,581.73,42,20,12,0.1666666666666666,7.72,48,0,0.0006,Low,At-Risk Spenders
U04949,9,0,0.0,5,5,0,1.0,10.08,39,0,0.0002,Low,Casual Browsers
U04950,7,12,608.38,52,25,15,0.1999999999999999,7.87,22,0,0.0002,Low,At-Risk Spenders
U04951,7,1,42.06,10,7,2,0.5,6.63,75,0,0.0005,Low,At-Risk Spenders
U04952,72,11,563.62,53,24,18,0.3888888888888888,9.74,74,1,0.9997,High,Churned
U04953,19,32,3890.69,140,30,78,0.5897435897435898,6.62,21,0,0.0002,Low,High-Value Loyalists
U04954,25,0,0.0,12,12,0,1.0,9.49,55,0,0.0003,Low,Casual Browsers
U04955,9,0,0.0,5,5,0,1.0,9.18,39,0,0.0002,Low,Casual Browsers
U04956,5,4,234.27,25,19,2,0.0,11.51,70,0,0.0009,Low,At-Risk Spenders
U04957,7,15,699.05,69,37,17,0.1176470588235294,9.33,7,0,0.0002,Low,At-Risk Spenders
U04958,5,0,0.0,7,7,0,1.0,4.67,35,0,0.0002,Low,Casual Browsers
U04959,15,1,8.38,10,9,0,1.0,7.82,124,0,0.0008,Low,Casual Browsers
U04960,17,1,26.26,22,18,3,0.6666666666666667,6.68,125,0,0.0008,Low,Casual Browsers
U04961,11,13,1045.69,65,31,21,0.3809523809523809,8.27,11,0,0.0002,Low,At-Risk Spenders
U04962,14,44,5925.47,136,19,73,0.3972602739726028,7.55,17,0,0.0002,Low,High-Value Loyalists
U04963,19,13,971.86,50,19,18,0.2777777777777778,9.18,19,0,0.0002,Low,At-Risk Spenders
U04964,23,7,457.92,49,27,15,0.5333333333333333,8.28,23,0,0.0002,Low,At-Risk Spenders
U04965,24,2,20.85,15,13,0,1.0,5.68,60,0,0.0004,Low,Casual Browsers
U04966,22,0,0.0,16,12,4,1.0,6.87,52,0,0.0002,Low,Casual Browsers
U04967,6,0,0.0,14,13,1,1.0,7.89,36,0,0.0002,Low,Casual Browsers
U04968,11,1,13.78,26,20,5,0.8,10.62,54,0,0.0004,Low,Casual Browsers
U04969,0,1,24.93,13,8,4,0.75,8.31,149,0,0.0008,Low,Casual Browsers
U04970,5,8,322.8,37,18,11,0.2727272727272727,9.94,5,0,0.0002,Low,At-Risk Spenders
U04971,9,1,19.83,17,13,3,0.6666666666666667,10.73,106,0,0.0008,Low,Casual Browsers
U04972,22,0,0.0,7,7,0,1.0,5.07,52,0,0.0002,Low,Casual Browsers
U04973,0,35,5292.44,135,26,74,0.527027027027027,9.41,1,0,0.0002,Low,High-Value Loyalists
U04974,4,1,15.79,18,15,2,0.5,12.91,157,0,0.0008,Low,At-Risk Spenders
U04975,18,7,399.77,38,19,12,0.4166666666666666,6.58,28,0,0.0002,Low,At-Risk Spenders
U04976,20,58,7729.31,173,31,84,0.3095238095238095,8.55,24,0,0.0002,Low,High-Value Loyalists
U04977,69,10,746.71,70,32,28,0.6428571428571428,7.84,81,1,0.9998,High,Churned
U04978,7,2,36.27,20,15,3,0.3333333333333333,4.99,64,0,0.0004,Low,At-Risk Spenders
U04979,92,38,5045.44,136,18,80,0.525,8.18,93,1,0.9998,High,Churned
U04980,75,0,0.0,9,9,0,1.0,4.84,105,1,0.9998,High,Churned
U04981,5,3,214.36,15,9,3,0.0,7.48,32,0,0.0003,Low,At-Risk Spenders
U04982,8,11,1007.87,78,41,26,0.5769230769230769,8.06,10,0,0.0002,Low,At-Risk Spenders
U04983,5,0,0.0,14,13,1,1.0,8.76,35,0,0.0002,Low,Casual Browsers
U04984,2,2,116.53,22,17,3,0.3333333333333333,5.35,5,0,0.0002,Low,At-Risk Spenders
U04985,1,10,696.8,49,21,18,0.4444444444444444,8.26,17,0,0.0002,Low,At-Risk Spenders
U04986,26,0,0.0,7,7,0,1.0,10.01,56,0,0.0003,Low,Casual Browsers
U04987,16,6,269.06,36,15,15,0.6,8.87,16,0,0.0002,Low,At-Risk Spenders
U04988,15,1,20.59,5,4,0,1.0,10.1,167,0,0.0007,Low,Casual Browsers
U04989,2,1,45.37,25,23,1,0.0,9.08,89,0,0.0007,Low,At-Risk Spenders
U04990,22,12,653.33,42,17,13,0.0769230769230768,7.95,36,0,0.0005,Low,At-Risk Spenders
U04991,19,13,846.06,70,36,21,0.3809523809523809,6.36,27,0,0.0002,Low,At-Risk Spenders
U04992,28,0,0.0,14,13,1,1.0,7.4,58,0,0.0003,Low,Casual Browsers
U04993,17,7,514.72,40,18,15,0.5333333333333333,6.63,46,0,0.0005,Low,At-Risk Spenders
U04994,18,1,21.6,14,12,1,0.0,9.37,26,0,0.0002,Low,At-Risk Spenders
U04995,37,30,5110.33,116,27,59,0.4915254237288136,7.93,42,1,0.9995,High,Churned
U04996,5,0,0.0,12,10,2,1.0,5.36,35,0,0.0002,Low,Casual Browsers
U04997,44,2,64.35,11,9,0,1.0,9.76,104,1,0.9995,High,Churned
U04998,19,17,973.71,68,30,21,0.1904761904761904,8.74,41,0,0.0006,Low,At-Risk Spenders
U04999,22,0,0.0,17,13,4,1.0,6.02,52,0,0.0002,Low,Casual Browsers
U05000,11,0,0.0,13,10,3,1.0,6.18,41,0,0.0002,Low,Casual Browsers
